In file included from [01m[K/usr/local/include/pinocchio/fwd.hpp:31[m[K,
                 from [01m[K/home/pth/pth/model/Go2_simulator/src/controls/go2_controller/include/Tools/Pinocchio_Interface.hpp:4[m[K,
                 from [01m[K/home/pth/pth/model/Go2_simulator/src/controls/go2_controller/include/go2_controller.h:39[m[K,
                 from [01m[K/home/pth/pth/model/Go2_simulator/src/controls/go2_controller/include/Tools/TaskSpacePDControl.cpp:1[m[K:
[01m[K/usr/local/include/pinocchio/container/boost-container-limits.hpp:29:6:[m[K [01;31m[Kerror: [m[K#error "You should include pinocchio before the Boost headers (e.g. #include <pinocchio/fwd.hpp>)"
   29 |     #[01;31m[Kerror[m[K                                                                                         \
      |      [01;31m[K^~~~~[m[K
In file included from [01m[K/home/pth/pth/model/Go2_simulator/src/controls/go2_controller/include/Tools/Centroidal_Dynamics.cpp:1[m[K:
[01m[K/home/pth/pth/model/Go2_simulator/src/controls/go2_controller/include/Tools/Centroidal_Dynamics.hpp:76:67:[m[K [01;31m[Kerror: [m[Kexpected ‘[01m[K;[m[K’ at end of member declaration
   76 |     void Set_FKFootPosition(std::array<Eigen::Vector3d, 4> EE_Pose[01;31m[K)[m[K
      |                                                                   [01;31m[K^[m[K
      |                                                                    [32m[K;[m[K
[01m[K/home/pth/pth/model/Go2_simulator/src/controls/go2_controller/include/Tools/Centroidal_Dynamics.hpp:[m[K In member function ‘[01m[KEigen::Vector3d Centroidal_Dynamics::Get_Error_Ori()[m[K’:
[01m[K/home/pth/pth/model/Go2_simulator/src/controls/go2_controller/include/Tools/Centroidal_Dynamics.hpp:148:46:[m[K [01;31m[Kerror: [m[K‘[01m[KErr_Ori[m[K’ was not declared in this scope
  148 |     Eigen::Vector3d Get_Error_Ori() { return [01;31m[KErr_Ori[m[K; };
      |                                              [01;31m[K^~~~~~~[m[K
[01m[K/home/pth/pth/model/Go2_simulator/src/controls/go2_controller/include/Tools/Centroidal_Dynamics.cpp:[m[K In member function ‘[01m[Kvoid Centroidal_Dynamics::Set_RobotState(Eigen::VectorXd, Eigen::VectorXd, Eigen::VectorXd, Eigen::VectorXd, Eigen::VectorXd)[m[K’:
[01m[K/home/pth/pth/model/Go2_simulator/src/controls/go2_controller/include/Tools/Centroidal_Dynamics.cpp:62:15:[m[K [01;31m[Kerror: [m[K‘[01m[KCOM_rpy_[m[K’ was not declared in this scope
   62 |     COM_RPY = [01;31m[KCOM_rpy_[m[K;
      |               [01;31m[K^~~~~~~~[m[K
[01m[K/home/pth/pth/model/Go2_simulator/src/controls/go2_controller/include/Tools/Centroidal_Dynamics.cpp:[m[K In member function ‘[01m[Kvoid Centroidal_Dynamics::Compute_B_Vector(Eigen::Vector3d, Eigen::Matrix3d)[m[K’:
[01m[K/home/pth/pth/model/Go2_simulator/src/controls/go2_controller/include/Tools/Centroidal_Dynamics.cpp:111:5:[m[K [01;31m[Kerror: [m[K‘[01m[KErr_Ori[m[K’ was not declared in this scope
  111 |     [01;31m[KErr_Ori[m[K(0) = Wrap2PI(0.0 - COM_RPY(0));
      |     [01;31m[K^~~~~~~[m[K
[01m[K/home/pth/pth/model/Go2_simulator/src/controls/go2_controller/include/Tools/Centroidal_Dynamics.cpp:119:74:[m[K [01;31m[Kerror: [m[K‘[01m[KCOM_rpy_dot[m[K’ was not declared in this scope; did you mean ‘[01m[KCOM_RPY_dot[m[K’?
  119 |     Eigen::Vector3d COM_RPYdot_ref = (Kp_Ori * Err_Ori - Kd_Ori * R_wb * [01;31m[KCOM_rpy_dot[m[K);
      |                                                                          [01;31m[K^~~~~~~~~~~[m[K
      |                                                                          [32m[KCOM_RPY_dot[m[K
[01m[K/home/pth/pth/model/Go2_simulator/src/controls/go2_controller/include/Tools/Centroidal_Dynamics.cpp:[m[K In member function ‘[01m[Kvoid Centroidal_Dynamics::Set_LinearMatrix()[m[K’:
[01m[K/home/pth/pth/model/Go2_simulator/src/controls/go2_controller/include/Tools/Centroidal_Dynamics.cpp:141:23:[m[K [01;31m[Kerror: [m[K‘[01m[Kleg[m[K’ was not declared in this scope; did you mean ‘[01m[Klog[m[K’?
  141 |     int rowBase = 5 * [01;31m[Kleg[m[K;
      |                       [01;31m[K^~~[m[K
      |                       [32m[Klog[m[K
make[2]: *** [include/Tools/CMakeFiles/Tools.dir/build.make:135: include/Tools/CMakeFiles/Tools.dir/Centroidal_Dynamics.cpp.o] Error 1
make[2]: *** Waiting for unfinished jobs....
In file included from [01m[K/home/pth/pth/model/Go2_simulator/src/controls/go2_controller/include/go2_controller.h:43[m[K,
                 from [01m[K/home/pth/pth/model/Go2_simulator/src/controls/go2_controller/include/Tools/TaskSpacePDControl.cpp:1[m[K:
[01m[K/home/pth/pth/model/Go2_simulator/src/controls/go2_controller/include/Tools/Centroidal_Dynamics.hpp:76:67:[m[K [01;31m[Kerror: [m[Kexpected ‘[01m[K;[m[K’ at end of member declaration
   76 |     void Set_FKFootPosition(std::array<Eigen::Vector3d, 4> EE_Pose[01;31m[K)[m[K
      |                                                                   [01;31m[K^[m[K
      |                                                                    [32m[K;[m[K
[01m[K/home/pth/pth/model/Go2_simulator/src/controls/go2_controller/include/Tools/Centroidal_Dynamics.hpp:[m[K In member function ‘[01m[KEigen::Vector3d Centroidal_Dynamics::Get_Error_Ori()[m[K’:
[01m[K/home/pth/pth/model/Go2_simulator/src/controls/go2_controller/include/Tools/Centroidal_Dynamics.hpp:148:46:[m[K [01;31m[Kerror: [m[K‘[01m[KErr_Ori[m[K’ was not declared in this scope
  148 |     Eigen::Vector3d Get_Error_Ori() { return [01;31m[KErr_Ori[m[K; };
      |                                              [01;31m[K^~~~~~~[m[K
In file included from [01m[K/home/pth/pth/model/Go2_simulator/src/controls/go2_controller/include/go2_controller.h:44[m[K,
                 from [01m[K/home/pth/pth/model/Go2_simulator/src/controls/go2_controller/include/Tools/TaskSpacePDControl.cpp:1[m[K:
[01m[K/home/pth/pth/model/Go2_simulator/src/controls/go2_controller/include/Tools/Centt.hpp:[m[K At global scope:
[01m[K/home/pth/pth/model/Go2_simulator/src/controls/go2_controller/include/Tools/Centt.hpp:19:7:[m[K [01;31m[Kerror: [m[Kredefinition of ‘[01m[Kclass Centroidal_Dynamics[m[K’
   19 | class [01;31m[KCentroidal_Dynamics[m[K
      |       [01;31m[K^~~~~~~~~~~~~~~~~~~[m[K
In file included from [01m[K/home/pth/pth/model/Go2_simulator/src/controls/go2_controller/include/go2_controller.h:43[m[K,
                 from [01m[K/home/pth/pth/model/Go2_simulator/src/controls/go2_controller/include/Tools/TaskSpacePDControl.cpp:1[m[K:
[01m[K/home/pth/pth/model/Go2_simulator/src/controls/go2_controller/include/Tools/Centroidal_Dynamics.hpp:19:7:[m[K [01;36m[Knote: [m[Kprevious definition of ‘[01m[Kclass Centroidal_Dynamics[m[K’
   19 | class [01;36m[KCentroidal_Dynamics[m[K
      |       [01;36m[K^~~~~~~~~~~~~~~~~~~[m[K
In file included from [01m[K/usr/include/boost/variant/variant.hpp:31[m[K,
                 from [01m[K/usr/include/boost/signals2/slot_base.hpp:22[m[K,
                 from [01m[K/usr/include/boost/signals2/detail/tracked_objects_visitor.hpp:18[m[K,
                 from [01m[K/usr/include/boost/signals2/slot.hpp:22[m[K,
                 from [01m[K/usr/include/boost/signals2/connection.hpp:24[m[K,
                 from [01m[K/usr/include/boost/signals2/signal.hpp:22[m[K,
                 from [01m[K/usr/include/boost/signals2.hpp:19[m[K,
                 from [01m[K/opt/ros/noetic/include/tf/tf.h:46[m[K,
                 from [01m[K/home/pth/pth/model/Go2_simulator/src/controls/go2_controller/include/go2_controller.h:28[m[K,
                 from [01m[K/home/pth/pth/model/Go2_simulator/src/controls/go2_controller/include/Tools/TaskSpacePDControl.cpp:1[m[K:
/usr/include/boost/variant/detail/make_variant_list.hpp: In instantiation of ‘[01m[Kstruct boost::detail::variant::make_variant_list<pinocchio::JointModelRevoluteTpl<double, 0, 0>, pinocchio::JointModelRevoluteTpl<double, 0, 1>, pinocchio::JointModelRevoluteTpl<double, 0, 2>, pinocchio::JointModelFreeFlyerTpl<double, 0>, pinocchio::JointModelPlanarTpl<double, 0>, pinocchio::JointModelRevoluteUnalignedTpl<double, 0>, pinocchio::JointModelSphericalTpl<double, 0>, pinocchio::JointModelSphericalZYXTpl<double, 0>, pinocchio::JointModelEllipsoidTpl<double, 0>, pinocchio::JointModelPrismaticTpl<double, 0, 0>, pinocchio::JointModelPrismaticTpl<double, 0, 1>, pinocchio::JointModelPrismaticTpl<double, 0, 2>, pinocchio::JointModelPrismaticUnalignedTpl<double, 0>, pinocchio::JointModelTranslationTpl<double, 0>, pinocchio::JointModelRevoluteUnboundedTpl<double, 0, 0>, pinocchio::JointModelRevoluteUnboundedTpl<double, 0, 1>, pinocchio::JointModelRevoluteUnboundedTpl<double, 0, 2>, pinocchio::JointModelRevoluteUnboundedUnalignedTpl<double, 0>, pinocchio::JointModelHelicalTpl<double, 0, 0>, pinocchio::JointModelHelicalTpl<double, 0, 1>, pinocchio::JointModelHelicalTpl<double, 0, 2>, pinocchio::JointModelHelicalUnalignedTpl<double, 0>, pinocchio::JointModelUniversalTpl<double, 0>, boost::recursive_wrapper<pinocchio::JointModelCompositeTpl<double, 0, pinocchio::JointCollectionDefaultTpl> >, boost::recursive_wrapper<pinocchio::JointModelMimicTpl<double, 0, pinocchio::JointCollectionDefaultTpl> > >[m[K’:
[01m[K/usr/include/boost/mpl/eval_if.hpp:38:31:[m[K   required from ‘[01m[Kstruct boost::mpl::eval_if<boost::variant<pinocchio::JointModelRevoluteTpl<double, 0, 0>, pinocchio::JointModelRevoluteTpl<double, 0, 1>, pinocchio::JointModelRevoluteTpl<double, 0, 2>, pinocchio::JointModelFreeFlyerTpl<double, 0>, pinocchio::JointModelPlanarTpl<double, 0>, pinocchio::JointModelRevoluteUnalignedTpl<double, 0>, pinocchio::JointModelSphericalTpl<double, 0>, pinocchio::JointModelSphericalZYXTpl<double, 0>, pinocchio::JointModelEllipsoidTpl<double, 0>, pinocchio::JointModelPrismaticTpl<double, 0, 0>, pinocchio::JointModelPrismaticTpl<double, 0, 1>, pinocchio::JointModelPrismaticTpl<double, 0, 2>, pinocchio::JointModelPrismaticUnalignedTpl<double, 0>, pinocchio::JointModelTranslationTpl<double, 0>, pinocchio::JointModelRevoluteUnboundedTpl<double, 0, 0>, pinocchio::JointModelRevoluteUnboundedTpl<double, 0, 1>, pinocchio::JointModelRevoluteUnboundedTpl<double, 0, 2>, pinocchio::JointModelRevoluteUnboundedUnalignedTpl<double, 0>, pinocchio::JointModelHelicalTpl<double, 0, 0>, pinocchio::JointModelHelicalTpl<double, 0, 1>, pinocchio::JointModelHelicalTpl<double, 0, 2>, pinocchio::JointModelHelicalUnalignedTpl<double, 0>, pinocchio::JointModelUniversalTpl<double, 0>, boost::recursive_wrapper<pinocchio::JointModelCompositeTpl<double, 0, pinocchio::JointCollectionDefaultTpl> >, boost::recursive_wrapper<pinocchio::JointModelMimicTpl<double, 0, pinocchio::JointCollectionDefaultTpl> > >::is_sequence_based_, pinocchio::JointModelRevoluteTpl<double, 0, 0>, boost::detail::variant::make_variant_list<pinocchio::JointModelRevoluteTpl<double, 0, 0>, pinocchio::JointModelRevoluteTpl<double, 0, 1>, pinocchio::JointModelRevoluteTpl<double, 0, 2>, pinocchio::JointModelFreeFlyerTpl<double, 0>, pinocchio::JointModelPlanarTpl<double, 0>, pinocchio::JointModelRevoluteUnalignedTpl<double, 0>, pinocchio::JointModelSphericalTpl<double, 0>, pinocchio::JointModelSphericalZYXTpl<double, 0>, pinocchio::JointModelEllipsoidTpl<double, 0>, pinocchio::JointModelPrismaticTpl<double, 0, 0>, pinocchio::JointModelPrismaticTpl<double, 0, 1>, pinocchio::JointModelPrismaticTpl<double, 0, 2>, pinocchio::JointModelPrismaticUnalignedTpl<double, 0>, pinocchio::JointModelTranslationTpl<double, 0>, pinocchio::JointModelRevoluteUnboundedTpl<double, 0, 0>, pinocchio::JointModelRevoluteUnboundedTpl<double, 0, 1>, pinocchio::JointModelRevoluteUnboundedTpl<double, 0, 2>, pinocchio::JointModelRevoluteUnboundedUnalignedTpl<double, 0>, pinocchio::JointModelHelicalTpl<double, 0, 0>, pinocchio::JointModelHelicalTpl<double, 0, 1>, pinocchio::JointModelHelicalTpl<double, 0, 2>, pinocchio::JointModelHelicalUnalignedTpl<double, 0>, pinocchio::JointModelUniversalTpl<double, 0>, boost::recursive_wrapper<pinocchio::JointModelCompositeTpl<double, 0, pinocchio::JointCollectionDefaultTpl> >, boost::recursive_wrapper<pinocchio::JointModelMimicTpl<double, 0, pinocchio::JointCollectionDefaultTpl> > > >[m[K’
[01m[K/usr/include/boost/variant/variant.hpp:1138:17:[m[K   required from ‘[01m[Kclass boost::variant<pinocchio::JointModelRevoluteTpl<double, 0, 0>, pinocchio::JointModelRevoluteTpl<double, 0, 1>, pinocchio::JointModelRevoluteTpl<double, 0, 2>, pinocchio::JointModelFreeFlyerTpl<double, 0>, pinocchio::JointModelPlanarTpl<double, 0>, pinocchio::JointModelRevoluteUnalignedTpl<double, 0>, pinocchio::JointModelSphericalTpl<double, 0>, pinocchio::JointModelSphericalZYXTpl<double, 0>, pinocchio::JointModelEllipsoidTpl<double, 0>, pinocchio::JointModelPrismaticTpl<double, 0, 0>, pinocchio::JointModelPrismaticTpl<double, 0, 1>, pinocchio::JointModelPrismaticTpl<double, 0, 2>, pinocchio::JointModelPrismaticUnalignedTpl<double, 0>, pinocchio::JointModelTranslationTpl<double, 0>, pinocchio::JointModelRevoluteUnboundedTpl<double, 0, 0>, pinocchio::JointModelRevoluteUnboundedTpl<double, 0, 1>, pinocchio::JointModelRevoluteUnboundedTpl<double, 0, 2>, pinocchio::JointModelRevoluteUnboundedUnalignedTpl<double, 0>, pinocchio::JointModelHelicalTpl<double, 0, 0>, pinocchio::JointModelHelicalTpl<double, 0, 1>, pinocchio::JointModelHelicalTpl<double, 0, 2>, pinocchio::JointModelHelicalUnalignedTpl<double, 0>, pinocchio::JointModelUniversalTpl<double, 0>, boost::recursive_wrapper<pinocchio::JointModelCompositeTpl<double, 0, pinocchio::JointCollectionDefaultTpl> >, boost::recursive_wrapper<pinocchio::JointModelMimicTpl<double, 0, pinocchio::JointCollectionDefaultTpl> > >[m[K’
[01m[K/usr/local/include/pinocchio/multibody/joint/joint-generic.hpp:262:10:[m[K   required from ‘[01m[Kstruct pinocchio::JointModelTpl<double>[m[K’
[01m[K/usr/local/include/pinocchio/multibody/data.hxx:170:81:[m[K   required from ‘[01m[Kpinocchio::DataTpl<_Scalar, _Options, JointCollectionTpl>::DataTpl(const Model&) [with _Scalar = double; int _Options = 0; JointCollectionTpl = pinocchio::JointCollectionDefaultTpl; pinocchio::DataTpl<_Scalar, _Options, JointCollectionTpl>::Model = pinocchio::ModelTpl<double, 0>][m[K’
[01m[K/home/pth/pth/model/Go2_simulator/src/controls/go2_controller/include/Tools/Pinocchio_Interface.hpp:52:36:[m[K   required from here
[01m[K/usr/include/boost/variant/detail/make_variant_list.hpp:40:46:[m[K [01;31m[Kerror: [m[Kwrong number of template arguments (25, should be at least 0)
   40 |     typedef typename mpl::list< T... >::type [01;31m[Ktype[m[K;
      |                                              [01;31m[K^~~~[m[K
In file included from [01m[K/usr/include/boost/mpl/aux_/include_preprocessed.hpp:37[m[K,
                 from [01m[K/usr/include/boost/mpl/list.hpp:46[m[K,
                 from [01m[K/usr/include/boost/math/policies/policy.hpp:9[m[K,
                 from [01m[K/usr/include/boost/math/policies/error_handling.hpp:21[m[K,
                 from [01m[K/usr/include/boost/math/special_functions/round.hpp:14[m[K,
                 from [01m[K/opt/ros/noetic/include/ros/time.h:58[m[K,
                 from [01m[K/opt/ros/noetic/include/ros/ros.h:38[m[K,
                 from [01m[K/home/pth/pth/model/Go2_simulator/src/controls/go2_controller/include/go2_controller.h:4[m[K,
                 from [01m[K/home/pth/pth/model/Go2_simulator/src/controls/go2_controller/include/Tools/TaskSpacePDControl.cpp:1[m[K:
[01m[K/usr/include/boost/mpl/aux_/preprocessed/gcc/list.hpp:22:8:[m[K [01;36m[Knote: [m[Kprovided for ‘[01m[Ktemplate<class T0, class T1, class T2, class T3, class T4, class T5, class T6, class T7, class T8, class T9, class T10, class T11, class T12, class T13, class T14, class T15, class T16, class T17, class T18, class T19> struct boost::mpl::list[m[K’
   22 | struct [01;36m[Klist[m[K;
      |        [01;36m[K^~~~[m[K
In file included from [01m[K/usr/include/boost/variant/variant.hpp:31[m[K,
                 from [01m[K/usr/include/boost/signals2/slot_base.hpp:22[m[K,
                 from [01m[K/usr/include/boost/signals2/detail/tracked_objects_visitor.hpp:18[m[K,
                 from [01m[K/usr/include/boost/signals2/slot.hpp:22[m[K,
                 from [01m[K/usr/include/boost/signals2/connection.hpp:24[m[K,
                 from [01m[K/usr/include/boost/signals2/signal.hpp:22[m[K,
                 from [01m[K/usr/include/boost/signals2.hpp:19[m[K,
                 from [01m[K/opt/ros/noetic/include/tf/tf.h:46[m[K,
                 from [01m[K/home/pth/pth/model/Go2_simulator/src/controls/go2_controller/include/go2_controller.h:28[m[K,
                 from [01m[K/home/pth/pth/model/Go2_simulator/src/controls/go2_controller/include/Tools/TaskSpacePDControl.cpp:1[m[K:
/usr/include/boost/variant/detail/make_variant_list.hpp: In instantiation of ‘[01m[Kstruct boost::detail::variant::make_variant_list<pinocchio::JointDataRevoluteTpl<double, 0, 0>, pinocchio::JointDataRevoluteTpl<double, 0, 1>, pinocchio::JointDataRevoluteTpl<double, 0, 2>, pinocchio::JointDataFreeFlyerTpl<double, 0>, pinocchio::JointDataPlanarTpl<double, 0>, pinocchio::JointDataRevoluteUnalignedTpl<double, 0>, pinocchio::JointDataSphericalTpl<double, 0>, pinocchio::JointDataSphericalZYXTpl<double, 0>, pinocchio::JointDataEllipsoidTpl<double, 0>, pinocchio::JointDataPrismaticTpl<double, 0, 0>, pinocchio::JointDataPrismaticTpl<double, 0, 1>, pinocchio::JointDataPrismaticTpl<double, 0, 2>, pinocchio::JointDataPrismaticUnalignedTpl<double, 0>, pinocchio::JointDataTranslationTpl<double, 0>, pinocchio::JointDataRevoluteUnboundedTpl<double, 0, 0>, pinocchio::JointDataRevoluteUnboundedTpl<double, 0, 1>, pinocchio::JointDataRevoluteUnboundedTpl<double, 0, 2>, pinocchio::JointDataRevoluteUnboundedUnalignedTpl<double, 0>, pinocchio::JointDataHelicalTpl<double, 0, 0>, pinocchio::JointDataHelicalTpl<double, 0, 1>, pinocchio::JointDataHelicalTpl<double, 0, 2>, pinocchio::JointDataHelicalUnalignedTpl<double, 0>, pinocchio::JointDataUniversalTpl<double, 0>, boost::recursive_wrapper<pinocchio::JointDataCompositeTpl<double, 0, pinocchio::JointCollectionDefaultTpl> >, boost::recursive_wrapper<pinocchio::JointDataMimicTpl<double, 0, pinocchio::JointCollectionDefaultTpl> > >[m[K’:
[01m[K/usr/include/boost/mpl/eval_if.hpp:38:31:[m[K   required from ‘[01m[Kstruct boost::mpl::eval_if<boost::variant<pinocchio::JointDataRevoluteTpl<double, 0, 0>, pinocchio::JointDataRevoluteTpl<double, 0, 1>, pinocchio::JointDataRevoluteTpl<double, 0, 2>, pinocchio::JointDataFreeFlyerTpl<double, 0>, pinocchio::JointDataPlanarTpl<double, 0>, pinocchio::JointDataRevoluteUnalignedTpl<double, 0>, pinocchio::JointDataSphericalTpl<double, 0>, pinocchio::JointDataSphericalZYXTpl<double, 0>, pinocchio::JointDataEllipsoidTpl<double, 0>, pinocchio::JointDataPrismaticTpl<double, 0, 0>, pinocchio::JointDataPrismaticTpl<double, 0, 1>, pinocchio::JointDataPrismaticTpl<double, 0, 2>, pinocchio::JointDataPrismaticUnalignedTpl<double, 0>, pinocchio::JointDataTranslationTpl<double, 0>, pinocchio::JointDataRevoluteUnboundedTpl<double, 0, 0>, pinocchio::JointDataRevoluteUnboundedTpl<double, 0, 1>, pinocchio::JointDataRevoluteUnboundedTpl<double, 0, 2>, pinocchio::JointDataRevoluteUnboundedUnalignedTpl<double, 0>, pinocchio::JointDataHelicalTpl<double, 0, 0>, pinocchio::JointDataHelicalTpl<double, 0, 1>, pinocchio::JointDataHelicalTpl<double, 0, 2>, pinocchio::JointDataHelicalUnalignedTpl<double, 0>, pinocchio::JointDataUniversalTpl<double, 0>, boost::recursive_wrapper<pinocchio::JointDataCompositeTpl<double, 0, pinocchio::JointCollectionDefaultTpl> >, boost::recursive_wrapper<pinocchio::JointDataMimicTpl<double, 0, pinocchio::JointCollectionDefaultTpl> > >::is_sequence_based_, pinocchio::JointDataRevoluteTpl<double, 0, 0>, boost::detail::variant::make_variant_list<pinocchio::JointDataRevoluteTpl<double, 0, 0>, pinocchio::JointDataRevoluteTpl<double, 0, 1>, pinocchio::JointDataRevoluteTpl<double, 0, 2>, pinocchio::JointDataFreeFlyerTpl<double, 0>, pinocchio::JointDataPlanarTpl<double, 0>, pinocchio::JointDataRevoluteUnalignedTpl<double, 0>, pinocchio::JointDataSphericalTpl<double, 0>, pinocchio::JointDataSphericalZYXTpl<double, 0>, pinocchio::JointDataEllipsoidTpl<double, 0>, pinocchio::JointDataPrismaticTpl<double, 0, 0>, pinocchio::JointDataPrismaticTpl<double, 0, 1>, pinocchio::JointDataPrismaticTpl<double, 0, 2>, pinocchio::JointDataPrismaticUnalignedTpl<double, 0>, pinocchio::JointDataTranslationTpl<double, 0>, pinocchio::JointDataRevoluteUnboundedTpl<double, 0, 0>, pinocchio::JointDataRevoluteUnboundedTpl<double, 0, 1>, pinocchio::JointDataRevoluteUnboundedTpl<double, 0, 2>, pinocchio::JointDataRevoluteUnboundedUnalignedTpl<double, 0>, pinocchio::JointDataHelicalTpl<double, 0, 0>, pinocchio::JointDataHelicalTpl<double, 0, 1>, pinocchio::JointDataHelicalTpl<double, 0, 2>, pinocchio::JointDataHelicalUnalignedTpl<double, 0>, pinocchio::JointDataUniversalTpl<double, 0>, boost::recursive_wrapper<pinocchio::JointDataCompositeTpl<double, 0, pinocchio::JointCollectionDefaultTpl> >, boost::recursive_wrapper<pinocchio::JointDataMimicTpl<double, 0, pinocchio::JointCollectionDefaultTpl> > > >[m[K’
[01m[K/usr/include/boost/variant/variant.hpp:1138:17:[m[K   required from ‘[01m[Kclass boost::variant<pinocchio::JointDataRevoluteTpl<double, 0, 0>, pinocchio::JointDataRevoluteTpl<double, 0, 1>, pinocchio::JointDataRevoluteTpl<double, 0, 2>, pinocchio::JointDataFreeFlyerTpl<double, 0>, pinocchio::JointDataPlanarTpl<double, 0>, pinocchio::JointDataRevoluteUnalignedTpl<double, 0>, pinocchio::JointDataSphericalTpl<double, 0>, pinocchio::JointDataSphericalZYXTpl<double, 0>, pinocchio::JointDataEllipsoidTpl<double, 0>, pinocchio::JointDataPrismaticTpl<double, 0, 0>, pinocchio::JointDataPrismaticTpl<double, 0, 1>, pinocchio::JointDataPrismaticTpl<double, 0, 2>, pinocchio::JointDataPrismaticUnalignedTpl<double, 0>, pinocchio::JointDataTranslationTpl<double, 0>, pinocchio::JointDataRevoluteUnboundedTpl<double, 0, 0>, pinocchio::JointDataRevoluteUnboundedTpl<double, 0, 1>, pinocchio::JointDataRevoluteUnboundedTpl<double, 0, 2>, pinocchio::JointDataRevoluteUnboundedUnalignedTpl<double, 0>, pinocchio::JointDataHelicalTpl<double, 0, 0>, pinocchio::JointDataHelicalTpl<double, 0, 1>, pinocchio::JointDataHelicalTpl<double, 0, 2>, pinocchio::JointDataHelicalUnalignedTpl<double, 0>, pinocchio::JointDataUniversalTpl<double, 0>, boost::recursive_wrapper<pinocchio::JointDataCompositeTpl<double, 0, pinocchio::JointCollectionDefaultTpl> >, boost::recursive_wrapper<pinocchio::JointDataMimicTpl<double, 0, pinocchio::JointCollectionDefaultTpl> > >[m[K’
[01m[K/usr/local/include/pinocchio/multibody/joint/joint-generic.hpp:92:10:[m[K   required from ‘[01m[Kstruct pinocchio::JointDataTpl<double>[m[K’
[01m[K/usr/local/include/pinocchio/multibody/data.hxx:170:81:[m[K   required from ‘[01m[Kpinocchio::DataTpl<_Scalar, _Options, JointCollectionTpl>::DataTpl(const Model&) [with _Scalar = double; int _Options = 0; JointCollectionTpl = pinocchio::JointCollectionDefaultTpl; pinocchio::DataTpl<_Scalar, _Options, JointCollectionTpl>::Model = pinocchio::ModelTpl<double, 0>][m[K’
[01m[K/home/pth/pth/model/Go2_simulator/src/controls/go2_controller/include/Tools/Pinocchio_Interface.hpp:52:36:[m[K   required from here
[01m[K/usr/include/boost/variant/detail/make_variant_list.hpp:40:46:[m[K [01;31m[Kerror: [m[Kwrong number of template arguments (25, should be at least 0)
   40 |     typedef typename mpl::list< T... >::type [01;31m[Ktype[m[K;
      |                                              [01;31m[K^~~~[m[K
In file included from [01m[K/usr/include/boost/mpl/aux_/include_preprocessed.hpp:37[m[K,
                 from [01m[K/usr/include/boost/mpl/list.hpp:46[m[K,
                 from [01m[K/usr/include/boost/math/policies/policy.hpp:9[m[K,
                 from [01m[K/usr/include/boost/math/policies/error_handling.hpp:21[m[K,
                 from [01m[K/usr/include/boost/math/special_functions/round.hpp:14[m[K,
                 from [01m[K/opt/ros/noetic/include/ros/time.h:58[m[K,
                 from [01m[K/opt/ros/noetic/include/ros/ros.h:38[m[K,
                 from [01m[K/home/pth/pth/model/Go2_simulator/src/controls/go2_controller/include/go2_controller.h:4[m[K,
                 from [01m[K/home/pth/pth/model/Go2_simulator/src/controls/go2_controller/include/Tools/TaskSpacePDControl.cpp:1[m[K:
[01m[K/usr/include/boost/mpl/aux_/preprocessed/gcc/list.hpp:22:8:[m[K [01;36m[Knote: [m[Kprovided for ‘[01m[Ktemplate<class T0, class T1, class T2, class T3, class T4, class T5, class T6, class T7, class T8, class T9, class T10, class T11, class T12, class T13, class T14, class T15, class T16, class T17, class T18, class T19> struct boost::mpl::list[m[K’
   22 | struct [01;36m[Klist[m[K;
      |        [01;36m[K^~~~[m[K
In file included from [01m[K/usr/include/boost/signals2/slot_base.hpp:22[m[K,
                 from [01m[K/usr/include/boost/signals2/detail/tracked_objects_visitor.hpp:18[m[K,
                 from [01m[K/usr/include/boost/signals2/slot.hpp:22[m[K,
                 from [01m[K/usr/include/boost/signals2/connection.hpp:24[m[K,
                 from [01m[K/usr/include/boost/signals2/signal.hpp:22[m[K,
                 from [01m[K/usr/include/boost/signals2.hpp:19[m[K,
                 from [01m[K/opt/ros/noetic/include/tf/tf.h:46[m[K,
                 from [01m[K/home/pth/pth/model/Go2_simulator/src/controls/go2_controller/include/go2_controller.h:28[m[K,
                 from [01m[K/home/pth/pth/model/Go2_simulator/src/controls/go2_controller/include/Tools/TaskSpacePDControl.cpp:1[m[K:
/usr/include/boost/variant/variant.hpp: In instantiation of ‘[01m[Kboost::variant<T0, TN>::variant(boost::variant<T0, TN>&&) [with T0_ = pinocchio::JointDataRevoluteTpl<double, 0, 0>; TN = {pinocchio::JointDataRevoluteTpl<double, 0, 1>, pinocchio::JointDataRevoluteTpl<double, 0, 2>, pinocchio::JointDataFreeFlyerTpl<double, 0>, pinocchio::JointDataPlanarTpl<double, 0>, pinocchio::JointDataRevoluteUnalignedTpl<double, 0>, pinocchio::JointDataSphericalTpl<double, 0>, pinocchio::JointDataSphericalZYXTpl<double, 0>, pinocchio::JointDataEllipsoidTpl<double, 0>, pinocchio::JointDataPrismaticTpl<double, 0, 0>, pinocchio::JointDataPrismaticTpl<double, 0, 1>, pinocchio::JointDataPrismaticTpl<double, 0, 2>, pinocchio::JointDataPrismaticUnalignedTpl<double, 0>, pinocchio::JointDataTranslationTpl<double, 0>, pinocchio::JointDataRevoluteUnboundedTpl<double, 0, 0>, pinocchio::JointDataRevoluteUnboundedTpl<double, 0, 1>, pinocchio::JointDataRevoluteUnboundedTpl<double, 0, 2>, pinocchio::JointDataRevoluteUnboundedUnalignedTpl<double, 0>, pinocchio::JointDataHelicalTpl<double, 0, 0>, pinocchio::JointDataHelicalTpl<double, 0, 1>, pinocchio::JointDataHelicalTpl<double, 0, 2>, pinocchio::JointDataHelicalUnalignedTpl<double, 0>, pinocchio::JointDataUniversalTpl<double, 0>, boost::recursive_wrapper<pinocchio::JointDataCompositeTpl<double, 0, pinocchio::JointCollectionDefaultTpl> >, boost::recursive_wrapper<pinocchio::JointDataMimicTpl<double, 0, pinocchio::JointCollectionDefaultTpl> >}][m[K’:
[01m[K/usr/local/include/pinocchio/multibody/joint/joint-generic.hpp:92:10:[m[K   required from ‘[01m[Kstatic pinocchio::CreateJointData<Scalar, Options, JointCollectionTpl>::JointDataVariant pinocchio::CreateJointData<Scalar, Options, JointCollectionTpl>::run(const JointModelVariant&) [with Scalar = double; int Options = 0; JointCollectionTpl = pinocchio::JointCollectionDefaultTpl; pinocchio::CreateJointData<Scalar, Options, JointCollectionTpl>::JointDataVariant = pinocchio::JointDataTpl<double>; pinocchio::CreateJointData<Scalar, Options, JointCollectionTpl>::JointModelVariant = boost::variant<pinocchio::JointModelRevoluteTpl<double, 0, 0>, pinocchio::JointModelRevoluteTpl<double, 0, 1>, pinocchio::JointModelRevoluteTpl<double, 0, 2>, pinocchio::JointModelFreeFlyerTpl<double, 0>, pinocchio::JointModelPlanarTpl<double, 0>, pinocchio::JointModelRevoluteUnalignedTpl<double, 0>, pinocchio::JointModelSphericalTpl<double, 0>, pinocchio::JointModelSphericalZYXTpl<double, 0>, pinocchio::JointModelEllipsoidTpl<double, 0>, pinocchio::JointModelPrismaticTpl<double, 0, 0>, pinocchio::JointModelPrismaticTpl<double, 0, 1>, pinocchio::JointModelPrismaticTpl<double, 0, 2>, pinocchio::JointModelPrismaticUnalignedTpl<double, 0>, pinocchio::JointModelTranslationTpl<double, 0>, pinocchio::JointModelRevoluteUnboundedTpl<double, 0, 0>, pinocchio::JointModelRevoluteUnboundedTpl<double, 0, 1>, pinocchio::JointModelRevoluteUnboundedTpl<double, 0, 2>, pinocchio::JointModelRevoluteUnboundedUnalignedTpl<double, 0>, pinocchio::JointModelHelicalTpl<double, 0, 0>, pinocchio::JointModelHelicalTpl<double, 0, 1>, pinocchio::JointModelHelicalTpl<double, 0, 2>, pinocchio::JointModelHelicalUnalignedTpl<double, 0>, pinocchio::JointModelUniversalTpl<double, 0>, boost::recursive_wrapper<pinocchio::JointModelCompositeTpl<double, 0, pinocchio::JointCollectionDefaultTpl> >, boost::recursive_wrapper<pinocchio::JointModelMimicTpl<double, 0, pinocchio::JointCollectionDefaultTpl> > >][m[K’
[01m[K/usr/local/include/pinocchio/multibody/data.hxx:170:81:[m[K   required from ‘[01m[Kpinocchio::DataTpl<_Scalar, _Options, JointCollectionTpl>::DataTpl(const Model&) [with _Scalar = double; int _Options = 0; JointCollectionTpl = pinocchio::JointCollectionDefaultTpl; pinocchio::DataTpl<_Scalar, _Options, JointCollectionTpl>::Model = pinocchio::ModelTpl<double, 0>][m[K’
[01m[K/home/pth/pth/model/Go2_simulator/src/controls/go2_controller/include/Tools/Pinocchio_Interface.hpp:52:36:[m[K   required from here
[01m[K/usr/include/boost/variant/variant.hpp:1770:45:[m[K [01;31m[Kerror: [m[Kusing invalid field ‘[01m[Kboost::variant<T0, TN>::storage_[m[K’
 1770 |         detail::variant::move_into visitor( [01;31m[Kstorage_[m[K.address() );
      |                                             [01;31m[K^~~~~~~~[m[K
/usr/include/boost/variant/variant.hpp: In instantiation of ‘[01m[Ktypename Visitor::result_type boost::variant<T0, TN>::internal_apply_visitor(Visitor&) const [with Visitor = boost::detail::variant::invoke_visitor<const pinocchio::CreateJointData<double, 0, pinocchio::JointCollectionDefaultTpl>, false>; T0_ = pinocchio::JointModelRevoluteTpl<double, 0, 0>; TN = {pinocchio::JointModelRevoluteTpl<double, 0, 1>, pinocchio::JointModelRevoluteTpl<double, 0, 2>, pinocchio::JointModelFreeFlyerTpl<double, 0>, pinocchio::JointModelPlanarTpl<double, 0>, pinocchio::JointModelRevoluteUnalignedTpl<double, 0>, pinocchio::JointModelSphericalTpl<double, 0>, pinocchio::JointModelSphericalZYXTpl<double, 0>, pinocchio::JointModelEllipsoidTpl<double, 0>, pinocchio::JointModelPrismaticTpl<double, 0, 0>, pinocchio::JointModelPrismaticTpl<double, 0, 1>, pinocchio::JointModelPrismaticTpl<double, 0, 2>, pinocchio::JointModelPrismaticUnalignedTpl<double, 0>, pinocchio::JointModelTranslationTpl<double, 0>, pinocchio::JointModelRevoluteUnboundedTpl<double, 0, 0>, pinocchio::JointModelRevoluteUnboundedTpl<double, 0, 1>, pinocchio::JointModelRevoluteUnboundedTpl<double, 0, 2>, pinocchio::JointModelRevoluteUnboundedUnalignedTpl<double, 0>, pinocchio::JointModelHelicalTpl<double, 0, 0>, pinocchio::JointModelHelicalTpl<double, 0, 1>, pinocchio::JointModelHelicalTpl<double, 0, 2>, pinocchio::JointModelHelicalUnalignedTpl<double, 0>, pinocchio::JointModelUniversalTpl<double, 0>, boost::recursive_wrapper<pinocchio::JointModelCompositeTpl<double, 0, pinocchio::JointCollectionDefaultTpl> >, boost::recursive_wrapper<pinocchio::JointModelMimicTpl<double, 0, pinocchio::JointCollectionDefaultTpl> >}; typename Visitor::result_type = pinocchio::JointDataTpl<double>][m[K’:
[01m[K/usr/include/boost/variant/variant.hpp:2401:52:[m[K   required from ‘[01m[Ktypename Visitor::result_type boost::variant<T0, TN>::apply_visitor(Visitor&) const & [with Visitor = const pinocchio::CreateJointData<double, 0, pinocchio::JointCollectionDefaultTpl>; T0_ = pinocchio::JointModelRevoluteTpl<double, 0, 0>; TN = {pinocchio::JointModelRevoluteTpl<double, 0, 1>, pinocchio::JointModelRevoluteTpl<double, 0, 2>, pinocchio::JointModelFreeFlyerTpl<double, 0>, pinocchio::JointModelPlanarTpl<double, 0>, pinocchio::JointModelRevoluteUnalignedTpl<double, 0>, pinocchio::JointModelSphericalTpl<double, 0>, pinocchio::JointModelSphericalZYXTpl<double, 0>, pinocchio::JointModelEllipsoidTpl<double, 0>, pinocchio::JointModelPrismaticTpl<double, 0, 0>, pinocchio::JointModelPrismaticTpl<double, 0, 1>, pinocchio::JointModelPrismaticTpl<double, 0, 2>, pinocchio::JointModelPrismaticUnalignedTpl<double, 0>, pinocchio::JointModelTranslationTpl<double, 0>, pinocchio::JointModelRevoluteUnboundedTpl<double, 0, 0>, pinocchio::JointModelRevoluteUnboundedTpl<double, 0, 1>, pinocchio::JointModelRevoluteUnboundedTpl<double, 0, 2>, pinocchio::JointModelRevoluteUnboundedUnalignedTpl<double, 0>, pinocchio::JointModelHelicalTpl<double, 0, 0>, pinocchio::JointModelHelicalTpl<double, 0, 1>, pinocchio::JointModelHelicalTpl<double, 0, 2>, pinocchio::JointModelHelicalUnalignedTpl<double, 0>, pinocchio::JointModelUniversalTpl<double, 0>, boost::recursive_wrapper<pinocchio::JointModelCompositeTpl<double, 0, pinocchio::JointCollectionDefaultTpl> >, boost::recursive_wrapper<pinocchio::JointModelMimicTpl<double, 0, pinocchio::JointCollectionDefaultTpl> >}; typename Visitor::result_type = pinocchio::JointDataTpl<double>][m[K’
[01m[K/usr/include/boost/variant/detail/apply_visitor_unary.hpp:68:72:[m[K   required from ‘[01m[Ktypename Visitor::result_type boost::apply_visitor(const Visitor&, Visitable&&) [with Visitor = pinocchio::CreateJointData<double, 0, pinocchio::JointCollectionDefaultTpl>; Visitable = const boost::variant<pinocchio::JointModelRevoluteTpl<double, 0, 0>, pinocchio::JointModelRevoluteTpl<double, 0, 1>, pinocchio::JointModelRevoluteTpl<double, 0, 2>, pinocchio::JointModelFreeFlyerTpl<double, 0>, pinocchio::JointModelPlanarTpl<double, 0>, pinocchio::JointModelRevoluteUnalignedTpl<double, 0>, pinocchio::JointModelSphericalTpl<double, 0>, pinocchio::JointModelSphericalZYXTpl<double, 0>, pinocchio::JointModelEllipsoidTpl<double, 0>, pinocchio::JointModelPrismaticTpl<double, 0, 0>, pinocchio::JointModelPrismaticTpl<double, 0, 1>, pinocchio::JointModelPrismaticTpl<double, 0, 2>, pinocchio::JointModelPrismaticUnalignedTpl<double, 0>, pinocchio::JointModelTranslationTpl<double, 0>, pinocchio::JointModelRevoluteUnboundedTpl<double, 0, 0>, pinocchio::JointModelRevoluteUnboundedTpl<double, 0, 1>, pinocchio::JointModelRevoluteUnboundedTpl<double, 0, 2>, pinocchio::JointModelRevoluteUnboundedUnalignedTpl<double, 0>, pinocchio::JointModelHelicalTpl<double, 0, 0>, pinocchio::JointModelHelicalTpl<double, 0, 1>, pinocchio::JointModelHelicalTpl<double, 0, 2>, pinocchio::JointModelHelicalUnalignedTpl<double, 0>, pinocchio::JointModelUniversalTpl<double, 0>, boost::recursive_wrapper<pinocchio::JointModelCompositeTpl<double, 0, pinocchio::JointCollectionDefaultTpl> >, boost::recursive_wrapper<pinocchio::JointModelMimicTpl<double, 0, pinocchio::JointCollectionDefaultTpl> > >&; typename Visitor::result_type = pinocchio::JointDataTpl<double>][m[K’
[01m[K/usr/local/include/pinocchio/multibody/joint/joint-basic-visitors.hxx:33:34:[m[K   required from ‘[01m[Kstatic pinocchio::CreateJointData<Scalar, Options, JointCollectionTpl>::JointDataVariant pinocchio::CreateJointData<Scalar, Options, JointCollectionTpl>::run(const JointModelVariant&) [with Scalar = double; int Options = 0; JointCollectionTpl = pinocchio::JointCollectionDefaultTpl; pinocchio::CreateJointData<Scalar, Options, JointCollectionTpl>::JointDataVariant = pinocchio::JointDataTpl<double>; pinocchio::CreateJointData<Scalar, Options, JointCollectionTpl>::JointModelVariant = boost::variant<pinocchio::JointModelRevoluteTpl<double, 0, 0>, pinocchio::JointModelRevoluteTpl<double, 0, 1>, pinocchio::JointModelRevoluteTpl<double, 0, 2>, pinocchio::JointModelFreeFlyerTpl<double, 0>, pinocchio::JointModelPlanarTpl<double, 0>, pinocchio::JointModelRevoluteUnalignedTpl<double, 0>, pinocchio::JointModelSphericalTpl<double, 0>, pinocchio::JointModelSphericalZYXTpl<double, 0>, pinocchio::JointModelEllipsoidTpl<double, 0>, pinocchio::JointModelPrismaticTpl<double, 0, 0>, pinocchio::JointModelPrismaticTpl<double, 0, 1>, pinocchio::JointModelPrismaticTpl<double, 0, 2>, pinocchio::JointModelPrismaticUnalignedTpl<double, 0>, pinocchio::JointModelTranslationTpl<double, 0>, pinocchio::JointModelRevoluteUnboundedTpl<double, 0, 0>, pinocchio::JointModelRevoluteUnboundedTpl<double, 0, 1>, pinocchio::JointModelRevoluteUnboundedTpl<double, 0, 2>, pinocchio::JointModelRevoluteUnboundedUnalignedTpl<double, 0>, pinocchio::JointModelHelicalTpl<double, 0, 0>, pinocchio::JointModelHelicalTpl<double, 0, 1>, pinocchio::JointModelHelicalTpl<double, 0, 2>, pinocchio::JointModelHelicalUnalignedTpl<double, 0>, pinocchio::JointModelUniversalTpl<double, 0>, boost::recursive_wrapper<pinocchio::JointModelCompositeTpl<double, 0, pinocchio::JointCollectionDefaultTpl> >, boost::recursive_wrapper<pinocchio::JointModelMimicTpl<double, 0, pinocchio::JointCollectionDefaultTpl> > >][m[K’
[01m[K/usr/local/include/pinocchio/multibody/data.hxx:170:81:[m[K   required from ‘[01m[Kpinocchio::DataTpl<_Scalar, _Options, JointCollectionTpl>::DataTpl(const Model&) [with _Scalar = double; int _Options = 0; JointCollectionTpl = pinocchio::JointCollectionDefaultTpl; pinocchio::DataTpl<_Scalar, _Options, JointCollectionTpl>::Model = pinocchio::ModelTpl<double, 0>][m[K’
[01m[K/home/pth/pth/model/Go2_simulator/src/controls/go2_controller/include/Tools/Pinocchio_Interface.hpp:52:36:[m[K   required from here
[01m[K/usr/include/boost/variant/variant.hpp:2356:41:[m[K [01;31m[Kerror: [m[Kusing invalid field ‘[01m[Kboost::variant<T0, TN>::storage_[m[K’
 2356 |               which_, which(), visitor, [01;31m[Kstorage_[m[K.address()
      |                                         [01;31m[K^~~~~~~~[m[K
/usr/include/boost/variant/variant.hpp: In instantiation of ‘[01m[Kboost::variant<T0, TN>::variant(const boost::variant<T0, TN>&) [with T0_ = pinocchio::JointDataRevoluteTpl<double, 0, 0>; TN = {pinocchio::JointDataRevoluteTpl<double, 0, 1>, pinocchio::JointDataRevoluteTpl<double, 0, 2>, pinocchio::JointDataFreeFlyerTpl<double, 0>, pinocchio::JointDataPlanarTpl<double, 0>, pinocchio::JointDataRevoluteUnalignedTpl<double, 0>, pinocchio::JointDataSphericalTpl<double, 0>, pinocchio::JointDataSphericalZYXTpl<double, 0>, pinocchio::JointDataEllipsoidTpl<double, 0>, pinocchio::JointDataPrismaticTpl<double, 0, 0>, pinocchio::JointDataPrismaticTpl<double, 0, 1>, pinocchio::JointDataPrismaticTpl<double, 0, 2>, pinocchio::JointDataPrismaticUnalignedTpl<double, 0>, pinocchio::JointDataTranslationTpl<double, 0>, pinocchio::JointDataRevoluteUnboundedTpl<double, 0, 0>, pinocchio::JointDataRevoluteUnboundedTpl<double, 0, 1>, pinocchio::JointDataRevoluteUnboundedTpl<double, 0, 2>, pinocchio::JointDataRevoluteUnboundedUnalignedTpl<double, 0>, pinocchio::JointDataHelicalTpl<double, 0, 0>, pinocchio::JointDataHelicalTpl<double, 0, 1>, pinocchio::JointDataHelicalTpl<double, 0, 2>, pinocchio::JointDataHelicalUnalignedTpl<double, 0>, pinocchio::JointDataUniversalTpl<double, 0>, boost::recursive_wrapper<pinocchio::JointDataCompositeTpl<double, 0, pinocchio::JointCollectionDefaultTpl> >, boost::recursive_wrapper<pinocchio::JointDataMimicTpl<double, 0, pinocchio::JointCollectionDefaultTpl> >}][m[K’:
[01m[K/usr/local/include/pinocchio/multibody/joint/joint-generic.hpp:92:10:[m[K   required from ‘[01m[Kvoid __gnu_cxx::new_allocator<_Tp>::construct(_Up*, _Args&& ...) [with _Up = pinocchio::JointDataTpl<double>; _Args = {pinocchio::JointDataTpl<double, 0, pinocchio::JointCollectionDefaultTpl>&}; _Tp = pinocchio::JointDataTpl<double>][m[K’
[01m[K/usr/include/c++/9/bits/alloc_traits.h:244:4:[m[K   required from ‘[01m[Kstatic std::_Require<typename std::allocator_traits<_Alloc>::__construct_helper<_Tp, _Args>::type> std::allocator_traits<_Alloc>::_S_construct(_Alloc&, _Tp*, _Args&& ...) [with _Tp = pinocchio::JointDataTpl<double>; _Args = {pinocchio::JointDataTpl<double, 0, pinocchio::JointCollectionDefaultTpl>&}; _Alloc = Eigen::aligned_allocator<pinocchio::JointDataTpl<double> >; std::_Require<typename std::allocator_traits<_Alloc>::__construct_helper<_Tp, _Args>::type> = void][m[K’
[01m[K/usr/include/c++/9/bits/alloc_traits.h:350:16:[m[K   required from ‘[01m[Kstatic decltype (std::allocator_traits<_Alloc>::_S_construct(__a, __p, (forward<_Args>)(std::allocator_traits::construct::__args)...)) std::allocator_traits<_Alloc>::construct(_Alloc&, _Tp*, _Args&& ...) [with _Tp = pinocchio::JointDataTpl<double>; _Args = {pinocchio::JointDataTpl<double, 0, pinocchio::JointCollectionDefaultTpl>&}; _Alloc = Eigen::aligned_allocator<pinocchio::JointDataTpl<double> >; decltype (std::allocator_traits<_Alloc>::_S_construct(__a, __p, (forward<_Args>)(std::allocator_traits::construct::__args)...)) = void][m[K’
[01m[K/usr/include/c++/9/bits/stl_uninitialized.h:293:25:[m[K   required from ‘[01m[K_ForwardIterator std::__uninitialized_copy_a(_InputIterator, _InputIterator, _ForwardIterator, _Allocator&) [with _InputIterator = pinocchio::JointDataTpl<double>*; _ForwardIterator = pinocchio::JointDataTpl<double>*; _Allocator = Eigen::aligned_allocator<pinocchio::JointDataTpl<double> >][m[K’
[01m[K/usr/include/c++/9/bits/vector.tcc:245:35:[m[K   required from ‘[01m[Kstd::vector<_Tp, _Alloc>& std::vector<_Tp, _Alloc>::operator=(const std::vector<_Tp, _Alloc>&) [with _Tp = pinocchio::JointDataTpl<double>; _Alloc = Eigen::aligned_allocator<pinocchio::JointDataTpl<double> >][m[K’
[01m[K/usr/local/include/pinocchio/multibody/data.hpp:40:10:[m[K   required from here
[01m[K/usr/include/boost/variant/variant.hpp:1759:45:[m[K [01;31m[Kerror: [m[Kusing invalid field ‘[01m[Kboost::variant<T0, TN>::storage_[m[K’
 1759 |         detail::variant::copy_into visitor( [01;31m[Kstorage_[m[K.address() );
      |                                             [01;31m[K^~~~~~~~[m[K
/usr/include/boost/variant/variant.hpp: In instantiation of ‘[01m[Kvoid boost::variant<T0, TN>::variant_assign(const boost::variant<T0, TN>&) [with T0_ = pinocchio::JointDataRevoluteTpl<double, 0, 0>; TN = {pinocchio::JointDataRevoluteTpl<double, 0, 1>, pinocchio::JointDataRevoluteTpl<double, 0, 2>, pinocchio::JointDataFreeFlyerTpl<double, 0>, pinocchio::JointDataPlanarTpl<double, 0>, pinocchio::JointDataRevoluteUnalignedTpl<double, 0>, pinocchio::JointDataSphericalTpl<double, 0>, pinocchio::JointDataSphericalZYXTpl<double, 0>, pinocchio::JointDataEllipsoidTpl<double, 0>, pinocchio::JointDataPrismaticTpl<double, 0, 0>, pinocchio::JointDataPrismaticTpl<double, 0, 1>, pinocchio::JointDataPrismaticTpl<double, 0, 2>, pinocchio::JointDataPrismaticUnalignedTpl<double, 0>, pinocchio::JointDataTranslationTpl<double, 0>, pinocchio::JointDataRevoluteUnboundedTpl<double, 0, 0>, pinocchio::JointDataRevoluteUnboundedTpl<double, 0, 1>, pinocchio::JointDataRevoluteUnboundedTpl<double, 0, 2>, pinocchio::JointDataRevoluteUnboundedUnalignedTpl<double, 0>, pinocchio::JointDataHelicalTpl<double, 0, 0>, pinocchio::JointDataHelicalTpl<double, 0, 1>, pinocchio::JointDataHelicalTpl<double, 0, 2>, pinocchio::JointDataHelicalUnalignedTpl<double, 0>, pinocchio::JointDataUniversalTpl<double, 0>, boost::recursive_wrapper<pinocchio::JointDataCompositeTpl<double, 0, pinocchio::JointCollectionDefaultTpl> >, boost::recursive_wrapper<pinocchio::JointDataMimicTpl<double, 0, pinocchio::JointCollectionDefaultTpl> >}][m[K’:
[01m[K/usr/include/boost/variant/variant.hpp:2163:9:[m[K   required from ‘[01m[Kboost::variant<T0, TN>& boost::variant<T0, TN>::operator=(const boost::variant<T0, TN>&) [with T0_ = pinocchio::JointDataRevoluteTpl<double, 0, 0>; TN = {pinocchio::JointDataRevoluteTpl<double, 0, 1>, pinocchio::JointDataRevoluteTpl<double, 0, 2>, pinocchio::JointDataFreeFlyerTpl<double, 0>, pinocchio::JointDataPlanarTpl<double, 0>, pinocchio::JointDataRevoluteUnalignedTpl<double, 0>, pinocchio::JointDataSphericalTpl<double, 0>, pinocchio::JointDataSphericalZYXTpl<double, 0>, pinocchio::JointDataEllipsoidTpl<double, 0>, pinocchio::JointDataPrismaticTpl<double, 0, 0>, pinocchio::JointDataPrismaticTpl<double, 0, 1>, pinocchio::JointDataPrismaticTpl<double, 0, 2>, pinocchio::JointDataPrismaticUnalignedTpl<double, 0>, pinocchio::JointDataTranslationTpl<double, 0>, pinocchio::JointDataRevoluteUnboundedTpl<double, 0, 0>, pinocchio::JointDataRevoluteUnboundedTpl<double, 0, 1>, pinocchio::JointDataRevoluteUnboundedTpl<double, 0, 2>, pinocchio::JointDataRevoluteUnboundedUnalignedTpl<double, 0>, pinocchio::JointDataHelicalTpl<double, 0, 0>, pinocchio::JointDataHelicalTpl<double, 0, 1>, pinocchio::JointDataHelicalTpl<double, 0, 2>, pinocchio::JointDataHelicalUnalignedTpl<double, 0>, pinocchio::JointDataUniversalTpl<double, 0>, boost::recursive_wrapper<pinocchio::JointDataCompositeTpl<double, 0, pinocchio::JointCollectionDefaultTpl> >, boost::recursive_wrapper<pinocchio::JointDataMimicTpl<double, 0, pinocchio::JointCollectionDefaultTpl> >}][m[K’
[01m[K/usr/local/include/pinocchio/multibody/joint/joint-generic.hpp:92:10:[m[K   required from ‘[01m[Kstatic _OI std::__copy_move<false, false, std::random_access_iterator_tag>::__copy_m(_II, _II, _OI) [with _II = const pinocchio::JointDataTpl<double>*; _OI = pinocchio::JointDataTpl<double>*][m[K’
[01m[K/usr/include/c++/9/bits/stl_algobase.h:404:30:[m[K   required from ‘[01m[K_OI std::__copy_move_a(_II, _II, _OI) [with bool _IsMove = false; _II = const pinocchio::JointDataTpl<double>*; _OI = pinocchio::JointDataTpl<double>*][m[K’
[01m[K/usr/include/c++/9/bits/stl_algobase.h:441:30:[m[K   required from ‘[01m[K_OI std::__copy_move_a2(_II, _II, _OI) [with bool _IsMove = false; _II = __gnu_cxx::__normal_iterator<const pinocchio::JointDataTpl<double>*, std::vector<pinocchio::JointDataTpl<double>, Eigen::aligned_allocator<pinocchio::JointDataTpl<double> > > >; _OI = __gnu_cxx::__normal_iterator<pinocchio::JointDataTpl<double>*, std::vector<pinocchio::JointDataTpl<double>, Eigen::aligned_allocator<pinocchio::JointDataTpl<double> > > >][m[K’
[01m[K/usr/include/c++/9/bits/stl_algobase.h:474:7:[m[K   required from ‘[01m[K_OI std::copy(_II, _II, _OI) [with _II = __gnu_cxx::__normal_iterator<const pinocchio::JointDataTpl<double>*, std::vector<pinocchio::JointDataTpl<double>, Eigen::aligned_allocator<pinocchio::JointDataTpl<double> > > >; _OI = __gnu_cxx::__normal_iterator<pinocchio::JointDataTpl<double>*, std::vector<pinocchio::JointDataTpl<double>, Eigen::aligned_allocator<pinocchio::JointDataTpl<double> > > >][m[K’
[01m[K/usr/include/c++/9/bits/vector.tcc:238:31:[m[K   required from ‘[01m[Kstd::vector<_Tp, _Alloc>& std::vector<_Tp, _Alloc>::operator=(const std::vector<_Tp, _Alloc>&) [with _Tp = pinocchio::JointDataTpl<double>; _Alloc = Eigen::aligned_allocator<pinocchio::JointDataTpl<double> >][m[K’
[01m[K/usr/local/include/pinocchio/multibody/data.hpp:40:10:[m[K   required from here
[01m[K/usr/include/boost/variant/variant.hpp:2059:57:[m[K [01;31m[Kerror: [m[K‘[01m[Kconst class boost::variant<pinocchio::JointDataRevoluteTpl<double, 0, 0>, pinocchio::JointDataRevoluteTpl<double, 0, 1>, pinocchio::JointDataRevoluteTpl<double, 0, 2>, pinocchio::JointDataFreeFlyerTpl<double, 0>, pinocchio::JointDataPlanarTpl<double, 0>, pinocchio::JointDataRevoluteUnalignedTpl<double, 0>, pinocchio::JointDataSphericalTpl<double, 0>, pinocchio::JointDataSphericalZYXTpl<double, 0>, pinocchio::JointDataEllipsoidTpl<double, 0>, pinocchio::JointDataPrismaticTpl<double, 0, 0>, pinocchio::JointDataPrismaticTpl<double, 0, 1>, pinocchio::JointDataPrismaticTpl<double, 0, 2>, pinocchio::JointDataPrismaticUnalignedTpl<double, 0>, pinocchio::JointDataTranslationTpl<double, 0>, pinocchio::JointDataRevoluteUnboundedTpl<double, 0, 0>, pinocchio::JointDataRevoluteUnboundedTpl<double, 0, 1>, pinocchio::JointDataRevoluteUnboundedTpl<double, 0, 2>, pinocchio::JointDataRevoluteUnboundedUnalignedTpl<double, 0>, pinocchio::JointDataHelicalTpl<double, 0, 0>, pinocchio::JointDataHelicalTpl<double, 0, 1>, pinocchio::JointDataHelicalTpl<double, 0, 2>, pinocchio::JointDataHelicalUnalignedTpl<double, 0>, pinocchio::JointDataUniversalTpl<double, 0>, boost::recursive_wrapper<pinocchio::JointDataCompositeTpl<double, 0, pinocchio::JointCollectionDefaultTpl> >, boost::recursive_wrapper<pinocchio::JointDataMimicTpl<double, 0, pinocchio::JointCollectionDefaultTpl> > >[m[K’ has no member named ‘[01m[Kstorage_[m[K’; did you mean ‘[01m[Kstorage_t[m[K’?
 2059 |             detail::variant::assign_storage visitor([01;31m[Krhs.storage_[m[K.address());
      |                                                     [01;31m[K~~~~^~~~~~~~[m[K
      |                                                     [32m[Kstorage_t[m[K
/usr/include/boost/variant/variant.hpp: In instantiation of ‘[01m[Ktypename Visitor::result_type boost::variant<T0, TN>::internal_apply_visitor(Visitor&) [with Visitor = boost::detail::variant::destroyer; T0_ = pinocchio::JointModelRevoluteTpl<double, 0, 0>; TN = {pinocchio::JointModelRevoluteTpl<double, 0, 1>, pinocchio::JointModelRevoluteTpl<double, 0, 2>, pinocchio::JointModelFreeFlyerTpl<double, 0>, pinocchio::JointModelPlanarTpl<double, 0>, pinocchio::JointModelRevoluteUnalignedTpl<double, 0>, pinocchio::JointModelSphericalTpl<double, 0>, pinocchio::JointModelSphericalZYXTpl<double, 0>, pinocchio::JointModelEllipsoidTpl<double, 0>, pinocchio::JointModelPrismaticTpl<double, 0, 0>, pinocchio::JointModelPrismaticTpl<double, 0, 1>, pinocchio::JointModelPrismaticTpl<double, 0, 2>, pinocchio::JointModelPrismaticUnalignedTpl<double, 0>, pinocchio::JointModelTranslationTpl<double, 0>, pinocchio::JointModelRevoluteUnboundedTpl<double, 0, 0>, pinocchio::JointModelRevoluteUnboundedTpl<double, 0, 1>, pinocchio::JointModelRevoluteUnboundedTpl<double, 0, 2>, pinocchio::JointModelRevoluteUnboundedUnalignedTpl<double, 0>, pinocchio::JointModelHelicalTpl<double, 0, 0>, pinocchio::JointModelHelicalTpl<double, 0, 1>, pinocchio::JointModelHelicalTpl<double, 0, 2>, pinocchio::JointModelHelicalUnalignedTpl<double, 0>, pinocchio::JointModelUniversalTpl<double, 0>, boost::recursive_wrapper<pinocchio::JointModelCompositeTpl<double, 0, pinocchio::JointCollectionDefaultTpl> >, boost::recursive_wrapper<pinocchio::JointModelMimicTpl<double, 0, pinocchio::JointCollectionDefaultTpl> >}; typename Visitor::result_type = void][m[K’:
[01m[K/usr/include/boost/variant/variant.hpp:1365:9:[m[K   required from ‘[01m[Kvoid boost::variant<T0, TN>::destroy_content() [with T0_ = pinocchio::JointModelRevoluteTpl<double, 0, 0>; TN = {pinocchio::JointModelRevoluteTpl<double, 0, 1>, pinocchio::JointModelRevoluteTpl<double, 0, 2>, pinocchio::JointModelFreeFlyerTpl<double, 0>, pinocchio::JointModelPlanarTpl<double, 0>, pinocchio::JointModelRevoluteUnalignedTpl<double, 0>, pinocchio::JointModelSphericalTpl<double, 0>, pinocchio::JointModelSphericalZYXTpl<double, 0>, pinocchio::JointModelEllipsoidTpl<double, 0>, pinocchio::JointModelPrismaticTpl<double, 0, 0>, pinocchio::JointModelPrismaticTpl<double, 0, 1>, pinocchio::JointModelPrismaticTpl<double, 0, 2>, pinocchio::JointModelPrismaticUnalignedTpl<double, 0>, pinocchio::JointModelTranslationTpl<double, 0>, pinocchio::JointModelRevoluteUnboundedTpl<double, 0, 0>, pinocchio::JointModelRevoluteUnboundedTpl<double, 0, 1>, pinocchio::JointModelRevoluteUnboundedTpl<double, 0, 2>, pinocchio::JointModelRevoluteUnboundedUnalignedTpl<double, 0>, pinocchio::JointModelHelicalTpl<double, 0, 0>, pinocchio::JointModelHelicalTpl<double, 0, 1>, pinocchio::JointModelHelicalTpl<double, 0, 2>, pinocchio::JointModelHelicalUnalignedTpl<double, 0>, pinocchio::JointModelUniversalTpl<double, 0>, boost::recursive_wrapper<pinocchio::JointModelCompositeTpl<double, 0, pinocchio::JointCollectionDefaultTpl> >, boost::recursive_wrapper<pinocchio::JointModelMimicTpl<double, 0, pinocchio::JointCollectionDefaultTpl> >}][m[K’
[01m[K/usr/include/boost/variant/variant.hpp:1372:9:[m[K   required from ‘[01m[Kboost::variant<T0, TN>::~variant() [with T0_ = pinocchio::JointModelRevoluteTpl<double, 0, 0>; TN = {pinocchio::JointModelRevoluteTpl<double, 0, 1>, pinocchio::JointModelRevoluteTpl<double, 0, 2>, pinocchio::JointModelFreeFlyerTpl<double, 0>, pinocchio::JointModelPlanarTpl<double, 0>, pinocchio::JointModelRevoluteUnalignedTpl<double, 0>, pinocchio::JointModelSphericalTpl<double, 0>, pinocchio::JointModelSphericalZYXTpl<double, 0>, pinocchio::JointModelEllipsoidTpl<double, 0>, pinocchio::JointModelPrismaticTpl<double, 0, 0>, pinocchio::JointModelPrismaticTpl<double, 0, 1>, pinocchio::JointModelPrismaticTpl<double, 0, 2>, pinocchio::JointModelPrismaticUnalignedTpl<double, 0>, pinocchio::JointModelTranslationTpl<double, 0>, pinocchio::JointModelRevoluteUnboundedTpl<double, 0, 0>, pinocchio::JointModelRevoluteUnboundedTpl<double, 0, 1>, pinocchio::JointModelRevoluteUnboundedTpl<double, 0, 2>, pinocchio::JointModelRevoluteUnboundedUnalignedTpl<double, 0>, pinocchio::JointModelHelicalTpl<double, 0, 0>, pinocchio::JointModelHelicalTpl<double, 0, 1>, pinocchio::JointModelHelicalTpl<double, 0, 2>, pinocchio::JointModelHelicalUnalignedTpl<double, 0>, pinocchio::JointModelUniversalTpl<double, 0>, boost::recursive_wrapper<pinocchio::JointModelCompositeTpl<double, 0, pinocchio::JointCollectionDefaultTpl> >, boost::recursive_wrapper<pinocchio::JointModelMimicTpl<double, 0, pinocchio::JointCollectionDefaultTpl> >}][m[K’
[01m[K/usr/local/include/pinocchio/multibody/joint/joint-generic.hpp:262:10:[m[K   required from ‘[01m[Kvoid __gnu_cxx::new_allocator<_Tp>::destroy(_Up*) [with _Up = pinocchio::JointModelTpl<double>; _Tp = pinocchio::JointModelTpl<double>][m[K’
[01m[K/usr/include/c++/9/bits/alloc_traits.h:259:4:[m[K   required from ‘[01m[Kstatic decltype (__a.destroy(__p)) std::allocator_traits<_Alloc>::_S_destroy(_Alloc2&, _Tp*, int) [with _Alloc2 = Eigen::aligned_allocator<pinocchio::JointModelTpl<double> >; _Tp = pinocchio::JointModelTpl<double>; _Alloc = Eigen::aligned_allocator<pinocchio::JointModelTpl<double> >; decltype (__a.destroy(__p)) = void][m[K’
[01m[K/usr/include/c++/9/bits/alloc_traits.h:363:14:[m[K   required from ‘[01m[Kstatic void std::allocator_traits<_Alloc>::destroy(_Alloc&, _Tp*) [with _Tp = pinocchio::JointModelTpl<double>; _Alloc = Eigen::aligned_allocator<pinocchio::JointModelTpl<double> >][m[K’
[01m[K/usr/include/c++/9/bits/stl_construct.h:198:19:[m[K   required from ‘[01m[Kvoid std::_Destroy(_ForwardIterator, _ForwardIterator, _Allocator&) [with _ForwardIterator = pinocchio::JointModelTpl<double>*; _Allocator = Eigen::aligned_allocator<pinocchio::JointModelTpl<double> >][m[K’
[01m[K/usr/include/c++/9/bits/stl_vector.h:677:15:[m[K   required from ‘[01m[Kstd::vector<_Tp, _Alloc>::~vector() [with _Tp = pinocchio::JointModelTpl<double>; _Alloc = Eigen::aligned_allocator<pinocchio::JointModelTpl<double> >][m[K’
[01m[K/usr/local/include/pinocchio/multibody/model.hpp:45:10:[m[K   required from here
[01m[K/usr/include/boost/variant/variant.hpp:2347:41:[m[K [01;31m[Kerror: [m[Kusing invalid field ‘[01m[Kboost::variant<T0, TN>::storage_[m[K’
 2347 |               which_, which(), visitor, [01;31m[Kstorage_[m[K.address()
      |                                         [01;31m[K^~~~~~~~[m[K
[01m[K/usr/include/boost/variant/variant.hpp:2348:13:[m[K [01;31m[Kerror: [m[Kreturn-statement with a value, in function returning ‘[01m[Kboost::static_visitor<>::result_type[m[K’ {aka ‘[01m[Kvoid[m[K’} [[01;31m[K-fpermissive[m[K]
 2348 |             [01;31m[K)[m[K;
      |             [01;31m[K^[m[K
/usr/include/boost/variant/variant.hpp: In instantiation of ‘[01m[Kboost::variant<T0, TN>::variant() [with T0_ = pinocchio::JointModelRevoluteTpl<double, 0, 0>; TN = {pinocchio::JointModelRevoluteTpl<double, 0, 1>, pinocchio::JointModelRevoluteTpl<double, 0, 2>, pinocchio::JointModelFreeFlyerTpl<double, 0>, pinocchio::JointModelPlanarTpl<double, 0>, pinocchio::JointModelRevoluteUnalignedTpl<double, 0>, pinocchio::JointModelSphericalTpl<double, 0>, pinocchio::JointModelSphericalZYXTpl<double, 0>, pinocchio::JointModelEllipsoidTpl<double, 0>, pinocchio::JointModelPrismaticTpl<double, 0, 0>, pinocchio::JointModelPrismaticTpl<double, 0, 1>, pinocchio::JointModelPrismaticTpl<double, 0, 2>, pinocchio::JointModelPrismaticUnalignedTpl<double, 0>, pinocchio::JointModelTranslationTpl<double, 0>, pinocchio::JointModelRevoluteUnboundedTpl<double, 0, 0>, pinocchio::JointModelRevoluteUnboundedTpl<double, 0, 1>, pinocchio::JointModelRevoluteUnboundedTpl<double, 0, 2>, pinocchio::JointModelRevoluteUnboundedUnalignedTpl<double, 0>, pinocchio::JointModelHelicalTpl<double, 0, 0>, pinocchio::JointModelHelicalTpl<double, 0, 1>, pinocchio::JointModelHelicalTpl<double, 0, 2>, pinocchio::JointModelHelicalUnalignedTpl<double, 0>, pinocchio::JointModelUniversalTpl<double, 0>, boost::recursive_wrapper<pinocchio::JointModelCompositeTpl<double, 0, pinocchio::JointCollectionDefaultTpl> >, boost::recursive_wrapper<pinocchio::JointModelMimicTpl<double, 0, pinocchio::JointCollectionDefaultTpl> >}][m[K’:
[01m[K/usr/local/include/pinocchio/multibody/joint/joint-generic.hpp:283:25:[m[K   required from ‘[01m[Kpinocchio::JointModelTpl<Scalar, Options, JointCollectionTpl>::JointModelTpl() [with _Scalar = double; int _Options = 0; JointCollectionTpl = pinocchio::JointCollectionDefaultTpl][m[K’
[01m[K/usr/include/c++/9/ext/new_allocator.h:146:4:[m[K   required from ‘[01m[Kvoid __gnu_cxx::new_allocator<_Tp>::construct(_Up*, _Args&& ...) [with _Up = pinocchio::JointModelTpl<double>; _Args = {}; _Tp = pinocchio::JointModelTpl<double>][m[K’
[01m[K/usr/include/c++/9/bits/alloc_traits.h:244:4:[m[K   required from ‘[01m[Kstatic std::_Require<typename std::allocator_traits<_Alloc>::__construct_helper<_Tp, _Args>::type> std::allocator_traits<_Alloc>::_S_construct(_Alloc&, _Tp*, _Args&& ...) [with _Tp = pinocchio::JointModelTpl<double>; _Args = {}; _Alloc = Eigen::aligned_allocator<pinocchio::JointModelTpl<double> >; std::_Require<typename std::allocator_traits<_Alloc>::__construct_helper<_Tp, _Args>::type> = void][m[K’
[01m[K/usr/include/c++/9/bits/alloc_traits.h:350:16:[m[K   required from ‘[01m[Kstatic decltype (std::allocator_traits<_Alloc>::_S_construct(__a, __p, (forward<_Args>)(std::allocator_traits::construct::__args)...)) std::allocator_traits<_Alloc>::construct(_Alloc&, _Tp*, _Args&& ...) [with _Tp = pinocchio::JointModelTpl<double>; _Args = {}; _Alloc = Eigen::aligned_allocator<pinocchio::JointModelTpl<double> >; decltype (std::allocator_traits<_Alloc>::_S_construct(__a, __p, (forward<_Args>)(std::allocator_traits::construct::__args)...)) = void][m[K’
[01m[K/usr/include/c++/9/bits/stl_uninitialized.h:649:25:[m[K   required from ‘[01m[K_ForwardIterator std::__uninitialized_default_n_a(_ForwardIterator, _Size, _Allocator&) [with _ForwardIterator = pinocchio::JointModelTpl<double>*; _Size = long unsigned int; _Allocator = Eigen::aligned_allocator<pinocchio::JointModelTpl<double> >][m[K’
[01m[K/usr/include/c++/9/bits/stl_vector.h:1603:36:[m[K   required from ‘[01m[Kvoid std::vector<_Tp, _Alloc>::_M_default_initialize(std::vector<_Tp, _Alloc>::size_type) [with _Tp = pinocchio::JointModelTpl<double>; _Alloc = Eigen::aligned_allocator<pinocchio::JointModelTpl<double> >; std::vector<_Tp, _Alloc>::size_type = long unsigned int][m[K’
[01m[K/usr/include/c++/9/bits/stl_vector.h:509:9:[m[K   required from ‘[01m[Kstd::vector<_Tp, _Alloc>::vector(std::vector<_Tp, _Alloc>::size_type, const allocator_type&) [with _Tp = pinocchio::JointModelTpl<double>; _Alloc = Eigen::aligned_allocator<pinocchio::JointModelTpl<double> >; std::vector<_Tp, _Alloc>::size_type = long unsigned int; std::vector<_Tp, _Alloc>::allocator_type = Eigen::aligned_allocator<pinocchio::JointModelTpl<double> >][m[K’
[01m[K/usr/local/include/pinocchio/multibody/model.hpp:245:42:[m[K   required from ‘[01m[Kpinocchio::ModelTpl<_Scalar, _Options, JointCollectionTpl>::ModelTpl() [with _Scalar = double; int _Options = 0; JointCollectionTpl = pinocchio::JointCollectionDefaultTpl][m[K’
[01m[K/home/pth/pth/model/Go2_simulator/src/controls/go2_controller/include/Tools/Pinocchio_Interface.hpp:49:54:[m[K   required from here
[01m[K/usr/include/boost/variant/variant.hpp:1390:14:[m[K [01;31m[Kerror: [m[Kusing invalid field ‘[01m[Kboost::variant<T0, TN>::storage_[m[K’
 1390 |         new( [01;31m[Kstorage_[m[K.address() ) internal_T0();
      |              [01;31m[K^~~~~~~~[m[K
/usr/include/boost/variant/variant.hpp: In instantiation of ‘[01m[Kboost::variant<T0, TN>::variant() [with T0_ = pinocchio::JointDataRevoluteTpl<double, 0, 0>; TN = {pinocchio::JointDataRevoluteTpl<double, 0, 1>, pinocchio::JointDataRevoluteTpl<double, 0, 2>, pinocchio::JointDataFreeFlyerTpl<double, 0>, pinocchio::JointDataPlanarTpl<double, 0>, pinocchio::JointDataRevoluteUnalignedTpl<double, 0>, pinocchio::JointDataSphericalTpl<double, 0>, pinocchio::JointDataSphericalZYXTpl<double, 0>, pinocchio::JointDataEllipsoidTpl<double, 0>, pinocchio::JointDataPrismaticTpl<double, 0, 0>, pinocchio::JointDataPrismaticTpl<double, 0, 1>, pinocchio::JointDataPrismaticTpl<double, 0, 2>, pinocchio::JointDataPrismaticUnalignedTpl<double, 0>, pinocchio::JointDataTranslationTpl<double, 0>, pinocchio::JointDataRevoluteUnboundedTpl<double, 0, 0>, pinocchio::JointDataRevoluteUnboundedTpl<double, 0, 1>, pinocchio::JointDataRevoluteUnboundedTpl<double, 0, 2>, pinocchio::JointDataRevoluteUnboundedUnalignedTpl<double, 0>, pinocchio::JointDataHelicalTpl<double, 0, 0>, pinocchio::JointDataHelicalTpl<double, 0, 1>, pinocchio::JointDataHelicalTpl<double, 0, 2>, pinocchio::JointDataHelicalUnalignedTpl<double, 0>, pinocchio::JointDataUniversalTpl<double, 0>, boost::recursive_wrapper<pinocchio::JointDataCompositeTpl<double, 0, pinocchio::JointCollectionDefaultTpl> >, boost::recursive_wrapper<pinocchio::JointDataMimicTpl<double, 0, pinocchio::JointCollectionDefaultTpl> >}][m[K’:
[01m[K/usr/local/include/pinocchio/multibody/joint/joint-generic.hpp:162:24:[m[K   required from ‘[01m[Kpinocchio::JointDataTpl<Scalar, Options, JointCollectionTpl>::JointDataTpl() [with _Scalar = double; int _Options = 0; JointCollectionTpl = pinocchio::JointCollectionDefaultTpl][m[K’
[01m[K/usr/include/c++/9/ext/new_allocator.h:146:4:[m[K   required from ‘[01m[Kvoid __gnu_cxx::new_allocator<_Tp>::construct(_Up*, _Args&& ...) [with _Up = pinocchio::JointDataTpl<double>; _Args = {}; _Tp = pinocchio::JointDataTpl<double>][m[K’
[01m[K/usr/include/c++/9/bits/alloc_traits.h:244:4:[m[K   required from ‘[01m[Kstatic std::_Require<typename std::allocator_traits<_Alloc>::__construct_helper<_Tp, _Args>::type> std::allocator_traits<_Alloc>::_S_construct(_Alloc&, _Tp*, _Args&& ...) [with _Tp = pinocchio::JointDataTpl<double>; _Args = {}; _Alloc = Eigen::aligned_allocator<pinocchio::JointDataTpl<double> >; std::_Require<typename std::allocator_traits<_Alloc>::__construct_helper<_Tp, _Args>::type> = void][m[K’
[01m[K/usr/include/c++/9/bits/alloc_traits.h:350:16:[m[K   required from ‘[01m[Kstatic decltype (std::allocator_traits<_Alloc>::_S_construct(__a, __p, (forward<_Args>)(std::allocator_traits::construct::__args)...)) std::allocator_traits<_Alloc>::construct(_Alloc&, _Tp*, _Args&& ...) [with _Tp = pinocchio::JointDataTpl<double>; _Args = {}; _Alloc = Eigen::aligned_allocator<pinocchio::JointDataTpl<double> >; decltype (std::allocator_traits<_Alloc>::_S_construct(__a, __p, (forward<_Args>)(std::allocator_traits::construct::__args)...)) = void][m[K’
[01m[K/usr/include/c++/9/bits/stl_uninitialized.h:649:25:[m[K   required from ‘[01m[K_ForwardIterator std::__uninitialized_default_n_a(_ForwardIterator, _Size, _Allocator&) [with _ForwardIterator = pinocchio::JointDataTpl<double>*; _Size = long unsigned int; _Allocator = Eigen::aligned_allocator<pinocchio::JointDataTpl<double> >][m[K’
[01m[K/usr/include/c++/9/bits/stl_vector.h:1603:36:[m[K   required from ‘[01m[Kvoid std::vector<_Tp, _Alloc>::_M_default_initialize(std::vector<_Tp, _Alloc>::size_type) [with _Tp = pinocchio::JointDataTpl<double>; _Alloc = Eigen::aligned_allocator<pinocchio::JointDataTpl<double> >; std::vector<_Tp, _Alloc>::size_type = long unsigned int][m[K’
[01m[K/usr/include/c++/9/bits/stl_vector.h:509:9:[m[K   required from ‘[01m[Kstd::vector<_Tp, _Alloc>::vector(std::vector<_Tp, _Alloc>::size_type, const allocator_type&) [with _Tp = pinocchio::JointDataTpl<double>; _Alloc = Eigen::aligned_allocator<pinocchio::JointDataTpl<double> >; std::vector<_Tp, _Alloc>::size_type = long unsigned int; std::vector<_Tp, _Alloc>::allocator_type = Eigen::aligned_allocator<pinocchio::JointDataTpl<double> >][m[K’
[01m[K/usr/local/include/pinocchio/multibody/data.hxx:164:52:[m[K   required from ‘[01m[Kpinocchio::DataTpl<_Scalar, _Options, JointCollectionTpl>::DataTpl(const Model&) [with _Scalar = double; int _Options = 0; JointCollectionTpl = pinocchio::JointCollectionDefaultTpl; pinocchio::DataTpl<_Scalar, _Options, JointCollectionTpl>::Model = pinocchio::ModelTpl<double, 0>][m[K’
[01m[K/home/pth/pth/model/Go2_simulator/src/controls/go2_controller/include/Tools/Pinocchio_Interface.hpp:52:36:[m[K   required from here
[01m[K/usr/include/boost/variant/variant.hpp:1390:14:[m[K [01;31m[Kerror: [m[Kusing invalid field ‘[01m[Kboost::variant<T0, TN>::storage_[m[K’
In file included from [01m[K/usr/local/include/pinocchio/multibody/model.hpp:17[m[K,
                 from [01m[K/usr/local/include/pinocchio/algorithm/frames.hpp:8[m[K,
                 from [01m[K/home/pth/pth/model/Go2_simulator/src/controls/go2_controller/include/Tools/Pinocchio_Interface.hpp:5[m[K,
                 from [01m[K/home/pth/pth/model/Go2_simulator/src/controls/go2_controller/include/go2_controller.h:39[m[K,
                 from [01m[K/home/pth/pth/model/Go2_simulator/src/controls/go2_controller/include/Tools/TaskSpacePDControl.cpp:1[m[K:
/usr/local/include/pinocchio/multibody/joint/joint-generic.hpp: In instantiation of ‘[01m[Kpinocchio::JointModelTpl<Scalar, Options, JointCollectionTpl>::JointModelTpl(const pinocchio::JointModelBase<OtherDerived>&) [with JointModelDerived = pinocchio::JointModelFreeFlyerTpl<double>; _Scalar = double; int _Options = 0; JointCollectionTpl = pinocchio::JointCollectionDefaultTpl][m[K’:
[01m[K/usr/local/include/pinocchio/parsers/urdf/model.hxx:256:22:[m[K   required from ‘[01m[Kvoid pinocchio::urdf::details::UrdfVisitor<Scalar, Options, JointCollectionTpl>::addJointAndBody(pinocchio::urdf::details::UrdfVisitor<Scalar, Options, JointCollectionTpl>::JointType, const Vector3&, const FrameIndex&, const SE3&, const string&, const Inertia&, const SE3&, const string&, const VectorConstRef&, const VectorConstRef&, const VectorConstRef&, const VectorConstRef&, const VectorConstRef&, const VectorConstRef&, const boost::optional<pinocchio::urdf::details::MimicInfo<_Scalar, Options> >&) [with Scalar = double; int Options = 0; JointCollectionTpl = pinocchio::JointCollectionDefaultTpl; pinocchio::urdf::details::UrdfVisitor<Scalar, Options, JointCollectionTpl>::JointType = pinocchio::urdf::details::UrdfVisitorBaseTpl<double, 0>::JointType; pinocchio::urdf::details::UrdfVisitor<Scalar, Options, JointCollectionTpl>::Vector3 = Eigen::Matrix<double, 3, 1>; pinocchio::FrameIndex = long unsigned int; pinocchio::urdf::details::UrdfVisitor<Scalar, Options, JointCollectionTpl>::SE3 = pinocchio::SE3Tpl<double, 0>; std::string = std::__cxx11::basic_string<char>; pinocchio::urdf::details::UrdfVisitor<Scalar, Options, JointCollectionTpl>::Inertia = pinocchio::InertiaTpl<double, 0>; pinocchio::urdf::details::UrdfVisitor<Scalar, Options, JointCollectionTpl>::VectorConstRef = Eigen::Ref<const Eigen::Matrix<double, -1, 1> >][m[K’
[01m[K/usr/local/include/pinocchio/parsers/urdf/model.hxx:234:14:[m[K   required from here
[01m[K/usr/local/include/pinocchio/multibody/joint/joint-generic.hpp:304:25:[m[K [01;31m[Kerror: [m[Kno matching function for call to ‘[01m[Kboost::variant<pinocchio::JointModelRevoluteTpl<double, 0, 0>, pinocchio::JointModelRevoluteTpl<double, 0, 1>, pinocchio::JointModelRevoluteTpl<double, 0, 2>, pinocchio::JointModelFreeFlyerTpl<double, 0>, pinocchio::JointModelPlanarTpl<double, 0>, pinocchio::JointModelRevoluteUnalignedTpl<double, 0>, pinocchio::JointModelSphericalTpl<double, 0>, pinocchio::JointModelSphericalZYXTpl<double, 0>, pinocchio::JointModelEllipsoidTpl<double, 0>, pinocchio::JointModelPrismaticTpl<double, 0, 0>, pinocchio::JointModelPrismaticTpl<double, 0, 1>, pinocchio::JointModelPrismaticTpl<double, 0, 2>, pinocchio::JointModelPrismaticUnalignedTpl<double, 0>, pinocchio::JointModelTranslationTpl<double, 0>, pinocchio::JointModelRevoluteUnboundedTpl<double, 0, 0>, pinocchio::JointModelRevoluteUnboundedTpl<double, 0, 1>, pinocchio::JointModelRevoluteUnboundedTpl<double, 0, 2>, pinocchio::JointModelRevoluteUnboundedUnalignedTpl<double, 0>, pinocchio::JointModelHelicalTpl<double, 0, 0>, pinocchio::JointModelHelicalTpl<double, 0, 1>, pinocchio::JointModelHelicalTpl<double, 0, 2>, pinocchio::JointModelHelicalUnalignedTpl<double, 0>, pinocchio::JointModelUniversalTpl<double, 0>, boost::recursive_wrapper<pinocchio::JointModelCompositeTpl<double, 0, pinocchio::JointCollectionDefaultTpl> >, boost::recursive_wrapper<pinocchio::JointModelMimicTpl<double, 0, pinocchio::JointCollectionDefaultTpl> > >::variant(const JointModelDerived&)[m[K’
  304 |     : JointModelVariant((JointModelVariant)jmodel.derived())
In file included from [01m[K/usr/include/boost/signals2/slot_base.hpp:22[m[K,
                 from [01m[K/usr/include/boost/signals2/detail/tracked_objects_visitor.hpp:18[m[K,
                 from [01m[K/usr/include/boost/signals2/slot.hpp:22[m[K,
                 from [01m[K/usr/include/boost/signals2/connection.hpp:24[m[K,
                 from [01m[K/usr/include/boost/signals2/signal.hpp:22[m[K,
                 from [01m[K/usr/include/boost/signals2.hpp:19[m[K,
                 from [01m[K/opt/ros/noetic/include/tf/tf.h:46[m[K,
                 from [01m[K/home/pth/pth/model/Go2_simulator/src/controls/go2_controller/include/go2_controller.h:28[m[K,
                 from [01m[K/home/pth/pth/model/Go2_simulator/src/controls/go2_controller/include/Tools/TaskSpacePDControl.cpp:1[m[K:
[01m[K/usr/include/boost/variant/variant.hpp:1767:5:[m[K [01;36m[Knote: [m[Kcandidate: ‘[01m[Kboost::variant<T0, TN>::variant(boost::variant<T0, TN>&&) [with T0_ = pinocchio::JointModelRevoluteTpl<double, 0, 0>; TN = {pinocchio::JointModelRevoluteTpl<double, 0, 1>, pinocchio::JointModelRevoluteTpl<double, 0, 2>, pinocchio::JointModelFreeFlyerTpl<double, 0>, pinocchio::JointModelPlanarTpl<double, 0>, pinocchio::JointModelRevoluteUnalignedTpl<double, 0>, pinocchio::JointModelSphericalTpl<double, 0>, pinocchio::JointModelSphericalZYXTpl<double, 0>, pinocchio::JointModelEllipsoidTpl<double, 0>, pinocchio::JointModelPrismaticTpl<double, 0, 0>, pinocchio::JointModelPrismaticTpl<double, 0, 1>, pinocchio::JointModelPrismaticTpl<double, 0, 2>, pinocchio::JointModelPrismaticUnalignedTpl<double, 0>, pinocchio::JointModelTranslationTpl<double, 0>, pinocchio::JointModelRevoluteUnboundedTpl<double, 0, 0>, pinocchio::JointModelRevoluteUnboundedTpl<double, 0, 1>, pinocchio::JointModelRevoluteUnboundedTpl<double, 0, 2>, pinocchio::JointModelRevoluteUnboundedUnalignedTpl<double, 0>, pinocchio::JointModelHelicalTpl<double, 0, 0>, pinocchio::JointModelHelicalTpl<double, 0, 1>, pinocchio::JointModelHelicalTpl<double, 0, 2>, pinocchio::JointModelHelicalUnalignedTpl<double, 0>, pinocchio::JointModelUniversalTpl<double, 0>, boost::recursive_wrapper<pinocchio::JointModelCompositeTpl<double, 0, pinocchio::JointCollectionDefaultTpl> >, boost::recursive_wrapper<pinocchio::JointModelMimicTpl<double, 0, pinocchio::JointCollectionDefaultTpl> >}][m[K’
 1767 |     [01;36m[Kvariant[m[K(variant&& operand) BOOST_NOEXCEPT_IF(variant_move_noexcept_constructible::type::value)
      |     [01;36m[K^~~~~~~[m[K
[01m[K/usr/include/boost/variant/variant.hpp:1767:23:[m[K [01;36m[Knote: [m[K  no known conversion for argument 1 from ‘[01m[Kconst JointModelDerived[m[K’ {aka ‘[01m[Kconst pinocchio::JointModelFreeFlyerTpl<double>[m[K’} to ‘[01m[Kboost::variant<pinocchio::JointModelRevoluteTpl<double, 0, 0>, pinocchio::JointModelRevoluteTpl<double, 0, 1>, pinocchio::JointModelRevoluteTpl<double, 0, 2>, pinocchio::JointModelFreeFlyerTpl<double, 0>, pinocchio::JointModelPlanarTpl<double, 0>, pinocchio::JointModelRevoluteUnalignedTpl<double, 0>, pinocchio::JointModelSphericalTpl<double, 0>, pinocchio::JointModelSphericalZYXTpl<double, 0>, pinocchio::JointModelEllipsoidTpl<double, 0>, pinocchio::JointModelPrismaticTpl<double, 0, 0>, pinocchio::JointModelPrismaticTpl<double, 0, 1>, pinocchio::JointModelPrismaticTpl<double, 0, 2>, pinocchio::JointModelPrismaticUnalignedTpl<double, 0>, pinocchio::JointModelTranslationTpl<double, 0>, pinocchio::JointModelRevoluteUnboundedTpl<double, 0, 0>, pinocchio::JointModelRevoluteUnboundedTpl<double, 0, 1>, pinocchio::JointModelRevoluteUnboundedTpl<double, 0, 2>, pinocchio::JointModelRevoluteUnboundedUnalignedTpl<double, 0>, pinocchio::JointModelHelicalTpl<double, 0, 0>, pinocchio::JointModelHelicalTpl<double, 0, 1>, pinocchio::JointModelHelicalTpl<double, 0, 2>, pinocchio::JointModelHelicalUnalignedTpl<double, 0>, pinocchio::JointModelUniversalTpl<double, 0>, boost::recursive_wrapper<pinocchio::JointModelCompositeTpl<double, 0, pinocchio::JointCollectionDefaultTpl> >, boost::recursive_wrapper<pinocchio::JointModelMimicTpl<double, 0, pinocchio::JointCollectionDefaultTpl> > >&&[m[K’
 1767 |     variant([01;36m[Kvariant&& operand[m[K) BOOST_NOEXCEPT_IF(variant_move_noexcept_constructible::type::value)
      |             [01;36m[K~~~~~~~~~~^~~~~~~[m[K
[01m[K/usr/include/boost/variant/variant.hpp:1756:5:[m[K [01;36m[Knote: [m[Kcandidate: ‘[01m[Kboost::variant<T0, TN>::variant(const boost::variant<T0, TN>&) [with T0_ = pinocchio::JointModelRevoluteTpl<double, 0, 0>; TN = {pinocchio::JointModelRevoluteTpl<double, 0, 1>, pinocchio::JointModelRevoluteTpl<double, 0, 2>, pinocchio::JointModelFreeFlyerTpl<double, 0>, pinocchio::JointModelPlanarTpl<double, 0>, pinocchio::JointModelRevoluteUnalignedTpl<double, 0>, pinocchio::JointModelSphericalTpl<double, 0>, pinocchio::JointModelSphericalZYXTpl<double, 0>, pinocchio::JointModelEllipsoidTpl<double, 0>, pinocchio::JointModelPrismaticTpl<double, 0, 0>, pinocchio::JointModelPrismaticTpl<double, 0, 1>, pinocchio::JointModelPrismaticTpl<double, 0, 2>, pinocchio::JointModelPrismaticUnalignedTpl<double, 0>, pinocchio::JointModelTranslationTpl<double, 0>, pinocchio::JointModelRevoluteUnboundedTpl<double, 0, 0>, pinocchio::JointModelRevoluteUnboundedTpl<double, 0, 1>, pinocchio::JointModelRevoluteUnboundedTpl<double, 0, 2>, pinocchio::JointModelRevoluteUnboundedUnalignedTpl<double, 0>, pinocchio::JointModelHelicalTpl<double, 0, 0>, pinocchio::JointModelHelicalTpl<double, 0, 1>, pinocchio::JointModelHelicalTpl<double, 0, 2>, pinocchio::JointModelHelicalUnalignedTpl<double, 0>, pinocchio::JointModelUniversalTpl<double, 0>, boost::recursive_wrapper<pinocchio::JointModelCompositeTpl<double, 0, pinocchio::JointCollectionDefaultTpl> >, boost::recursive_wrapper<pinocchio::JointModelMimicTpl<double, 0, pinocchio::JointCollectionDefaultTpl> >}][m[K’
 1756 |     [01;36m[Kvariant[m[K(const variant& operand)
      |     [01;36m[K^~~~~~~[m[K
[01m[K/usr/include/boost/variant/variant.hpp:1756:28:[m[K [01;36m[Knote: [m[K  no known conversion for argument 1 from ‘[01m[Kconst JointModelDerived[m[K’ {aka ‘[01m[Kconst pinocchio::JointModelFreeFlyerTpl<double>[m[K’} to ‘[01m[Kconst boost::variant<pinocchio::JointModelRevoluteTpl<double, 0, 0>, pinocchio::JointModelRevoluteTpl<double, 0, 1>, pinocchio::JointModelRevoluteTpl<double, 0, 2>, pinocchio::JointModelFreeFlyerTpl<double, 0>, pinocchio::JointModelPlanarTpl<double, 0>, pinocchio::JointModelRevoluteUnalignedTpl<double, 0>, pinocchio::JointModelSphericalTpl<double, 0>, pinocchio::JointModelSphericalZYXTpl<double, 0>, pinocchio::JointModelEllipsoidTpl<double, 0>, pinocchio::JointModelPrismaticTpl<double, 0, 0>, pinocchio::JointModelPrismaticTpl<double, 0, 1>, pinocchio::JointModelPrismaticTpl<double, 0, 2>, pinocchio::JointModelPrismaticUnalignedTpl<double, 0>, pinocchio::JointModelTranslationTpl<double, 0>, pinocchio::JointModelRevoluteUnboundedTpl<double, 0, 0>, pinocchio::JointModelRevoluteUnboundedTpl<double, 0, 1>, pinocchio::JointModelRevoluteUnboundedTpl<double, 0, 2>, pinocchio::JointModelRevoluteUnboundedUnalignedTpl<double, 0>, pinocchio::JointModelHelicalTpl<double, 0, 0>, pinocchio::JointModelHelicalTpl<double, 0, 1>, pinocchio::JointModelHelicalTpl<double, 0, 2>, pinocchio::JointModelHelicalUnalignedTpl<double, 0>, pinocchio::JointModelUniversalTpl<double, 0>, boost::recursive_wrapper<pinocchio::JointModelCompositeTpl<double, 0, pinocchio::JointCollectionDefaultTpl> >, boost::recursive_wrapper<pinocchio::JointModelMimicTpl<double, 0, pinocchio::JointCollectionDefaultTpl> > >&[m[K’
 1756 |     variant([01;36m[Kconst variant& operand[m[K)
      |             [01;36m[K~~~~~~~~~~~~~~~^~~~~~~[m[K
[01m[K/usr/include/boost/variant/variant.hpp:1375:5:[m[K [01;36m[Knote: [m[Kcandidate: ‘[01m[Kboost::variant<T0, TN>::variant() [with T0_ = pinocchio::JointModelRevoluteTpl<double, 0, 0>; TN = {pinocchio::JointModelRevoluteTpl<double, 0, 1>, pinocchio::JointModelRevoluteTpl<double, 0, 2>, pinocchio::JointModelFreeFlyerTpl<double, 0>, pinocchio::JointModelPlanarTpl<double, 0>, pinocchio::JointModelRevoluteUnalignedTpl<double, 0>, pinocchio::JointModelSphericalTpl<double, 0>, pinocchio::JointModelSphericalZYXTpl<double, 0>, pinocchio::JointModelEllipsoidTpl<double, 0>, pinocchio::JointModelPrismaticTpl<double, 0, 0>, pinocchio::JointModelPrismaticTpl<double, 0, 1>, pinocchio::JointModelPrismaticTpl<double, 0, 2>, pinocchio::JointModelPrismaticUnalignedTpl<double, 0>, pinocchio::JointModelTranslationTpl<double, 0>, pinocchio::JointModelRevoluteUnboundedTpl<double, 0, 0>, pinocchio::JointModelRevoluteUnboundedTpl<double, 0, 1>, pinocchio::JointModelRevoluteUnboundedTpl<double, 0, 2>, pinocchio::JointModelRevoluteUnboundedUnalignedTpl<double, 0>, pinocchio::JointModelHelicalTpl<double, 0, 0>, pinocchio::JointModelHelicalTpl<double, 0, 1>, pinocchio::JointModelHelicalTpl<double, 0, 2>, pinocchio::JointModelHelicalUnalignedTpl<double, 0>, pinocchio::JointModelUniversalTpl<double, 0>, boost::recursive_wrapper<pinocchio::JointModelCompositeTpl<double, 0, pinocchio::JointCollectionDefaultTpl> >, boost::recursive_wrapper<pinocchio::JointModelMimicTpl<double, 0, pinocchio::JointCollectionDefaultTpl> >}][m[K’
 1375 |     [01;36m[Kvariant[m[K()
      |     [01;36m[K^~~~~~~[m[K
[01m[K/usr/include/boost/variant/variant.hpp:1375:5:[m[K [01;36m[Knote: [m[K  candidate expects 0 arguments, 1 provided
In file included from [01m[K/usr/local/include/pinocchio/multibody/model.hpp:17[m[K,
                 from [01m[K/usr/local/include/pinocchio/algorithm/frames.hpp:8[m[K,
                 from [01m[K/home/pth/pth/model/Go2_simulator/src/controls/go2_controller/include/Tools/Pinocchio_Interface.hpp:5[m[K,
                 from [01m[K/home/pth/pth/model/Go2_simulator/src/controls/go2_controller/include/go2_controller.h:39[m[K,
                 from [01m[K/home/pth/pth/model/Go2_simulator/src/controls/go2_controller/include/Tools/TaskSpacePDControl.cpp:1[m[K:
/usr/local/include/pinocchio/multibody/joint/joint-generic.hpp: In instantiation of ‘[01m[Kpinocchio::JointModelTpl<Scalar, Options, JointCollectionTpl>::JointModelTpl(const pinocchio::JointModelBase<OtherDerived>&) [with JointModelDerived = pinocchio::JointModelPlanarTpl<double>; _Scalar = double; int _Options = 0; JointCollectionTpl = pinocchio::JointCollectionDefaultTpl][m[K’:
[01m[K/usr/local/include/pinocchio/parsers/urdf/model.hxx:286:22:[m[K   required from ‘[01m[Kvoid pinocchio::urdf::details::UrdfVisitor<Scalar, Options, JointCollectionTpl>::addJointAndBody(pinocchio::urdf::details::UrdfVisitor<Scalar, Options, JointCollectionTpl>::JointType, const Vector3&, const FrameIndex&, const SE3&, const string&, const Inertia&, const SE3&, const string&, const VectorConstRef&, const VectorConstRef&, const VectorConstRef&, const VectorConstRef&, const VectorConstRef&, const VectorConstRef&, const boost::optional<pinocchio::urdf::details::MimicInfo<_Scalar, Options> >&) [with Scalar = double; int Options = 0; JointCollectionTpl = pinocchio::JointCollectionDefaultTpl; pinocchio::urdf::details::UrdfVisitor<Scalar, Options, JointCollectionTpl>::JointType = pinocchio::urdf::details::UrdfVisitorBaseTpl<double, 0>::JointType; pinocchio::urdf::details::UrdfVisitor<Scalar, Options, JointCollectionTpl>::Vector3 = Eigen::Matrix<double, 3, 1>; pinocchio::FrameIndex = long unsigned int; pinocchio::urdf::details::UrdfVisitor<Scalar, Options, JointCollectionTpl>::SE3 = pinocchio::SE3Tpl<double, 0>; std::string = std::__cxx11::basic_string<char>; pinocchio::urdf::details::UrdfVisitor<Scalar, Options, JointCollectionTpl>::Inertia = pinocchio::InertiaTpl<double, 0>; pinocchio::urdf::details::UrdfVisitor<Scalar, Options, JointCollectionTpl>::VectorConstRef = Eigen::Ref<const Eigen::Matrix<double, -1, 1> >][m[K’
[01m[K/usr/local/include/pinocchio/parsers/urdf/model.hxx:234:14:[m[K   required from here
[01m[K/usr/local/include/pinocchio/multibody/joint/joint-generic.hpp:304:25:[m[K [01;31m[Kerror: [m[Kno matching function for call to ‘[01m[Kboost::variant<pinocchio::JointModelRevoluteTpl<double, 0, 0>, pinocchio::JointModelRevoluteTpl<double, 0, 1>, pinocchio::JointModelRevoluteTpl<double, 0, 2>, pinocchio::JointModelFreeFlyerTpl<double, 0>, pinocchio::JointModelPlanarTpl<double, 0>, pinocchio::JointModelRevoluteUnalignedTpl<double, 0>, pinocchio::JointModelSphericalTpl<double, 0>, pinocchio::JointModelSphericalZYXTpl<double, 0>, pinocchio::JointModelEllipsoidTpl<double, 0>, pinocchio::JointModelPrismaticTpl<double, 0, 0>, pinocchio::JointModelPrismaticTpl<double, 0, 1>, pinocchio::JointModelPrismaticTpl<double, 0, 2>, pinocchio::JointModelPrismaticUnalignedTpl<double, 0>, pinocchio::JointModelTranslationTpl<double, 0>, pinocchio::JointModelRevoluteUnboundedTpl<double, 0, 0>, pinocchio::JointModelRevoluteUnboundedTpl<double, 0, 1>, pinocchio::JointModelRevoluteUnboundedTpl<double, 0, 2>, pinocchio::JointModelRevoluteUnboundedUnalignedTpl<double, 0>, pinocchio::JointModelHelicalTpl<double, 0, 0>, pinocchio::JointModelHelicalTpl<double, 0, 1>, pinocchio::JointModelHelicalTpl<double, 0, 2>, pinocchio::JointModelHelicalUnalignedTpl<double, 0>, pinocchio::JointModelUniversalTpl<double, 0>, boost::recursive_wrapper<pinocchio::JointModelCompositeTpl<double, 0, pinocchio::JointCollectionDefaultTpl> >, boost::recursive_wrapper<pinocchio::JointModelMimicTpl<double, 0, pinocchio::JointCollectionDefaultTpl> > >::variant(const JointModelDerived&)[m[K’
  304 |     : JointModelVariant((JointModelVariant)jmodel.derived())
In file included from [01m[K/usr/include/boost/signals2/slot_base.hpp:22[m[K,
                 from [01m[K/usr/include/boost/signals2/detail/tracked_objects_visitor.hpp:18[m[K,
                 from [01m[K/usr/include/boost/signals2/slot.hpp:22[m[K,
                 from [01m[K/usr/include/boost/signals2/connection.hpp:24[m[K,
                 from [01m[K/usr/include/boost/signals2/signal.hpp:22[m[K,
                 from [01m[K/usr/include/boost/signals2.hpp:19[m[K,
                 from [01m[K/opt/ros/noetic/include/tf/tf.h:46[m[K,
                 from [01m[K/home/pth/pth/model/Go2_simulator/src/controls/go2_controller/include/go2_controller.h:28[m[K,
                 from [01m[K/home/pth/pth/model/Go2_simulator/src/controls/go2_controller/include/Tools/TaskSpacePDControl.cpp:1[m[K:
[01m[K/usr/include/boost/variant/variant.hpp:1767:5:[m[K [01;36m[Knote: [m[Kcandidate: ‘[01m[Kboost::variant<T0, TN>::variant(boost::variant<T0, TN>&&) [with T0_ = pinocchio::JointModelRevoluteTpl<double, 0, 0>; TN = {pinocchio::JointModelRevoluteTpl<double, 0, 1>, pinocchio::JointModelRevoluteTpl<double, 0, 2>, pinocchio::JointModelFreeFlyerTpl<double, 0>, pinocchio::JointModelPlanarTpl<double, 0>, pinocchio::JointModelRevoluteUnalignedTpl<double, 0>, pinocchio::JointModelSphericalTpl<double, 0>, pinocchio::JointModelSphericalZYXTpl<double, 0>, pinocchio::JointModelEllipsoidTpl<double, 0>, pinocchio::JointModelPrismaticTpl<double, 0, 0>, pinocchio::JointModelPrismaticTpl<double, 0, 1>, pinocchio::JointModelPrismaticTpl<double, 0, 2>, pinocchio::JointModelPrismaticUnalignedTpl<double, 0>, pinocchio::JointModelTranslationTpl<double, 0>, pinocchio::JointModelRevoluteUnboundedTpl<double, 0, 0>, pinocchio::JointModelRevoluteUnboundedTpl<double, 0, 1>, pinocchio::JointModelRevoluteUnboundedTpl<double, 0, 2>, pinocchio::JointModelRevoluteUnboundedUnalignedTpl<double, 0>, pinocchio::JointModelHelicalTpl<double, 0, 0>, pinocchio::JointModelHelicalTpl<double, 0, 1>, pinocchio::JointModelHelicalTpl<double, 0, 2>, pinocchio::JointModelHelicalUnalignedTpl<double, 0>, pinocchio::JointModelUniversalTpl<double, 0>, boost::recursive_wrapper<pinocchio::JointModelCompositeTpl<double, 0, pinocchio::JointCollectionDefaultTpl> >, boost::recursive_wrapper<pinocchio::JointModelMimicTpl<double, 0, pinocchio::JointCollectionDefaultTpl> >}][m[K’
 1767 |     [01;36m[Kvariant[m[K(variant&& operand) BOOST_NOEXCEPT_IF(variant_move_noexcept_constructible::type::value)
      |     [01;36m[K^~~~~~~[m[K
[01m[K/usr/include/boost/variant/variant.hpp:1767:23:[m[K [01;36m[Knote: [m[K  no known conversion for argument 1 from ‘[01m[Kconst JointModelDerived[m[K’ {aka ‘[01m[Kconst pinocchio::JointModelPlanarTpl<double>[m[K’} to ‘[01m[Kboost::variant<pinocchio::JointModelRevoluteTpl<double, 0, 0>, pinocchio::JointModelRevoluteTpl<double, 0, 1>, pinocchio::JointModelRevoluteTpl<double, 0, 2>, pinocchio::JointModelFreeFlyerTpl<double, 0>, pinocchio::JointModelPlanarTpl<double, 0>, pinocchio::JointModelRevoluteUnalignedTpl<double, 0>, pinocchio::JointModelSphericalTpl<double, 0>, pinocchio::JointModelSphericalZYXTpl<double, 0>, pinocchio::JointModelEllipsoidTpl<double, 0>, pinocchio::JointModelPrismaticTpl<double, 0, 0>, pinocchio::JointModelPrismaticTpl<double, 0, 1>, pinocchio::JointModelPrismaticTpl<double, 0, 2>, pinocchio::JointModelPrismaticUnalignedTpl<double, 0>, pinocchio::JointModelTranslationTpl<double, 0>, pinocchio::JointModelRevoluteUnboundedTpl<double, 0, 0>, pinocchio::JointModelRevoluteUnboundedTpl<double, 0, 1>, pinocchio::JointModelRevoluteUnboundedTpl<double, 0, 2>, pinocchio::JointModelRevoluteUnboundedUnalignedTpl<double, 0>, pinocchio::JointModelHelicalTpl<double, 0, 0>, pinocchio::JointModelHelicalTpl<double, 0, 1>, pinocchio::JointModelHelicalTpl<double, 0, 2>, pinocchio::JointModelHelicalUnalignedTpl<double, 0>, pinocchio::JointModelUniversalTpl<double, 0>, boost::recursive_wrapper<pinocchio::JointModelCompositeTpl<double, 0, pinocchio::JointCollectionDefaultTpl> >, boost::recursive_wrapper<pinocchio::JointModelMimicTpl<double, 0, pinocchio::JointCollectionDefaultTpl> > >&&[m[K’
 1767 |     variant([01;36m[Kvariant&& operand[m[K) BOOST_NOEXCEPT_IF(variant_move_noexcept_constructible::type::value)
      |             [01;36m[K~~~~~~~~~~^~~~~~~[m[K
[01m[K/usr/include/boost/variant/variant.hpp:1756:5:[m[K [01;36m[Knote: [m[Kcandidate: ‘[01m[Kboost::variant<T0, TN>::variant(const boost::variant<T0, TN>&) [with T0_ = pinocchio::JointModelRevoluteTpl<double, 0, 0>; TN = {pinocchio::JointModelRevoluteTpl<double, 0, 1>, pinocchio::JointModelRevoluteTpl<double, 0, 2>, pinocchio::JointModelFreeFlyerTpl<double, 0>, pinocchio::JointModelPlanarTpl<double, 0>, pinocchio::JointModelRevoluteUnalignedTpl<double, 0>, pinocchio::JointModelSphericalTpl<double, 0>, pinocchio::JointModelSphericalZYXTpl<double, 0>, pinocchio::JointModelEllipsoidTpl<double, 0>, pinocchio::JointModelPrismaticTpl<double, 0, 0>, pinocchio::JointModelPrismaticTpl<double, 0, 1>, pinocchio::JointModelPrismaticTpl<double, 0, 2>, pinocchio::JointModelPrismaticUnalignedTpl<double, 0>, pinocchio::JointModelTranslationTpl<double, 0>, pinocchio::JointModelRevoluteUnboundedTpl<double, 0, 0>, pinocchio::JointModelRevoluteUnboundedTpl<double, 0, 1>, pinocchio::JointModelRevoluteUnboundedTpl<double, 0, 2>, pinocchio::JointModelRevoluteUnboundedUnalignedTpl<double, 0>, pinocchio::JointModelHelicalTpl<double, 0, 0>, pinocchio::JointModelHelicalTpl<double, 0, 1>, pinocchio::JointModelHelicalTpl<double, 0, 2>, pinocchio::JointModelHelicalUnalignedTpl<double, 0>, pinocchio::JointModelUniversalTpl<double, 0>, boost::recursive_wrapper<pinocchio::JointModelCompositeTpl<double, 0, pinocchio::JointCollectionDefaultTpl> >, boost::recursive_wrapper<pinocchio::JointModelMimicTpl<double, 0, pinocchio::JointCollectionDefaultTpl> >}][m[K’
 1756 |     [01;36m[Kvariant[m[K(const variant& operand)
      |     [01;36m[K^~~~~~~[m[K
[01m[K/usr/include/boost/variant/variant.hpp:1756:28:[m[K [01;36m[Knote: [m[K  no known conversion for argument 1 from ‘[01m[Kconst JointModelDerived[m[K’ {aka ‘[01m[Kconst pinocchio::JointModelPlanarTpl<double>[m[K’} to ‘[01m[Kconst boost::variant<pinocchio::JointModelRevoluteTpl<double, 0, 0>, pinocchio::JointModelRevoluteTpl<double, 0, 1>, pinocchio::JointModelRevoluteTpl<double, 0, 2>, pinocchio::JointModelFreeFlyerTpl<double, 0>, pinocchio::JointModelPlanarTpl<double, 0>, pinocchio::JointModelRevoluteUnalignedTpl<double, 0>, pinocchio::JointModelSphericalTpl<double, 0>, pinocchio::JointModelSphericalZYXTpl<double, 0>, pinocchio::JointModelEllipsoidTpl<double, 0>, pinocchio::JointModelPrismaticTpl<double, 0, 0>, pinocchio::JointModelPrismaticTpl<double, 0, 1>, pinocchio::JointModelPrismaticTpl<double, 0, 2>, pinocchio::JointModelPrismaticUnalignedTpl<double, 0>, pinocchio::JointModelTranslationTpl<double, 0>, pinocchio::JointModelRevoluteUnboundedTpl<double, 0, 0>, pinocchio::JointModelRevoluteUnboundedTpl<double, 0, 1>, pinocchio::JointModelRevoluteUnboundedTpl<double, 0, 2>, pinocchio::JointModelRevoluteUnboundedUnalignedTpl<double, 0>, pinocchio::JointModelHelicalTpl<double, 0, 0>, pinocchio::JointModelHelicalTpl<double, 0, 1>, pinocchio::JointModelHelicalTpl<double, 0, 2>, pinocchio::JointModelHelicalUnalignedTpl<double, 0>, pinocchio::JointModelUniversalTpl<double, 0>, boost::recursive_wrapper<pinocchio::JointModelCompositeTpl<double, 0, pinocchio::JointCollectionDefaultTpl> >, boost::recursive_wrapper<pinocchio::JointModelMimicTpl<double, 0, pinocchio::JointCollectionDefaultTpl> > >&[m[K’
 1756 |     variant([01;36m[Kconst variant& operand[m[K)
      |             [01;36m[K~~~~~~~~~~~~~~~^~~~~~~[m[K
[01m[K/usr/include/boost/variant/variant.hpp:1375:5:[m[K [01;36m[Knote: [m[Kcandidate: ‘[01m[Kboost::variant<T0, TN>::variant() [with T0_ = pinocchio::JointModelRevoluteTpl<double, 0, 0>; TN = {pinocchio::JointModelRevoluteTpl<double, 0, 1>, pinocchio::JointModelRevoluteTpl<double, 0, 2>, pinocchio::JointModelFreeFlyerTpl<double, 0>, pinocchio::JointModelPlanarTpl<double, 0>, pinocchio::JointModelRevoluteUnalignedTpl<double, 0>, pinocchio::JointModelSphericalTpl<double, 0>, pinocchio::JointModelSphericalZYXTpl<double, 0>, pinocchio::JointModelEllipsoidTpl<double, 0>, pinocchio::JointModelPrismaticTpl<double, 0, 0>, pinocchio::JointModelPrismaticTpl<double, 0, 1>, pinocchio::JointModelPrismaticTpl<double, 0, 2>, pinocchio::JointModelPrismaticUnalignedTpl<double, 0>, pinocchio::JointModelTranslationTpl<double, 0>, pinocchio::JointModelRevoluteUnboundedTpl<double, 0, 0>, pinocchio::JointModelRevoluteUnboundedTpl<double, 0, 1>, pinocchio::JointModelRevoluteUnboundedTpl<double, 0, 2>, pinocchio::JointModelRevoluteUnboundedUnalignedTpl<double, 0>, pinocchio::JointModelHelicalTpl<double, 0, 0>, pinocchio::JointModelHelicalTpl<double, 0, 1>, pinocchio::JointModelHelicalTpl<double, 0, 2>, pinocchio::JointModelHelicalUnalignedTpl<double, 0>, pinocchio::JointModelUniversalTpl<double, 0>, boost::recursive_wrapper<pinocchio::JointModelCompositeTpl<double, 0, pinocchio::JointCollectionDefaultTpl> >, boost::recursive_wrapper<pinocchio::JointModelMimicTpl<double, 0, pinocchio::JointCollectionDefaultTpl> >}][m[K’
 1375 |     [01;36m[Kvariant[m[K()
      |     [01;36m[K^~~~~~~[m[K
[01m[K/usr/include/boost/variant/variant.hpp:1375:5:[m[K [01;36m[Knote: [m[K  candidate expects 0 arguments, 1 provided
In file included from [01m[K/usr/local/include/pinocchio/multibody/model.hpp:17[m[K,
                 from [01m[K/usr/local/include/pinocchio/algorithm/frames.hpp:8[m[K,
                 from [01m[K/home/pth/pth/model/Go2_simulator/src/controls/go2_controller/include/Tools/Pinocchio_Interface.hpp:5[m[K,
                 from [01m[K/home/pth/pth/model/Go2_simulator/src/controls/go2_controller/include/go2_controller.h:39[m[K,
                 from [01m[K/home/pth/pth/model/Go2_simulator/src/controls/go2_controller/include/Tools/TaskSpacePDControl.cpp:1[m[K:
/usr/local/include/pinocchio/multibody/joint/joint-generic.hpp: In instantiation of ‘[01m[Kpinocchio::JointModelTpl<Scalar, Options, JointCollectionTpl>::JointModelTpl(const pinocchio::JointModelBase<OtherDerived>&) [with JointModelDerived = pinocchio::JointModelSphericalTpl<double>; _Scalar = double; int _Options = 0; JointCollectionTpl = pinocchio::JointCollectionDefaultTpl][m[K’:
[01m[K/usr/local/include/pinocchio/parsers/urdf/model.hxx:292:22:[m[K   required from ‘[01m[Kvoid pinocchio::urdf::details::UrdfVisitor<Scalar, Options, JointCollectionTpl>::addJointAndBody(pinocchio::urdf::details::UrdfVisitor<Scalar, Options, JointCollectionTpl>::JointType, const Vector3&, const FrameIndex&, const SE3&, const string&, const Inertia&, const SE3&, const string&, const VectorConstRef&, const VectorConstRef&, const VectorConstRef&, const VectorConstRef&, const VectorConstRef&, const VectorConstRef&, const boost::optional<pinocchio::urdf::details::MimicInfo<_Scalar, Options> >&) [with Scalar = double; int Options = 0; JointCollectionTpl = pinocchio::JointCollectionDefaultTpl; pinocchio::urdf::details::UrdfVisitor<Scalar, Options, JointCollectionTpl>::JointType = pinocchio::urdf::details::UrdfVisitorBaseTpl<double, 0>::JointType; pinocchio::urdf::details::UrdfVisitor<Scalar, Options, JointCollectionTpl>::Vector3 = Eigen::Matrix<double, 3, 1>; pinocchio::FrameIndex = long unsigned int; pinocchio::urdf::details::UrdfVisitor<Scalar, Options, JointCollectionTpl>::SE3 = pinocchio::SE3Tpl<double, 0>; std::string = std::__cxx11::basic_string<char>; pinocchio::urdf::details::UrdfVisitor<Scalar, Options, JointCollectionTpl>::Inertia = pinocchio::InertiaTpl<double, 0>; pinocchio::urdf::details::UrdfVisitor<Scalar, Options, JointCollectionTpl>::VectorConstRef = Eigen::Ref<const Eigen::Matrix<double, -1, 1> >][m[K’
[01m[K/usr/local/include/pinocchio/parsers/urdf/model.hxx:234:14:[m[K   required from here
[01m[K/usr/local/include/pinocchio/multibody/joint/joint-generic.hpp:304:25:[m[K [01;31m[Kerror: [m[Kno matching function for call to ‘[01m[Kboost::variant<pinocchio::JointModelRevoluteTpl<double, 0, 0>, pinocchio::JointModelRevoluteTpl<double, 0, 1>, pinocchio::JointModelRevoluteTpl<double, 0, 2>, pinocchio::JointModelFreeFlyerTpl<double, 0>, pinocchio::JointModelPlanarTpl<double, 0>, pinocchio::JointModelRevoluteUnalignedTpl<double, 0>, pinocchio::JointModelSphericalTpl<double, 0>, pinocchio::JointModelSphericalZYXTpl<double, 0>, pinocchio::JointModelEllipsoidTpl<double, 0>, pinocchio::JointModelPrismaticTpl<double, 0, 0>, pinocchio::JointModelPrismaticTpl<double, 0, 1>, pinocchio::JointModelPrismaticTpl<double, 0, 2>, pinocchio::JointModelPrismaticUnalignedTpl<double, 0>, pinocchio::JointModelTranslationTpl<double, 0>, pinocchio::JointModelRevoluteUnboundedTpl<double, 0, 0>, pinocchio::JointModelRevoluteUnboundedTpl<double, 0, 1>, pinocchio::JointModelRevoluteUnboundedTpl<double, 0, 2>, pinocchio::JointModelRevoluteUnboundedUnalignedTpl<double, 0>, pinocchio::JointModelHelicalTpl<double, 0, 0>, pinocchio::JointModelHelicalTpl<double, 0, 1>, pinocchio::JointModelHelicalTpl<double, 0, 2>, pinocchio::JointModelHelicalUnalignedTpl<double, 0>, pinocchio::JointModelUniversalTpl<double, 0>, boost::recursive_wrapper<pinocchio::JointModelCompositeTpl<double, 0, pinocchio::JointCollectionDefaultTpl> >, boost::recursive_wrapper<pinocchio::JointModelMimicTpl<double, 0, pinocchio::JointCollectionDefaultTpl> > >::variant(const JointModelDerived&)[m[K’
  304 |     : JointModelVariant((JointModelVariant)jmodel.derived())
In file included from [01m[K/usr/include/boost/signals2/slot_base.hpp:22[m[K,
                 from [01m[K/usr/include/boost/signals2/detail/tracked_objects_visitor.hpp:18[m[K,
                 from [01m[K/usr/include/boost/signals2/slot.hpp:22[m[K,
                 from [01m[K/usr/include/boost/signals2/connection.hpp:24[m[K,
                 from [01m[K/usr/include/boost/signals2/signal.hpp:22[m[K,
                 from [01m[K/usr/include/boost/signals2.hpp:19[m[K,
                 from [01m[K/opt/ros/noetic/include/tf/tf.h:46[m[K,
                 from [01m[K/home/pth/pth/model/Go2_simulator/src/controls/go2_controller/include/go2_controller.h:28[m[K,
                 from [01m[K/home/pth/pth/model/Go2_simulator/src/controls/go2_controller/include/Tools/TaskSpacePDControl.cpp:1[m[K:
[01m[K/usr/include/boost/variant/variant.hpp:1767:5:[m[K [01;36m[Knote: [m[Kcandidate: ‘[01m[Kboost::variant<T0, TN>::variant(boost::variant<T0, TN>&&) [with T0_ = pinocchio::JointModelRevoluteTpl<double, 0, 0>; TN = {pinocchio::JointModelRevoluteTpl<double, 0, 1>, pinocchio::JointModelRevoluteTpl<double, 0, 2>, pinocchio::JointModelFreeFlyerTpl<double, 0>, pinocchio::JointModelPlanarTpl<double, 0>, pinocchio::JointModelRevoluteUnalignedTpl<double, 0>, pinocchio::JointModelSphericalTpl<double, 0>, pinocchio::JointModelSphericalZYXTpl<double, 0>, pinocchio::JointModelEllipsoidTpl<double, 0>, pinocchio::JointModelPrismaticTpl<double, 0, 0>, pinocchio::JointModelPrismaticTpl<double, 0, 1>, pinocchio::JointModelPrismaticTpl<double, 0, 2>, pinocchio::JointModelPrismaticUnalignedTpl<double, 0>, pinocchio::JointModelTranslationTpl<double, 0>, pinocchio::JointModelRevoluteUnboundedTpl<double, 0, 0>, pinocchio::JointModelRevoluteUnboundedTpl<double, 0, 1>, pinocchio::JointModelRevoluteUnboundedTpl<double, 0, 2>, pinocchio::JointModelRevoluteUnboundedUnalignedTpl<double, 0>, pinocchio::JointModelHelicalTpl<double, 0, 0>, pinocchio::JointModelHelicalTpl<double, 0, 1>, pinocchio::JointModelHelicalTpl<double, 0, 2>, pinocchio::JointModelHelicalUnalignedTpl<double, 0>, pinocchio::JointModelUniversalTpl<double, 0>, boost::recursive_wrapper<pinocchio::JointModelCompositeTpl<double, 0, pinocchio::JointCollectionDefaultTpl> >, boost::recursive_wrapper<pinocchio::JointModelMimicTpl<double, 0, pinocchio::JointCollectionDefaultTpl> >}][m[K’
 1767 |     [01;36m[Kvariant[m[K(variant&& operand) BOOST_NOEXCEPT_IF(variant_move_noexcept_constructible::type::value)
      |     [01;36m[K^~~~~~~[m[K
[01m[K/usr/include/boost/variant/variant.hpp:1767:23:[m[K [01;36m[Knote: [m[K  no known conversion for argument 1 from ‘[01m[Kconst JointModelDerived[m[K’ {aka ‘[01m[Kconst pinocchio::JointModelSphericalTpl<double>[m[K’} to ‘[01m[Kboost::variant<pinocchio::JointModelRevoluteTpl<double, 0, 0>, pinocchio::JointModelRevoluteTpl<double, 0, 1>, pinocchio::JointModelRevoluteTpl<double, 0, 2>, pinocchio::JointModelFreeFlyerTpl<double, 0>, pinocchio::JointModelPlanarTpl<double, 0>, pinocchio::JointModelRevoluteUnalignedTpl<double, 0>, pinocchio::JointModelSphericalTpl<double, 0>, pinocchio::JointModelSphericalZYXTpl<double, 0>, pinocchio::JointModelEllipsoidTpl<double, 0>, pinocchio::JointModelPrismaticTpl<double, 0, 0>, pinocchio::JointModelPrismaticTpl<double, 0, 1>, pinocchio::JointModelPrismaticTpl<double, 0, 2>, pinocchio::JointModelPrismaticUnalignedTpl<double, 0>, pinocchio::JointModelTranslationTpl<double, 0>, pinocchio::JointModelRevoluteUnboundedTpl<double, 0, 0>, pinocchio::JointModelRevoluteUnboundedTpl<double, 0, 1>, pinocchio::JointModelRevoluteUnboundedTpl<double, 0, 2>, pinocchio::JointModelRevoluteUnboundedUnalignedTpl<double, 0>, pinocchio::JointModelHelicalTpl<double, 0, 0>, pinocchio::JointModelHelicalTpl<double, 0, 1>, pinocchio::JointModelHelicalTpl<double, 0, 2>, pinocchio::JointModelHelicalUnalignedTpl<double, 0>, pinocchio::JointModelUniversalTpl<double, 0>, boost::recursive_wrapper<pinocchio::JointModelCompositeTpl<double, 0, pinocchio::JointCollectionDefaultTpl> >, boost::recursive_wrapper<pinocchio::JointModelMimicTpl<double, 0, pinocchio::JointCollectionDefaultTpl> > >&&[m[K’
 1767 |     variant([01;36m[Kvariant&& operand[m[K) BOOST_NOEXCEPT_IF(variant_move_noexcept_constructible::type::value)
      |             [01;36m[K~~~~~~~~~~^~~~~~~[m[K
[01m[K/usr/include/boost/variant/variant.hpp:1756:5:[m[K [01;36m[Knote: [m[Kcandidate: ‘[01m[Kboost::variant<T0, TN>::variant(const boost::variant<T0, TN>&) [with T0_ = pinocchio::JointModelRevoluteTpl<double, 0, 0>; TN = {pinocchio::JointModelRevoluteTpl<double, 0, 1>, pinocchio::JointModelRevoluteTpl<double, 0, 2>, pinocchio::JointModelFreeFlyerTpl<double, 0>, pinocchio::JointModelPlanarTpl<double, 0>, pinocchio::JointModelRevoluteUnalignedTpl<double, 0>, pinocchio::JointModelSphericalTpl<double, 0>, pinocchio::JointModelSphericalZYXTpl<double, 0>, pinocchio::JointModelEllipsoidTpl<double, 0>, pinocchio::JointModelPrismaticTpl<double, 0, 0>, pinocchio::JointModelPrismaticTpl<double, 0, 1>, pinocchio::JointModelPrismaticTpl<double, 0, 2>, pinocchio::JointModelPrismaticUnalignedTpl<double, 0>, pinocchio::JointModelTranslationTpl<double, 0>, pinocchio::JointModelRevoluteUnboundedTpl<double, 0, 0>, pinocchio::JointModelRevoluteUnboundedTpl<double, 0, 1>, pinocchio::JointModelRevoluteUnboundedTpl<double, 0, 2>, pinocchio::JointModelRevoluteUnboundedUnalignedTpl<double, 0>, pinocchio::JointModelHelicalTpl<double, 0, 0>, pinocchio::JointModelHelicalTpl<double, 0, 1>, pinocchio::JointModelHelicalTpl<double, 0, 2>, pinocchio::JointModelHelicalUnalignedTpl<double, 0>, pinocchio::JointModelUniversalTpl<double, 0>, boost::recursive_wrapper<pinocchio::JointModelCompositeTpl<double, 0, pinocchio::JointCollectionDefaultTpl> >, boost::recursive_wrapper<pinocchio::JointModelMimicTpl<double, 0, pinocchio::JointCollectionDefaultTpl> >}][m[K’
 1756 |     [01;36m[Kvariant[m[K(const variant& operand)
      |     [01;36m[K^~~~~~~[m[K
[01m[K/usr/include/boost/variant/variant.hpp:1756:28:[m[K [01;36m[Knote: [m[K  no known conversion for argument 1 from ‘[01m[Kconst JointModelDerived[m[K’ {aka ‘[01m[Kconst pinocchio::JointModelSphericalTpl<double>[m[K’} to ‘[01m[Kconst boost::variant<pinocchio::JointModelRevoluteTpl<double, 0, 0>, pinocchio::JointModelRevoluteTpl<double, 0, 1>, pinocchio::JointModelRevoluteTpl<double, 0, 2>, pinocchio::JointModelFreeFlyerTpl<double, 0>, pinocchio::JointModelPlanarTpl<double, 0>, pinocchio::JointModelRevoluteUnalignedTpl<double, 0>, pinocchio::JointModelSphericalTpl<double, 0>, pinocchio::JointModelSphericalZYXTpl<double, 0>, pinocchio::JointModelEllipsoidTpl<double, 0>, pinocchio::JointModelPrismaticTpl<double, 0, 0>, pinocchio::JointModelPrismaticTpl<double, 0, 1>, pinocchio::JointModelPrismaticTpl<double, 0, 2>, pinocchio::JointModelPrismaticUnalignedTpl<double, 0>, pinocchio::JointModelTranslationTpl<double, 0>, pinocchio::JointModelRevoluteUnboundedTpl<double, 0, 0>, pinocchio::JointModelRevoluteUnboundedTpl<double, 0, 1>, pinocchio::JointModelRevoluteUnboundedTpl<double, 0, 2>, pinocchio::JointModelRevoluteUnboundedUnalignedTpl<double, 0>, pinocchio::JointModelHelicalTpl<double, 0, 0>, pinocchio::JointModelHelicalTpl<double, 0, 1>, pinocchio::JointModelHelicalTpl<double, 0, 2>, pinocchio::JointModelHelicalUnalignedTpl<double, 0>, pinocchio::JointModelUniversalTpl<double, 0>, boost::recursive_wrapper<pinocchio::JointModelCompositeTpl<double, 0, pinocchio::JointCollectionDefaultTpl> >, boost::recursive_wrapper<pinocchio::JointModelMimicTpl<double, 0, pinocchio::JointCollectionDefaultTpl> > >&[m[K’
 1756 |     variant([01;36m[Kconst variant& operand[m[K)
      |             [01;36m[K~~~~~~~~~~~~~~~^~~~~~~[m[K
[01m[K/usr/include/boost/variant/variant.hpp:1375:5:[m[K [01;36m[Knote: [m[Kcandidate: ‘[01m[Kboost::variant<T0, TN>::variant() [with T0_ = pinocchio::JointModelRevoluteTpl<double, 0, 0>; TN = {pinocchio::JointModelRevoluteTpl<double, 0, 1>, pinocchio::JointModelRevoluteTpl<double, 0, 2>, pinocchio::JointModelFreeFlyerTpl<double, 0>, pinocchio::JointModelPlanarTpl<double, 0>, pinocchio::JointModelRevoluteUnalignedTpl<double, 0>, pinocchio::JointModelSphericalTpl<double, 0>, pinocchio::JointModelSphericalZYXTpl<double, 0>, pinocchio::JointModelEllipsoidTpl<double, 0>, pinocchio::JointModelPrismaticTpl<double, 0, 0>, pinocchio::JointModelPrismaticTpl<double, 0, 1>, pinocchio::JointModelPrismaticTpl<double, 0, 2>, pinocchio::JointModelPrismaticUnalignedTpl<double, 0>, pinocchio::JointModelTranslationTpl<double, 0>, pinocchio::JointModelRevoluteUnboundedTpl<double, 0, 0>, pinocchio::JointModelRevoluteUnboundedTpl<double, 0, 1>, pinocchio::JointModelRevoluteUnboundedTpl<double, 0, 2>, pinocchio::JointModelRevoluteUnboundedUnalignedTpl<double, 0>, pinocchio::JointModelHelicalTpl<double, 0, 0>, pinocchio::JointModelHelicalTpl<double, 0, 1>, pinocchio::JointModelHelicalTpl<double, 0, 2>, pinocchio::JointModelHelicalUnalignedTpl<double, 0>, pinocchio::JointModelUniversalTpl<double, 0>, boost::recursive_wrapper<pinocchio::JointModelCompositeTpl<double, 0, pinocchio::JointCollectionDefaultTpl> >, boost::recursive_wrapper<pinocchio::JointModelMimicTpl<double, 0, pinocchio::JointCollectionDefaultTpl> >}][m[K’
 1375 |     [01;36m[Kvariant[m[K()
      |     [01;36m[K^~~~~~~[m[K
[01m[K/usr/include/boost/variant/variant.hpp:1375:5:[m[K [01;36m[Knote: [m[K  candidate expects 0 arguments, 1 provided
/usr/include/boost/variant/variant.hpp: In instantiation of ‘[01m[Kboost::variant<T0, TN>::variant(const boost::variant<T0, TN>&) [with T0_ = pinocchio::JointModelRevoluteTpl<double, 0, 0>; TN = {pinocchio::JointModelRevoluteTpl<double, 0, 1>, pinocchio::JointModelRevoluteTpl<double, 0, 2>, pinocchio::JointModelFreeFlyerTpl<double, 0>, pinocchio::JointModelPlanarTpl<double, 0>, pinocchio::JointModelRevoluteUnalignedTpl<double, 0>, pinocchio::JointModelSphericalTpl<double, 0>, pinocchio::JointModelSphericalZYXTpl<double, 0>, pinocchio::JointModelEllipsoidTpl<double, 0>, pinocchio::JointModelPrismaticTpl<double, 0, 0>, pinocchio::JointModelPrismaticTpl<double, 0, 1>, pinocchio::JointModelPrismaticTpl<double, 0, 2>, pinocchio::JointModelPrismaticUnalignedTpl<double, 0>, pinocchio::JointModelTranslationTpl<double, 0>, pinocchio::JointModelRevoluteUnboundedTpl<double, 0, 0>, pinocchio::JointModelRevoluteUnboundedTpl<double, 0, 1>, pinocchio::JointModelRevoluteUnboundedTpl<double, 0, 2>, pinocchio::JointModelRevoluteUnboundedUnalignedTpl<double, 0>, pinocchio::JointModelHelicalTpl<double, 0, 0>, pinocchio::JointModelHelicalTpl<double, 0, 1>, pinocchio::JointModelHelicalTpl<double, 0, 2>, pinocchio::JointModelHelicalUnalignedTpl<double, 0>, pinocchio::JointModelUniversalTpl<double, 0>, boost::recursive_wrapper<pinocchio::JointModelCompositeTpl<double, 0, pinocchio::JointCollectionDefaultTpl> >, boost::recursive_wrapper<pinocchio::JointModelMimicTpl<double, 0, pinocchio::JointCollectionDefaultTpl> >}][m[K’:
[01m[K/usr/local/include/pinocchio/multibody/joint/joint-generic.hpp:262:10:[m[K   required from ‘[01m[Kpinocchio::ModelTpl<_Scalar, _Options, JointCollectionTpl>::JointIndex pinocchio::ModelTpl<_Scalar, _Options, JointCollectionTpl>::addJoint(pinocchio::ModelTpl<_Scalar, _Options, JointCollectionTpl>::JointIndex, const JointModel&, const SE3&, const string&, const VectorXs&, const VectorXs&, const VectorXs&, const VectorXs&, const VectorXs&, const VectorXs&) [with _Scalar = double; int _Options = 0; JointCollectionTpl = pinocchio::JointCollectionDefaultTpl; pinocchio::ModelTpl<_Scalar, _Options, JointCollectionTpl>::JointIndex = long unsigned int; pinocchio::ModelTpl<_Scalar, _Options, JointCollectionTpl>::JointModel = pinocchio::JointModelTpl<double>; pinocchio::ModelTpl<_Scalar, _Options, JointCollectionTpl>::SE3 = pinocchio::SE3Tpl<double, 0>; std::string = std::__cxx11::basic_string<char>; pinocchio::ModelTpl<_Scalar, _Options, JointCollectionTpl>::VectorXs = Eigen::Matrix<double, -1, 1>][m[K’
[01m[K/usr/local/include/pinocchio/parsers/urdf/model.hxx:256:22:[m[K   required from ‘[01m[Kvoid pinocchio::urdf::details::UrdfVisitor<Scalar, Options, JointCollectionTpl>::addJointAndBody(pinocchio::urdf::details::UrdfVisitor<Scalar, Options, JointCollectionTpl>::JointType, const Vector3&, const FrameIndex&, const SE3&, const string&, const Inertia&, const SE3&, const string&, const VectorConstRef&, const VectorConstRef&, const VectorConstRef&, const VectorConstRef&, const VectorConstRef&, const VectorConstRef&, const boost::optional<pinocchio::urdf::details::MimicInfo<_Scalar, Options> >&) [with Scalar = double; int Options = 0; JointCollectionTpl = pinocchio::JointCollectionDefaultTpl; pinocchio::urdf::details::UrdfVisitor<Scalar, Options, JointCollectionTpl>::JointType = pinocchio::urdf::details::UrdfVisitorBaseTpl<double, 0>::JointType; pinocchio::urdf::details::UrdfVisitor<Scalar, Options, JointCollectionTpl>::Vector3 = Eigen::Matrix<double, 3, 1>; pinocchio::FrameIndex = long unsigned int; pinocchio::urdf::details::UrdfVisitor<Scalar, Options, JointCollectionTpl>::SE3 = pinocchio::SE3Tpl<double, 0>; std::string = std::__cxx11::basic_string<char>; pinocchio::urdf::details::UrdfVisitor<Scalar, Options, JointCollectionTpl>::Inertia = pinocchio::InertiaTpl<double, 0>; pinocchio::urdf::details::UrdfVisitor<Scalar, Options, JointCollectionTpl>::VectorConstRef = Eigen::Ref<const Eigen::Matrix<double, -1, 1> >][m[K’
[01m[K/usr/local/include/pinocchio/parsers/urdf/model.hxx:234:14:[m[K   required from here
[01m[K/usr/include/boost/variant/variant.hpp:1759:45:[m[K [01;31m[Kerror: [m[Kusing invalid field ‘[01m[Kboost::variant<T0, TN>::storage_[m[K’
 1759 |         detail::variant::copy_into visitor( [01;31m[Kstorage_[m[K.address() );
      |                                             [01;31m[K^~~~~~~~[m[K
In file included from [01m[K/usr/local/include/pinocchio/multibody/model.hpp:17[m[K,
                 from [01m[K/usr/local/include/pinocchio/algorithm/frames.hpp:8[m[K,
                 from [01m[K/home/pth/pth/model/Go2_simulator/src/controls/go2_controller/include/Tools/Pinocchio_Interface.hpp:5[m[K,
                 from [01m[K/home/pth/pth/model/Go2_simulator/src/controls/go2_controller/include/go2_controller.h:39[m[K,
                 from [01m[K/home/pth/pth/model/Go2_simulator/src/controls/go2_controller/include/Tools/TaskSpacePDControl.cpp:1[m[K:
/usr/local/include/pinocchio/multibody/joint/joint-generic.hpp: In instantiation of ‘[01m[Kpinocchio::JointModelTpl<Scalar, Options, JointCollectionTpl>::JointModelTpl(const pinocchio::JointModelBase<OtherDerived>&) [with JointModelDerived = pinocchio::JointModelRevoluteTpl<double, 0, 0>; _Scalar = double; int _Options = 0; JointCollectionTpl = pinocchio::JointCollectionDefaultTpl][m[K’:
[01m[K/usr/local/include/pinocchio/parsers/urdf/model.hxx:465:70:[m[K   required from ‘[01m[Kpinocchio::JointIndex pinocchio::urdf::details::UrdfVisitor<Scalar, Options, JointCollectionTpl>::addJoint(const Vector3&, const Frame&, const SE3&, const string&, const VectorConstRef&, const VectorConstRef&, const VectorConstRef&, const VectorConstRef&, const VectorConstRef&, const VectorConstRef&) [with TypeX = pinocchio::JointModelRevoluteTpl<double, 0, 0>; TypeY = pinocchio::JointModelRevoluteTpl<double, 0, 1>; TypeZ = pinocchio::JointModelRevoluteTpl<double, 0, 2>; TypeUnaligned = pinocchio::JointModelRevoluteUnalignedTpl<double>; Scalar = double; int Options = 0; JointCollectionTpl = pinocchio::JointCollectionDefaultTpl; pinocchio::JointIndex = long unsigned int; pinocchio::urdf::details::UrdfVisitor<Scalar, Options, JointCollectionTpl>::Vector3 = Eigen::Matrix<double, 3, 1>; pinocchio::urdf::details::UrdfVisitor<Scalar, Options, JointCollectionTpl>::Frame = pinocchio::FrameTpl<double, 0>; pinocchio::urdf::details::UrdfVisitor<Scalar, Options, JointCollectionTpl>::SE3 = pinocchio::SE3Tpl<double, 0>; std::string = std::__cxx11::basic_string<char>; pinocchio::urdf::details::UrdfVisitor<Scalar, Options, JointCollectionTpl>::VectorConstRef = Eigen::Ref<const Eigen::Matrix<double, -1, 1> >][m[K’
[01m[K/usr/local/include/pinocchio/parsers/urdf/model.hxx:262:22:[m[K   required from ‘[01m[Kvoid pinocchio::urdf::details::UrdfVisitor<Scalar, Options, JointCollectionTpl>::addJointAndBody(pinocchio::urdf::details::UrdfVisitor<Scalar, Options, JointCollectionTpl>::JointType, const Vector3&, const FrameIndex&, const SE3&, const string&, const Inertia&, const SE3&, const string&, const VectorConstRef&, const VectorConstRef&, const VectorConstRef&, const VectorConstRef&, const VectorConstRef&, const VectorConstRef&, const boost::optional<pinocchio::urdf::details::MimicInfo<_Scalar, Options> >&) [with Scalar = double; int Options = 0; JointCollectionTpl = pinocchio::JointCollectionDefaultTpl; pinocchio::urdf::details::UrdfVisitor<Scalar, Options, JointCollectionTpl>::JointType = pinocchio::urdf::details::UrdfVisitorBaseTpl<double, 0>::JointType; pinocchio::urdf::details::UrdfVisitor<Scalar, Options, JointCollectionTpl>::Vector3 = Eigen::Matrix<double, 3, 1>; pinocchio::FrameIndex = long unsigned int; pinocchio::urdf::details::UrdfVisitor<Scalar, Options, JointCollectionTpl>::SE3 = pinocchio::SE3Tpl<double, 0>; std::string = std::__cxx11::basic_string<char>; pinocchio::urdf::details::UrdfVisitor<Scalar, Options, JointCollectionTpl>::Inertia = pinocchio::InertiaTpl<double, 0>; pinocchio::urdf::details::UrdfVisitor<Scalar, Options, JointCollectionTpl>::VectorConstRef = Eigen::Ref<const Eigen::Matrix<double, -1, 1> >][m[K’
[01m[K/usr/local/include/pinocchio/parsers/urdf/model.hxx:234:14:[m[K   required from here
[01m[K/usr/local/include/pinocchio/multibody/joint/joint-generic.hpp:304:25:[m[K [01;31m[Kerror: [m[Kno matching function for call to ‘[01m[Kboost::variant<pinocchio::JointModelRevoluteTpl<double, 0, 0>, pinocchio::JointModelRevoluteTpl<double, 0, 1>, pinocchio::JointModelRevoluteTpl<double, 0, 2>, pinocchio::JointModelFreeFlyerTpl<double, 0>, pinocchio::JointModelPlanarTpl<double, 0>, pinocchio::JointModelRevoluteUnalignedTpl<double, 0>, pinocchio::JointModelSphericalTpl<double, 0>, pinocchio::JointModelSphericalZYXTpl<double, 0>, pinocchio::JointModelEllipsoidTpl<double, 0>, pinocchio::JointModelPrismaticTpl<double, 0, 0>, pinocchio::JointModelPrismaticTpl<double, 0, 1>, pinocchio::JointModelPrismaticTpl<double, 0, 2>, pinocchio::JointModelPrismaticUnalignedTpl<double, 0>, pinocchio::JointModelTranslationTpl<double, 0>, pinocchio::JointModelRevoluteUnboundedTpl<double, 0, 0>, pinocchio::JointModelRevoluteUnboundedTpl<double, 0, 1>, pinocchio::JointModelRevoluteUnboundedTpl<double, 0, 2>, pinocchio::JointModelRevoluteUnboundedUnalignedTpl<double, 0>, pinocchio::JointModelHelicalTpl<double, 0, 0>, pinocchio::JointModelHelicalTpl<double, 0, 1>, pinocchio::JointModelHelicalTpl<double, 0, 2>, pinocchio::JointModelHelicalUnalignedTpl<double, 0>, pinocchio::JointModelUniversalTpl<double, 0>, boost::recursive_wrapper<pinocchio::JointModelCompositeTpl<double, 0, pinocchio::JointCollectionDefaultTpl> >, boost::recursive_wrapper<pinocchio::JointModelMimicTpl<double, 0, pinocchio::JointCollectionDefaultTpl> > >::variant(const JointModelDerived&)[m[K’
  304 |     : JointModelVariant((JointModelVariant)jmodel.derived())
In file included from [01m[K/usr/include/boost/signals2/slot_base.hpp:22[m[K,
                 from [01m[K/usr/include/boost/signals2/detail/tracked_objects_visitor.hpp:18[m[K,
                 from [01m[K/usr/include/boost/signals2/slot.hpp:22[m[K,
                 from [01m[K/usr/include/boost/signals2/connection.hpp:24[m[K,
                 from [01m[K/usr/include/boost/signals2/signal.hpp:22[m[K,
                 from [01m[K/usr/include/boost/signals2.hpp:19[m[K,
                 from [01m[K/opt/ros/noetic/include/tf/tf.h:46[m[K,
                 from [01m[K/home/pth/pth/model/Go2_simulator/src/controls/go2_controller/include/go2_controller.h:28[m[K,
                 from [01m[K/home/pth/pth/model/Go2_simulator/src/controls/go2_controller/include/Tools/TaskSpacePDControl.cpp:1[m[K:
[01m[K/usr/include/boost/variant/variant.hpp:1767:5:[m[K [01;36m[Knote: [m[Kcandidate: ‘[01m[Kboost::variant<T0, TN>::variant(boost::variant<T0, TN>&&) [with T0_ = pinocchio::JointModelRevoluteTpl<double, 0, 0>; TN = {pinocchio::JointModelRevoluteTpl<double, 0, 1>, pinocchio::JointModelRevoluteTpl<double, 0, 2>, pinocchio::JointModelFreeFlyerTpl<double, 0>, pinocchio::JointModelPlanarTpl<double, 0>, pinocchio::JointModelRevoluteUnalignedTpl<double, 0>, pinocchio::JointModelSphericalTpl<double, 0>, pinocchio::JointModelSphericalZYXTpl<double, 0>, pinocchio::JointModelEllipsoidTpl<double, 0>, pinocchio::JointModelPrismaticTpl<double, 0, 0>, pinocchio::JointModelPrismaticTpl<double, 0, 1>, pinocchio::JointModelPrismaticTpl<double, 0, 2>, pinocchio::JointModelPrismaticUnalignedTpl<double, 0>, pinocchio::JointModelTranslationTpl<double, 0>, pinocchio::JointModelRevoluteUnboundedTpl<double, 0, 0>, pinocchio::JointModelRevoluteUnboundedTpl<double, 0, 1>, pinocchio::JointModelRevoluteUnboundedTpl<double, 0, 2>, pinocchio::JointModelRevoluteUnboundedUnalignedTpl<double, 0>, pinocchio::JointModelHelicalTpl<double, 0, 0>, pinocchio::JointModelHelicalTpl<double, 0, 1>, pinocchio::JointModelHelicalTpl<double, 0, 2>, pinocchio::JointModelHelicalUnalignedTpl<double, 0>, pinocchio::JointModelUniversalTpl<double, 0>, boost::recursive_wrapper<pinocchio::JointModelCompositeTpl<double, 0, pinocchio::JointCollectionDefaultTpl> >, boost::recursive_wrapper<pinocchio::JointModelMimicTpl<double, 0, pinocchio::JointCollectionDefaultTpl> >}][m[K’
 1767 |     [01;36m[Kvariant[m[K(variant&& operand) BOOST_NOEXCEPT_IF(variant_move_noexcept_constructible::type::value)
      |     [01;36m[K^~~~~~~[m[K
[01m[K/usr/include/boost/variant/variant.hpp:1767:23:[m[K [01;36m[Knote: [m[K  no known conversion for argument 1 from ‘[01m[Kconst JointModelDerived[m[K’ {aka ‘[01m[Kconst pinocchio::JointModelRevoluteTpl<double, 0, 0>[m[K’} to ‘[01m[Kboost::variant<pinocchio::JointModelRevoluteTpl<double, 0, 0>, pinocchio::JointModelRevoluteTpl<double, 0, 1>, pinocchio::JointModelRevoluteTpl<double, 0, 2>, pinocchio::JointModelFreeFlyerTpl<double, 0>, pinocchio::JointModelPlanarTpl<double, 0>, pinocchio::JointModelRevoluteUnalignedTpl<double, 0>, pinocchio::JointModelSphericalTpl<double, 0>, pinocchio::JointModelSphericalZYXTpl<double, 0>, pinocchio::JointModelEllipsoidTpl<double, 0>, pinocchio::JointModelPrismaticTpl<double, 0, 0>, pinocchio::JointModelPrismaticTpl<double, 0, 1>, pinocchio::JointModelPrismaticTpl<double, 0, 2>, pinocchio::JointModelPrismaticUnalignedTpl<double, 0>, pinocchio::JointModelTranslationTpl<double, 0>, pinocchio::JointModelRevoluteUnboundedTpl<double, 0, 0>, pinocchio::JointModelRevoluteUnboundedTpl<double, 0, 1>, pinocchio::JointModelRevoluteUnboundedTpl<double, 0, 2>, pinocchio::JointModelRevoluteUnboundedUnalignedTpl<double, 0>, pinocchio::JointModelHelicalTpl<double, 0, 0>, pinocchio::JointModelHelicalTpl<double, 0, 1>, pinocchio::JointModelHelicalTpl<double, 0, 2>, pinocchio::JointModelHelicalUnalignedTpl<double, 0>, pinocchio::JointModelUniversalTpl<double, 0>, boost::recursive_wrapper<pinocchio::JointModelCompositeTpl<double, 0, pinocchio::JointCollectionDefaultTpl> >, boost::recursive_wrapper<pinocchio::JointModelMimicTpl<double, 0, pinocchio::JointCollectionDefaultTpl> > >&&[m[K’
 1767 |     variant([01;36m[Kvariant&& operand[m[K) BOOST_NOEXCEPT_IF(variant_move_noexcept_constructible::type::value)
      |             [01;36m[K~~~~~~~~~~^~~~~~~[m[K
[01m[K/usr/include/boost/variant/variant.hpp:1756:5:[m[K [01;36m[Knote: [m[Kcandidate: ‘[01m[Kboost::variant<T0, TN>::variant(const boost::variant<T0, TN>&) [with T0_ = pinocchio::JointModelRevoluteTpl<double, 0, 0>; TN = {pinocchio::JointModelRevoluteTpl<double, 0, 1>, pinocchio::JointModelRevoluteTpl<double, 0, 2>, pinocchio::JointModelFreeFlyerTpl<double, 0>, pinocchio::JointModelPlanarTpl<double, 0>, pinocchio::JointModelRevoluteUnalignedTpl<double, 0>, pinocchio::JointModelSphericalTpl<double, 0>, pinocchio::JointModelSphericalZYXTpl<double, 0>, pinocchio::JointModelEllipsoidTpl<double, 0>, pinocchio::JointModelPrismaticTpl<double, 0, 0>, pinocchio::JointModelPrismaticTpl<double, 0, 1>, pinocchio::JointModelPrismaticTpl<double, 0, 2>, pinocchio::JointModelPrismaticUnalignedTpl<double, 0>, pinocchio::JointModelTranslationTpl<double, 0>, pinocchio::JointModelRevoluteUnboundedTpl<double, 0, 0>, pinocchio::JointModelRevoluteUnboundedTpl<double, 0, 1>, pinocchio::JointModelRevoluteUnboundedTpl<double, 0, 2>, pinocchio::JointModelRevoluteUnboundedUnalignedTpl<double, 0>, pinocchio::JointModelHelicalTpl<double, 0, 0>, pinocchio::JointModelHelicalTpl<double, 0, 1>, pinocchio::JointModelHelicalTpl<double, 0, 2>, pinocchio::JointModelHelicalUnalignedTpl<double, 0>, pinocchio::JointModelUniversalTpl<double, 0>, boost::recursive_wrapper<pinocchio::JointModelCompositeTpl<double, 0, pinocchio::JointCollectionDefaultTpl> >, boost::recursive_wrapper<pinocchio::JointModelMimicTpl<double, 0, pinocchio::JointCollectionDefaultTpl> >}][m[K’
 1756 |     [01;36m[Kvariant[m[K(const variant& operand)
      |     [01;36m[K^~~~~~~[m[K
[01m[K/usr/include/boost/variant/variant.hpp:1756:28:[m[K [01;36m[Knote: [m[K  no known conversion for argument 1 from ‘[01m[Kconst JointModelDerived[m[K’ {aka ‘[01m[Kconst pinocchio::JointModelRevoluteTpl<double, 0, 0>[m[K’} to ‘[01m[Kconst boost::variant<pinocchio::JointModelRevoluteTpl<double, 0, 0>, pinocchio::JointModelRevoluteTpl<double, 0, 1>, pinocchio::JointModelRevoluteTpl<double, 0, 2>, pinocchio::JointModelFreeFlyerTpl<double, 0>, pinocchio::JointModelPlanarTpl<double, 0>, pinocchio::JointModelRevoluteUnalignedTpl<double, 0>, pinocchio::JointModelSphericalTpl<double, 0>, pinocchio::JointModelSphericalZYXTpl<double, 0>, pinocchio::JointModelEllipsoidTpl<double, 0>, pinocchio::JointModelPrismaticTpl<double, 0, 0>, pinocchio::JointModelPrismaticTpl<double, 0, 1>, pinocchio::JointModelPrismaticTpl<double, 0, 2>, pinocchio::JointModelPrismaticUnalignedTpl<double, 0>, pinocchio::JointModelTranslationTpl<double, 0>, pinocchio::JointModelRevoluteUnboundedTpl<double, 0, 0>, pinocchio::JointModelRevoluteUnboundedTpl<double, 0, 1>, pinocchio::JointModelRevoluteUnboundedTpl<double, 0, 2>, pinocchio::JointModelRevoluteUnboundedUnalignedTpl<double, 0>, pinocchio::JointModelHelicalTpl<double, 0, 0>, pinocchio::JointModelHelicalTpl<double, 0, 1>, pinocchio::JointModelHelicalTpl<double, 0, 2>, pinocchio::JointModelHelicalUnalignedTpl<double, 0>, pinocchio::JointModelUniversalTpl<double, 0>, boost::recursive_wrapper<pinocchio::JointModelCompositeTpl<double, 0, pinocchio::JointCollectionDefaultTpl> >, boost::recursive_wrapper<pinocchio::JointModelMimicTpl<double, 0, pinocchio::JointCollectionDefaultTpl> > >&[m[K’
 1756 |     variant([01;36m[Kconst variant& operand[m[K)
      |             [01;36m[K~~~~~~~~~~~~~~~^~~~~~~[m[K
[01m[K/usr/include/boost/variant/variant.hpp:1375:5:[m[K [01;36m[Knote: [m[Kcandidate: ‘[01m[Kboost::variant<T0, TN>::variant() [with T0_ = pinocchio::JointModelRevoluteTpl<double, 0, 0>; TN = {pinocchio::JointModelRevoluteTpl<double, 0, 1>, pinocchio::JointModelRevoluteTpl<double, 0, 2>, pinocchio::JointModelFreeFlyerTpl<double, 0>, pinocchio::JointModelPlanarTpl<double, 0>, pinocchio::JointModelRevoluteUnalignedTpl<double, 0>, pinocchio::JointModelSphericalTpl<double, 0>, pinocchio::JointModelSphericalZYXTpl<double, 0>, pinocchio::JointModelEllipsoidTpl<double, 0>, pinocchio::JointModelPrismaticTpl<double, 0, 0>, pinocchio::JointModelPrismaticTpl<double, 0, 1>, pinocchio::JointModelPrismaticTpl<double, 0, 2>, pinocchio::JointModelPrismaticUnalignedTpl<double, 0>, pinocchio::JointModelTranslationTpl<double, 0>, pinocchio::JointModelRevoluteUnboundedTpl<double, 0, 0>, pinocchio::JointModelRevoluteUnboundedTpl<double, 0, 1>, pinocchio::JointModelRevoluteUnboundedTpl<double, 0, 2>, pinocchio::JointModelRevoluteUnboundedUnalignedTpl<double, 0>, pinocchio::JointModelHelicalTpl<double, 0, 0>, pinocchio::JointModelHelicalTpl<double, 0, 1>, pinocchio::JointModelHelicalTpl<double, 0, 2>, pinocchio::JointModelHelicalUnalignedTpl<double, 0>, pinocchio::JointModelUniversalTpl<double, 0>, boost::recursive_wrapper<pinocchio::JointModelCompositeTpl<double, 0, pinocchio::JointCollectionDefaultTpl> >, boost::recursive_wrapper<pinocchio::JointModelMimicTpl<double, 0, pinocchio::JointCollectionDefaultTpl> >}][m[K’
 1375 |     [01;36m[Kvariant[m[K()
      |     [01;36m[K^~~~~~~[m[K
[01m[K/usr/include/boost/variant/variant.hpp:1375:5:[m[K [01;36m[Knote: [m[K  candidate expects 0 arguments, 1 provided
In file included from [01m[K/usr/local/include/pinocchio/multibody/model.hpp:17[m[K,
                 from [01m[K/usr/local/include/pinocchio/algorithm/frames.hpp:8[m[K,
                 from [01m[K/home/pth/pth/model/Go2_simulator/src/controls/go2_controller/include/Tools/Pinocchio_Interface.hpp:5[m[K,
                 from [01m[K/home/pth/pth/model/Go2_simulator/src/controls/go2_controller/include/go2_controller.h:39[m[K,
                 from [01m[K/home/pth/pth/model/Go2_simulator/src/controls/go2_controller/include/Tools/TaskSpacePDControl.cpp:1[m[K:
/usr/local/include/pinocchio/multibody/joint/joint-generic.hpp: In instantiation of ‘[01m[Kpinocchio::JointModelTpl<Scalar, Options, JointCollectionTpl>::JointModelTpl(const pinocchio::JointModelBase<OtherDerived>&) [with JointModelDerived = pinocchio::JointModelRevoluteTpl<double, 0, 1>; _Scalar = double; int _Options = 0; JointCollectionTpl = pinocchio::JointCollectionDefaultTpl][m[K’:
[01m[K/usr/local/include/pinocchio/parsers/urdf/model.hxx:471:70:[m[K   required from ‘[01m[Kpinocchio::JointIndex pinocchio::urdf::details::UrdfVisitor<Scalar, Options, JointCollectionTpl>::addJoint(const Vector3&, const Frame&, const SE3&, const string&, const VectorConstRef&, const VectorConstRef&, const VectorConstRef&, const VectorConstRef&, const VectorConstRef&, const VectorConstRef&) [with TypeX = pinocchio::JointModelRevoluteTpl<double, 0, 0>; TypeY = pinocchio::JointModelRevoluteTpl<double, 0, 1>; TypeZ = pinocchio::JointModelRevoluteTpl<double, 0, 2>; TypeUnaligned = pinocchio::JointModelRevoluteUnalignedTpl<double>; Scalar = double; int Options = 0; JointCollectionTpl = pinocchio::JointCollectionDefaultTpl; pinocchio::JointIndex = long unsigned int; pinocchio::urdf::details::UrdfVisitor<Scalar, Options, JointCollectionTpl>::Vector3 = Eigen::Matrix<double, 3, 1>; pinocchio::urdf::details::UrdfVisitor<Scalar, Options, JointCollectionTpl>::Frame = pinocchio::FrameTpl<double, 0>; pinocchio::urdf::details::UrdfVisitor<Scalar, Options, JointCollectionTpl>::SE3 = pinocchio::SE3Tpl<double, 0>; std::string = std::__cxx11::basic_string<char>; pinocchio::urdf::details::UrdfVisitor<Scalar, Options, JointCollectionTpl>::VectorConstRef = Eigen::Ref<const Eigen::Matrix<double, -1, 1> >][m[K’
[01m[K/usr/local/include/pinocchio/parsers/urdf/model.hxx:262:22:[m[K   required from ‘[01m[Kvoid pinocchio::urdf::details::UrdfVisitor<Scalar, Options, JointCollectionTpl>::addJointAndBody(pinocchio::urdf::details::UrdfVisitor<Scalar, Options, JointCollectionTpl>::JointType, const Vector3&, const FrameIndex&, const SE3&, const string&, const Inertia&, const SE3&, const string&, const VectorConstRef&, const VectorConstRef&, const VectorConstRef&, const VectorConstRef&, const VectorConstRef&, const VectorConstRef&, const boost::optional<pinocchio::urdf::details::MimicInfo<_Scalar, Options> >&) [with Scalar = double; int Options = 0; JointCollectionTpl = pinocchio::JointCollectionDefaultTpl; pinocchio::urdf::details::UrdfVisitor<Scalar, Options, JointCollectionTpl>::JointType = pinocchio::urdf::details::UrdfVisitorBaseTpl<double, 0>::JointType; pinocchio::urdf::details::UrdfVisitor<Scalar, Options, JointCollectionTpl>::Vector3 = Eigen::Matrix<double, 3, 1>; pinocchio::FrameIndex = long unsigned int; pinocchio::urdf::details::UrdfVisitor<Scalar, Options, JointCollectionTpl>::SE3 = pinocchio::SE3Tpl<double, 0>; std::string = std::__cxx11::basic_string<char>; pinocchio::urdf::details::UrdfVisitor<Scalar, Options, JointCollectionTpl>::Inertia = pinocchio::InertiaTpl<double, 0>; pinocchio::urdf::details::UrdfVisitor<Scalar, Options, JointCollectionTpl>::VectorConstRef = Eigen::Ref<const Eigen::Matrix<double, -1, 1> >][m[K’
[01m[K/usr/local/include/pinocchio/parsers/urdf/model.hxx:234:14:[m[K   required from here
[01m[K/usr/local/include/pinocchio/multibody/joint/joint-generic.hpp:304:25:[m[K [01;31m[Kerror: [m[Kno matching function for call to ‘[01m[Kboost::variant<pinocchio::JointModelRevoluteTpl<double, 0, 0>, pinocchio::JointModelRevoluteTpl<double, 0, 1>, pinocchio::JointModelRevoluteTpl<double, 0, 2>, pinocchio::JointModelFreeFlyerTpl<double, 0>, pinocchio::JointModelPlanarTpl<double, 0>, pinocchio::JointModelRevoluteUnalignedTpl<double, 0>, pinocchio::JointModelSphericalTpl<double, 0>, pinocchio::JointModelSphericalZYXTpl<double, 0>, pinocchio::JointModelEllipsoidTpl<double, 0>, pinocchio::JointModelPrismaticTpl<double, 0, 0>, pinocchio::JointModelPrismaticTpl<double, 0, 1>, pinocchio::JointModelPrismaticTpl<double, 0, 2>, pinocchio::JointModelPrismaticUnalignedTpl<double, 0>, pinocchio::JointModelTranslationTpl<double, 0>, pinocchio::JointModelRevoluteUnboundedTpl<double, 0, 0>, pinocchio::JointModelRevoluteUnboundedTpl<double, 0, 1>, pinocchio::JointModelRevoluteUnboundedTpl<double, 0, 2>, pinocchio::JointModelRevoluteUnboundedUnalignedTpl<double, 0>, pinocchio::JointModelHelicalTpl<double, 0, 0>, pinocchio::JointModelHelicalTpl<double, 0, 1>, pinocchio::JointModelHelicalTpl<double, 0, 2>, pinocchio::JointModelHelicalUnalignedTpl<double, 0>, pinocchio::JointModelUniversalTpl<double, 0>, boost::recursive_wrapper<pinocchio::JointModelCompositeTpl<double, 0, pinocchio::JointCollectionDefaultTpl> >, boost::recursive_wrapper<pinocchio::JointModelMimicTpl<double, 0, pinocchio::JointCollectionDefaultTpl> > >::variant(const JointModelDerived&)[m[K’
  304 |     : JointModelVariant((JointModelVariant)jmodel.derived())
In file included from [01m[K/usr/include/boost/signals2/slot_base.hpp:22[m[K,
                 from [01m[K/usr/include/boost/signals2/detail/tracked_objects_visitor.hpp:18[m[K,
                 from [01m[K/usr/include/boost/signals2/slot.hpp:22[m[K,
                 from [01m[K/usr/include/boost/signals2/connection.hpp:24[m[K,
                 from [01m[K/usr/include/boost/signals2/signal.hpp:22[m[K,
                 from [01m[K/usr/include/boost/signals2.hpp:19[m[K,
                 from [01m[K/opt/ros/noetic/include/tf/tf.h:46[m[K,
                 from [01m[K/home/pth/pth/model/Go2_simulator/src/controls/go2_controller/include/go2_controller.h:28[m[K,
                 from [01m[K/home/pth/pth/model/Go2_simulator/src/controls/go2_controller/include/Tools/TaskSpacePDControl.cpp:1[m[K:
[01m[K/usr/include/boost/variant/variant.hpp:1767:5:[m[K [01;36m[Knote: [m[Kcandidate: ‘[01m[Kboost::variant<T0, TN>::variant(boost::variant<T0, TN>&&) [with T0_ = pinocchio::JointModelRevoluteTpl<double, 0, 0>; TN = {pinocchio::JointModelRevoluteTpl<double, 0, 1>, pinocchio::JointModelRevoluteTpl<double, 0, 2>, pinocchio::JointModelFreeFlyerTpl<double, 0>, pinocchio::JointModelPlanarTpl<double, 0>, pinocchio::JointModelRevoluteUnalignedTpl<double, 0>, pinocchio::JointModelSphericalTpl<double, 0>, pinocchio::JointModelSphericalZYXTpl<double, 0>, pinocchio::JointModelEllipsoidTpl<double, 0>, pinocchio::JointModelPrismaticTpl<double, 0, 0>, pinocchio::JointModelPrismaticTpl<double, 0, 1>, pinocchio::JointModelPrismaticTpl<double, 0, 2>, pinocchio::JointModelPrismaticUnalignedTpl<double, 0>, pinocchio::JointModelTranslationTpl<double, 0>, pinocchio::JointModelRevoluteUnboundedTpl<double, 0, 0>, pinocchio::JointModelRevoluteUnboundedTpl<double, 0, 1>, pinocchio::JointModelRevoluteUnboundedTpl<double, 0, 2>, pinocchio::JointModelRevoluteUnboundedUnalignedTpl<double, 0>, pinocchio::JointModelHelicalTpl<double, 0, 0>, pinocchio::JointModelHelicalTpl<double, 0, 1>, pinocchio::JointModelHelicalTpl<double, 0, 2>, pinocchio::JointModelHelicalUnalignedTpl<double, 0>, pinocchio::JointModelUniversalTpl<double, 0>, boost::recursive_wrapper<pinocchio::JointModelCompositeTpl<double, 0, pinocchio::JointCollectionDefaultTpl> >, boost::recursive_wrapper<pinocchio::JointModelMimicTpl<double, 0, pinocchio::JointCollectionDefaultTpl> >}][m[K’
 1767 |     [01;36m[Kvariant[m[K(variant&& operand) BOOST_NOEXCEPT_IF(variant_move_noexcept_constructible::type::value)
      |     [01;36m[K^~~~~~~[m[K
[01m[K/usr/include/boost/variant/variant.hpp:1767:23:[m[K [01;36m[Knote: [m[K  no known conversion for argument 1 from ‘[01m[Kconst JointModelDerived[m[K’ {aka ‘[01m[Kconst pinocchio::JointModelRevoluteTpl<double, 0, 1>[m[K’} to ‘[01m[Kboost::variant<pinocchio::JointModelRevoluteTpl<double, 0, 0>, pinocchio::JointModelRevoluteTpl<double, 0, 1>, pinocchio::JointModelRevoluteTpl<double, 0, 2>, pinocchio::JointModelFreeFlyerTpl<double, 0>, pinocchio::JointModelPlanarTpl<double, 0>, pinocchio::JointModelRevoluteUnalignedTpl<double, 0>, pinocchio::JointModelSphericalTpl<double, 0>, pinocchio::JointModelSphericalZYXTpl<double, 0>, pinocchio::JointModelEllipsoidTpl<double, 0>, pinocchio::JointModelPrismaticTpl<double, 0, 0>, pinocchio::JointModelPrismaticTpl<double, 0, 1>, pinocchio::JointModelPrismaticTpl<double, 0, 2>, pinocchio::JointModelPrismaticUnalignedTpl<double, 0>, pinocchio::JointModelTranslationTpl<double, 0>, pinocchio::JointModelRevoluteUnboundedTpl<double, 0, 0>, pinocchio::JointModelRevoluteUnboundedTpl<double, 0, 1>, pinocchio::JointModelRevoluteUnboundedTpl<double, 0, 2>, pinocchio::JointModelRevoluteUnboundedUnalignedTpl<double, 0>, pinocchio::JointModelHelicalTpl<double, 0, 0>, pinocchio::JointModelHelicalTpl<double, 0, 1>, pinocchio::JointModelHelicalTpl<double, 0, 2>, pinocchio::JointModelHelicalUnalignedTpl<double, 0>, pinocchio::JointModelUniversalTpl<double, 0>, boost::recursive_wrapper<pinocchio::JointModelCompositeTpl<double, 0, pinocchio::JointCollectionDefaultTpl> >, boost::recursive_wrapper<pinocchio::JointModelMimicTpl<double, 0, pinocchio::JointCollectionDefaultTpl> > >&&[m[K’
 1767 |     variant([01;36m[Kvariant&& operand[m[K) BOOST_NOEXCEPT_IF(variant_move_noexcept_constructible::type::value)
      |             [01;36m[K~~~~~~~~~~^~~~~~~[m[K
[01m[K/usr/include/boost/variant/variant.hpp:1756:5:[m[K [01;36m[Knote: [m[Kcandidate: ‘[01m[Kboost::variant<T0, TN>::variant(const boost::variant<T0, TN>&) [with T0_ = pinocchio::JointModelRevoluteTpl<double, 0, 0>; TN = {pinocchio::JointModelRevoluteTpl<double, 0, 1>, pinocchio::JointModelRevoluteTpl<double, 0, 2>, pinocchio::JointModelFreeFlyerTpl<double, 0>, pinocchio::JointModelPlanarTpl<double, 0>, pinocchio::JointModelRevoluteUnalignedTpl<double, 0>, pinocchio::JointModelSphericalTpl<double, 0>, pinocchio::JointModelSphericalZYXTpl<double, 0>, pinocchio::JointModelEllipsoidTpl<double, 0>, pinocchio::JointModelPrismaticTpl<double, 0, 0>, pinocchio::JointModelPrismaticTpl<double, 0, 1>, pinocchio::JointModelPrismaticTpl<double, 0, 2>, pinocchio::JointModelPrismaticUnalignedTpl<double, 0>, pinocchio::JointModelTranslationTpl<double, 0>, pinocchio::JointModelRevoluteUnboundedTpl<double, 0, 0>, pinocchio::JointModelRevoluteUnboundedTpl<double, 0, 1>, pinocchio::JointModelRevoluteUnboundedTpl<double, 0, 2>, pinocchio::JointModelRevoluteUnboundedUnalignedTpl<double, 0>, pinocchio::JointModelHelicalTpl<double, 0, 0>, pinocchio::JointModelHelicalTpl<double, 0, 1>, pinocchio::JointModelHelicalTpl<double, 0, 2>, pinocchio::JointModelHelicalUnalignedTpl<double, 0>, pinocchio::JointModelUniversalTpl<double, 0>, boost::recursive_wrapper<pinocchio::JointModelCompositeTpl<double, 0, pinocchio::JointCollectionDefaultTpl> >, boost::recursive_wrapper<pinocchio::JointModelMimicTpl<double, 0, pinocchio::JointCollectionDefaultTpl> >}][m[K’
 1756 |     [01;36m[Kvariant[m[K(const variant& operand)
      |     [01;36m[K^~~~~~~[m[K
[01m[K/usr/include/boost/variant/variant.hpp:1756:28:[m[K [01;36m[Knote: [m[K  no known conversion for argument 1 from ‘[01m[Kconst JointModelDerived[m[K’ {aka ‘[01m[Kconst pinocchio::JointModelRevoluteTpl<double, 0, 1>[m[K’} to ‘[01m[Kconst boost::variant<pinocchio::JointModelRevoluteTpl<double, 0, 0>, pinocchio::JointModelRevoluteTpl<double, 0, 1>, pinocchio::JointModelRevoluteTpl<double, 0, 2>, pinocchio::JointModelFreeFlyerTpl<double, 0>, pinocchio::JointModelPlanarTpl<double, 0>, pinocchio::JointModelRevoluteUnalignedTpl<double, 0>, pinocchio::JointModelSphericalTpl<double, 0>, pinocchio::JointModelSphericalZYXTpl<double, 0>, pinocchio::JointModelEllipsoidTpl<double, 0>, pinocchio::JointModelPrismaticTpl<double, 0, 0>, pinocchio::JointModelPrismaticTpl<double, 0, 1>, pinocchio::JointModelPrismaticTpl<double, 0, 2>, pinocchio::JointModelPrismaticUnalignedTpl<double, 0>, pinocchio::JointModelTranslationTpl<double, 0>, pinocchio::JointModelRevoluteUnboundedTpl<double, 0, 0>, pinocchio::JointModelRevoluteUnboundedTpl<double, 0, 1>, pinocchio::JointModelRevoluteUnboundedTpl<double, 0, 2>, pinocchio::JointModelRevoluteUnboundedUnalignedTpl<double, 0>, pinocchio::JointModelHelicalTpl<double, 0, 0>, pinocchio::JointModelHelicalTpl<double, 0, 1>, pinocchio::JointModelHelicalTpl<double, 0, 2>, pinocchio::JointModelHelicalUnalignedTpl<double, 0>, pinocchio::JointModelUniversalTpl<double, 0>, boost::recursive_wrapper<pinocchio::JointModelCompositeTpl<double, 0, pinocchio::JointCollectionDefaultTpl> >, boost::recursive_wrapper<pinocchio::JointModelMimicTpl<double, 0, pinocchio::JointCollectionDefaultTpl> > >&[m[K’
 1756 |     variant([01;36m[Kconst variant& operand[m[K)
      |             [01;36m[K~~~~~~~~~~~~~~~^~~~~~~[m[K
[01m[K/usr/include/boost/variant/variant.hpp:1375:5:[m[K [01;36m[Knote: [m[Kcandidate: ‘[01m[Kboost::variant<T0, TN>::variant() [with T0_ = pinocchio::JointModelRevoluteTpl<double, 0, 0>; TN = {pinocchio::JointModelRevoluteTpl<double, 0, 1>, pinocchio::JointModelRevoluteTpl<double, 0, 2>, pinocchio::JointModelFreeFlyerTpl<double, 0>, pinocchio::JointModelPlanarTpl<double, 0>, pinocchio::JointModelRevoluteUnalignedTpl<double, 0>, pinocchio::JointModelSphericalTpl<double, 0>, pinocchio::JointModelSphericalZYXTpl<double, 0>, pinocchio::JointModelEllipsoidTpl<double, 0>, pinocchio::JointModelPrismaticTpl<double, 0, 0>, pinocchio::JointModelPrismaticTpl<double, 0, 1>, pinocchio::JointModelPrismaticTpl<double, 0, 2>, pinocchio::JointModelPrismaticUnalignedTpl<double, 0>, pinocchio::JointModelTranslationTpl<double, 0>, pinocchio::JointModelRevoluteUnboundedTpl<double, 0, 0>, pinocchio::JointModelRevoluteUnboundedTpl<double, 0, 1>, pinocchio::JointModelRevoluteUnboundedTpl<double, 0, 2>, pinocchio::JointModelRevoluteUnboundedUnalignedTpl<double, 0>, pinocchio::JointModelHelicalTpl<double, 0, 0>, pinocchio::JointModelHelicalTpl<double, 0, 1>, pinocchio::JointModelHelicalTpl<double, 0, 2>, pinocchio::JointModelHelicalUnalignedTpl<double, 0>, pinocchio::JointModelUniversalTpl<double, 0>, boost::recursive_wrapper<pinocchio::JointModelCompositeTpl<double, 0, pinocchio::JointCollectionDefaultTpl> >, boost::recursive_wrapper<pinocchio::JointModelMimicTpl<double, 0, pinocchio::JointCollectionDefaultTpl> >}][m[K’
 1375 |     [01;36m[Kvariant[m[K()
      |     [01;36m[K^~~~~~~[m[K
[01m[K/usr/include/boost/variant/variant.hpp:1375:5:[m[K [01;36m[Knote: [m[K  candidate expects 0 arguments, 1 provided
In file included from [01m[K/usr/local/include/pinocchio/multibody/model.hpp:17[m[K,
                 from [01m[K/usr/local/include/pinocchio/algorithm/frames.hpp:8[m[K,
                 from [01m[K/home/pth/pth/model/Go2_simulator/src/controls/go2_controller/include/Tools/Pinocchio_Interface.hpp:5[m[K,
                 from [01m[K/home/pth/pth/model/Go2_simulator/src/controls/go2_controller/include/go2_controller.h:39[m[K,
                 from [01m[K/home/pth/pth/model/Go2_simulator/src/controls/go2_controller/include/Tools/TaskSpacePDControl.cpp:1[m[K:
/usr/local/include/pinocchio/multibody/joint/joint-generic.hpp: In instantiation of ‘[01m[Kpinocchio::JointModelTpl<Scalar, Options, JointCollectionTpl>::JointModelTpl(const pinocchio::JointModelBase<OtherDerived>&) [with JointModelDerived = pinocchio::JointModelRevoluteTpl<double, 0, 2>; _Scalar = double; int _Options = 0; JointCollectionTpl = pinocchio::JointCollectionDefaultTpl][m[K’:
[01m[K/usr/local/include/pinocchio/parsers/urdf/model.hxx:477:70:[m[K   required from ‘[01m[Kpinocchio::JointIndex pinocchio::urdf::details::UrdfVisitor<Scalar, Options, JointCollectionTpl>::addJoint(const Vector3&, const Frame&, const SE3&, const string&, const VectorConstRef&, const VectorConstRef&, const VectorConstRef&, const VectorConstRef&, const VectorConstRef&, const VectorConstRef&) [with TypeX = pinocchio::JointModelRevoluteTpl<double, 0, 0>; TypeY = pinocchio::JointModelRevoluteTpl<double, 0, 1>; TypeZ = pinocchio::JointModelRevoluteTpl<double, 0, 2>; TypeUnaligned = pinocchio::JointModelRevoluteUnalignedTpl<double>; Scalar = double; int Options = 0; JointCollectionTpl = pinocchio::JointCollectionDefaultTpl; pinocchio::JointIndex = long unsigned int; pinocchio::urdf::details::UrdfVisitor<Scalar, Options, JointCollectionTpl>::Vector3 = Eigen::Matrix<double, 3, 1>; pinocchio::urdf::details::UrdfVisitor<Scalar, Options, JointCollectionTpl>::Frame = pinocchio::FrameTpl<double, 0>; pinocchio::urdf::details::UrdfVisitor<Scalar, Options, JointCollectionTpl>::SE3 = pinocchio::SE3Tpl<double, 0>; std::string = std::__cxx11::basic_string<char>; pinocchio::urdf::details::UrdfVisitor<Scalar, Options, JointCollectionTpl>::VectorConstRef = Eigen::Ref<const Eigen::Matrix<double, -1, 1> >][m[K’
[01m[K/usr/local/include/pinocchio/parsers/urdf/model.hxx:262:22:[m[K   required from ‘[01m[Kvoid pinocchio::urdf::details::UrdfVisitor<Scalar, Options, JointCollectionTpl>::addJointAndBody(pinocchio::urdf::details::UrdfVisitor<Scalar, Options, JointCollectionTpl>::JointType, const Vector3&, const FrameIndex&, const SE3&, const string&, const Inertia&, const SE3&, const string&, const VectorConstRef&, const VectorConstRef&, const VectorConstRef&, const VectorConstRef&, const VectorConstRef&, const VectorConstRef&, const boost::optional<pinocchio::urdf::details::MimicInfo<_Scalar, Options> >&) [with Scalar = double; int Options = 0; JointCollectionTpl = pinocchio::JointCollectionDefaultTpl; pinocchio::urdf::details::UrdfVisitor<Scalar, Options, JointCollectionTpl>::JointType = pinocchio::urdf::details::UrdfVisitorBaseTpl<double, 0>::JointType; pinocchio::urdf::details::UrdfVisitor<Scalar, Options, JointCollectionTpl>::Vector3 = Eigen::Matrix<double, 3, 1>; pinocchio::FrameIndex = long unsigned int; pinocchio::urdf::details::UrdfVisitor<Scalar, Options, JointCollectionTpl>::SE3 = pinocchio::SE3Tpl<double, 0>; std::string = std::__cxx11::basic_string<char>; pinocchio::urdf::details::UrdfVisitor<Scalar, Options, JointCollectionTpl>::Inertia = pinocchio::InertiaTpl<double, 0>; pinocchio::urdf::details::UrdfVisitor<Scalar, Options, JointCollectionTpl>::VectorConstRef = Eigen::Ref<const Eigen::Matrix<double, -1, 1> >][m[K’
[01m[K/usr/local/include/pinocchio/parsers/urdf/model.hxx:234:14:[m[K   required from here
[01m[K/usr/local/include/pinocchio/multibody/joint/joint-generic.hpp:304:25:[m[K [01;31m[Kerror: [m[Kno matching function for call to ‘[01m[Kboost::variant<pinocchio::JointModelRevoluteTpl<double, 0, 0>, pinocchio::JointModelRevoluteTpl<double, 0, 1>, pinocchio::JointModelRevoluteTpl<double, 0, 2>, pinocchio::JointModelFreeFlyerTpl<double, 0>, pinocchio::JointModelPlanarTpl<double, 0>, pinocchio::JointModelRevoluteUnalignedTpl<double, 0>, pinocchio::JointModelSphericalTpl<double, 0>, pinocchio::JointModelSphericalZYXTpl<double, 0>, pinocchio::JointModelEllipsoidTpl<double, 0>, pinocchio::JointModelPrismaticTpl<double, 0, 0>, pinocchio::JointModelPrismaticTpl<double, 0, 1>, pinocchio::JointModelPrismaticTpl<double, 0, 2>, pinocchio::JointModelPrismaticUnalignedTpl<double, 0>, pinocchio::JointModelTranslationTpl<double, 0>, pinocchio::JointModelRevoluteUnboundedTpl<double, 0, 0>, pinocchio::JointModelRevoluteUnboundedTpl<double, 0, 1>, pinocchio::JointModelRevoluteUnboundedTpl<double, 0, 2>, pinocchio::JointModelRevoluteUnboundedUnalignedTpl<double, 0>, pinocchio::JointModelHelicalTpl<double, 0, 0>, pinocchio::JointModelHelicalTpl<double, 0, 1>, pinocchio::JointModelHelicalTpl<double, 0, 2>, pinocchio::JointModelHelicalUnalignedTpl<double, 0>, pinocchio::JointModelUniversalTpl<double, 0>, boost::recursive_wrapper<pinocchio::JointModelCompositeTpl<double, 0, pinocchio::JointCollectionDefaultTpl> >, boost::recursive_wrapper<pinocchio::JointModelMimicTpl<double, 0, pinocchio::JointCollectionDefaultTpl> > >::variant(const JointModelDerived&)[m[K’
  304 |     : JointModelVariant((JointModelVariant)jmodel.derived())
In file included from [01m[K/usr/include/boost/signals2/slot_base.hpp:22[m[K,
                 from [01m[K/usr/include/boost/signals2/detail/tracked_objects_visitor.hpp:18[m[K,
                 from [01m[K/usr/include/boost/signals2/slot.hpp:22[m[K,
                 from [01m[K/usr/include/boost/signals2/connection.hpp:24[m[K,
                 from [01m[K/usr/include/boost/signals2/signal.hpp:22[m[K,
                 from [01m[K/usr/include/boost/signals2.hpp:19[m[K,
                 from [01m[K/opt/ros/noetic/include/tf/tf.h:46[m[K,
                 from [01m[K/home/pth/pth/model/Go2_simulator/src/controls/go2_controller/include/go2_controller.h:28[m[K,
                 from [01m[K/home/pth/pth/model/Go2_simulator/src/controls/go2_controller/include/Tools/TaskSpacePDControl.cpp:1[m[K:
[01m[K/usr/include/boost/variant/variant.hpp:1767:5:[m[K [01;36m[Knote: [m[Kcandidate: ‘[01m[Kboost::variant<T0, TN>::variant(boost::variant<T0, TN>&&) [with T0_ = pinocchio::JointModelRevoluteTpl<double, 0, 0>; TN = {pinocchio::JointModelRevoluteTpl<double, 0, 1>, pinocchio::JointModelRevoluteTpl<double, 0, 2>, pinocchio::JointModelFreeFlyerTpl<double, 0>, pinocchio::JointModelPlanarTpl<double, 0>, pinocchio::JointModelRevoluteUnalignedTpl<double, 0>, pinocchio::JointModelSphericalTpl<double, 0>, pinocchio::JointModelSphericalZYXTpl<double, 0>, pinocchio::JointModelEllipsoidTpl<double, 0>, pinocchio::JointModelPrismaticTpl<double, 0, 0>, pinocchio::JointModelPrismaticTpl<double, 0, 1>, pinocchio::JointModelPrismaticTpl<double, 0, 2>, pinocchio::JointModelPrismaticUnalignedTpl<double, 0>, pinocchio::JointModelTranslationTpl<double, 0>, pinocchio::JointModelRevoluteUnboundedTpl<double, 0, 0>, pinocchio::JointModelRevoluteUnboundedTpl<double, 0, 1>, pinocchio::JointModelRevoluteUnboundedTpl<double, 0, 2>, pinocchio::JointModelRevoluteUnboundedUnalignedTpl<double, 0>, pinocchio::JointModelHelicalTpl<double, 0, 0>, pinocchio::JointModelHelicalTpl<double, 0, 1>, pinocchio::JointModelHelicalTpl<double, 0, 2>, pinocchio::JointModelHelicalUnalignedTpl<double, 0>, pinocchio::JointModelUniversalTpl<double, 0>, boost::recursive_wrapper<pinocchio::JointModelCompositeTpl<double, 0, pinocchio::JointCollectionDefaultTpl> >, boost::recursive_wrapper<pinocchio::JointModelMimicTpl<double, 0, pinocchio::JointCollectionDefaultTpl> >}][m[K’
 1767 |     [01;36m[Kvariant[m[K(variant&& operand) BOOST_NOEXCEPT_IF(variant_move_noexcept_constructible::type::value)
      |     [01;36m[K^~~~~~~[m[K
[01m[K/usr/include/boost/variant/variant.hpp:1767:23:[m[K [01;36m[Knote: [m[K  no known conversion for argument 1 from ‘[01m[Kconst JointModelDerived[m[K’ {aka ‘[01m[Kconst pinocchio::JointModelRevoluteTpl<double, 0, 2>[m[K’} to ‘[01m[Kboost::variant<pinocchio::JointModelRevoluteTpl<double, 0, 0>, pinocchio::JointModelRevoluteTpl<double, 0, 1>, pinocchio::JointModelRevoluteTpl<double, 0, 2>, pinocchio::JointModelFreeFlyerTpl<double, 0>, pinocchio::JointModelPlanarTpl<double, 0>, pinocchio::JointModelRevoluteUnalignedTpl<double, 0>, pinocchio::JointModelSphericalTpl<double, 0>, pinocchio::JointModelSphericalZYXTpl<double, 0>, pinocchio::JointModelEllipsoidTpl<double, 0>, pinocchio::JointModelPrismaticTpl<double, 0, 0>, pinocchio::JointModelPrismaticTpl<double, 0, 1>, pinocchio::JointModelPrismaticTpl<double, 0, 2>, pinocchio::JointModelPrismaticUnalignedTpl<double, 0>, pinocchio::JointModelTranslationTpl<double, 0>, pinocchio::JointModelRevoluteUnboundedTpl<double, 0, 0>, pinocchio::JointModelRevoluteUnboundedTpl<double, 0, 1>, pinocchio::JointModelRevoluteUnboundedTpl<double, 0, 2>, pinocchio::JointModelRevoluteUnboundedUnalignedTpl<double, 0>, pinocchio::JointModelHelicalTpl<double, 0, 0>, pinocchio::JointModelHelicalTpl<double, 0, 1>, pinocchio::JointModelHelicalTpl<double, 0, 2>, pinocchio::JointModelHelicalUnalignedTpl<double, 0>, pinocchio::JointModelUniversalTpl<double, 0>, boost::recursive_wrapper<pinocchio::JointModelCompositeTpl<double, 0, pinocchio::JointCollectionDefaultTpl> >, boost::recursive_wrapper<pinocchio::JointModelMimicTpl<double, 0, pinocchio::JointCollectionDefaultTpl> > >&&[m[K’
 1767 |     variant([01;36m[Kvariant&& operand[m[K) BOOST_NOEXCEPT_IF(variant_move_noexcept_constructible::type::value)
      |             [01;36m[K~~~~~~~~~~^~~~~~~[m[K
[01m[K/usr/include/boost/variant/variant.hpp:1756:5:[m[K [01;36m[Knote: [m[Kcandidate: ‘[01m[Kboost::variant<T0, TN>::variant(const boost::variant<T0, TN>&) [with T0_ = pinocchio::JointModelRevoluteTpl<double, 0, 0>; TN = {pinocchio::JointModelRevoluteTpl<double, 0, 1>, pinocchio::JointModelRevoluteTpl<double, 0, 2>, pinocchio::JointModelFreeFlyerTpl<double, 0>, pinocchio::JointModelPlanarTpl<double, 0>, pinocchio::JointModelRevoluteUnalignedTpl<double, 0>, pinocchio::JointModelSphericalTpl<double, 0>, pinocchio::JointModelSphericalZYXTpl<double, 0>, pinocchio::JointModelEllipsoidTpl<double, 0>, pinocchio::JointModelPrismaticTpl<double, 0, 0>, pinocchio::JointModelPrismaticTpl<double, 0, 1>, pinocchio::JointModelPrismaticTpl<double, 0, 2>, pinocchio::JointModelPrismaticUnalignedTpl<double, 0>, pinocchio::JointModelTranslationTpl<double, 0>, pinocchio::JointModelRevoluteUnboundedTpl<double, 0, 0>, pinocchio::JointModelRevoluteUnboundedTpl<double, 0, 1>, pinocchio::JointModelRevoluteUnboundedTpl<double, 0, 2>, pinocchio::JointModelRevoluteUnboundedUnalignedTpl<double, 0>, pinocchio::JointModelHelicalTpl<double, 0, 0>, pinocchio::JointModelHelicalTpl<double, 0, 1>, pinocchio::JointModelHelicalTpl<double, 0, 2>, pinocchio::JointModelHelicalUnalignedTpl<double, 0>, pinocchio::JointModelUniversalTpl<double, 0>, boost::recursive_wrapper<pinocchio::JointModelCompositeTpl<double, 0, pinocchio::JointCollectionDefaultTpl> >, boost::recursive_wrapper<pinocchio::JointModelMimicTpl<double, 0, pinocchio::JointCollectionDefaultTpl> >}][m[K’
 1756 |     [01;36m[Kvariant[m[K(const variant& operand)
      |     [01;36m[K^~~~~~~[m[K
[01m[K/usr/include/boost/variant/variant.hpp:1756:28:[m[K [01;36m[Knote: [m[K  no known conversion for argument 1 from ‘[01m[Kconst JointModelDerived[m[K’ {aka ‘[01m[Kconst pinocchio::JointModelRevoluteTpl<double, 0, 2>[m[K’} to ‘[01m[Kconst boost::variant<pinocchio::JointModelRevoluteTpl<double, 0, 0>, pinocchio::JointModelRevoluteTpl<double, 0, 1>, pinocchio::JointModelRevoluteTpl<double, 0, 2>, pinocchio::JointModelFreeFlyerTpl<double, 0>, pinocchio::JointModelPlanarTpl<double, 0>, pinocchio::JointModelRevoluteUnalignedTpl<double, 0>, pinocchio::JointModelSphericalTpl<double, 0>, pinocchio::JointModelSphericalZYXTpl<double, 0>, pinocchio::JointModelEllipsoidTpl<double, 0>, pinocchio::JointModelPrismaticTpl<double, 0, 0>, pinocchio::JointModelPrismaticTpl<double, 0, 1>, pinocchio::JointModelPrismaticTpl<double, 0, 2>, pinocchio::JointModelPrismaticUnalignedTpl<double, 0>, pinocchio::JointModelTranslationTpl<double, 0>, pinocchio::JointModelRevoluteUnboundedTpl<double, 0, 0>, pinocchio::JointModelRevoluteUnboundedTpl<double, 0, 1>, pinocchio::JointModelRevoluteUnboundedTpl<double, 0, 2>, pinocchio::JointModelRevoluteUnboundedUnalignedTpl<double, 0>, pinocchio::JointModelHelicalTpl<double, 0, 0>, pinocchio::JointModelHelicalTpl<double, 0, 1>, pinocchio::JointModelHelicalTpl<double, 0, 2>, pinocchio::JointModelHelicalUnalignedTpl<double, 0>, pinocchio::JointModelUniversalTpl<double, 0>, boost::recursive_wrapper<pinocchio::JointModelCompositeTpl<double, 0, pinocchio::JointCollectionDefaultTpl> >, boost::recursive_wrapper<pinocchio::JointModelMimicTpl<double, 0, pinocchio::JointCollectionDefaultTpl> > >&[m[K’
 1756 |     variant([01;36m[Kconst variant& operand[m[K)
      |             [01;36m[K~~~~~~~~~~~~~~~^~~~~~~[m[K
[01m[K/usr/include/boost/variant/variant.hpp:1375:5:[m[K [01;36m[Knote: [m[Kcandidate: ‘[01m[Kboost::variant<T0, TN>::variant() [with T0_ = pinocchio::JointModelRevoluteTpl<double, 0, 0>; TN = {pinocchio::JointModelRevoluteTpl<double, 0, 1>, pinocchio::JointModelRevoluteTpl<double, 0, 2>, pinocchio::JointModelFreeFlyerTpl<double, 0>, pinocchio::JointModelPlanarTpl<double, 0>, pinocchio::JointModelRevoluteUnalignedTpl<double, 0>, pinocchio::JointModelSphericalTpl<double, 0>, pinocchio::JointModelSphericalZYXTpl<double, 0>, pinocchio::JointModelEllipsoidTpl<double, 0>, pinocchio::JointModelPrismaticTpl<double, 0, 0>, pinocchio::JointModelPrismaticTpl<double, 0, 1>, pinocchio::JointModelPrismaticTpl<double, 0, 2>, pinocchio::JointModelPrismaticUnalignedTpl<double, 0>, pinocchio::JointModelTranslationTpl<double, 0>, pinocchio::JointModelRevoluteUnboundedTpl<double, 0, 0>, pinocchio::JointModelRevoluteUnboundedTpl<double, 0, 1>, pinocchio::JointModelRevoluteUnboundedTpl<double, 0, 2>, pinocchio::JointModelRevoluteUnboundedUnalignedTpl<double, 0>, pinocchio::JointModelHelicalTpl<double, 0, 0>, pinocchio::JointModelHelicalTpl<double, 0, 1>, pinocchio::JointModelHelicalTpl<double, 0, 2>, pinocchio::JointModelHelicalUnalignedTpl<double, 0>, pinocchio::JointModelUniversalTpl<double, 0>, boost::recursive_wrapper<pinocchio::JointModelCompositeTpl<double, 0, pinocchio::JointCollectionDefaultTpl> >, boost::recursive_wrapper<pinocchio::JointModelMimicTpl<double, 0, pinocchio::JointCollectionDefaultTpl> >}][m[K’
 1375 |     [01;36m[Kvariant[m[K()
      |     [01;36m[K^~~~~~~[m[K
[01m[K/usr/include/boost/variant/variant.hpp:1375:5:[m[K [01;36m[Knote: [m[K  candidate expects 0 arguments, 1 provided
In file included from [01m[K/usr/local/include/pinocchio/multibody/model.hpp:17[m[K,
                 from [01m[K/usr/local/include/pinocchio/algorithm/frames.hpp:8[m[K,
                 from [01m[K/home/pth/pth/model/Go2_simulator/src/controls/go2_controller/include/Tools/Pinocchio_Interface.hpp:5[m[K,
                 from [01m[K/home/pth/pth/model/Go2_simulator/src/controls/go2_controller/include/go2_controller.h:39[m[K,
                 from [01m[K/home/pth/pth/model/Go2_simulator/src/controls/go2_controller/include/Tools/TaskSpacePDControl.cpp:1[m[K:
/usr/local/include/pinocchio/multibody/joint/joint-generic.hpp: In instantiation of ‘[01m[Kpinocchio::JointModelTpl<Scalar, Options, JointCollectionTpl>::JointModelTpl(const pinocchio::JointModelBase<OtherDerived>&) [with JointModelDerived = pinocchio::JointModelRevoluteUnalignedTpl<double>; _Scalar = double; int _Options = 0; JointCollectionTpl = pinocchio::JointCollectionDefaultTpl][m[K’:
[01m[K/usr/local/include/pinocchio/parsers/urdf/model.hxx:483:94:[m[K   required from ‘[01m[Kpinocchio::JointIndex pinocchio::urdf::details::UrdfVisitor<Scalar, Options, JointCollectionTpl>::addJoint(const Vector3&, const Frame&, const SE3&, const string&, const VectorConstRef&, const VectorConstRef&, const VectorConstRef&, const VectorConstRef&, const VectorConstRef&, const VectorConstRef&) [with TypeX = pinocchio::JointModelRevoluteTpl<double, 0, 0>; TypeY = pinocchio::JointModelRevoluteTpl<double, 0, 1>; TypeZ = pinocchio::JointModelRevoluteTpl<double, 0, 2>; TypeUnaligned = pinocchio::JointModelRevoluteUnalignedTpl<double>; Scalar = double; int Options = 0; JointCollectionTpl = pinocchio::JointCollectionDefaultTpl; pinocchio::JointIndex = long unsigned int; pinocchio::urdf::details::UrdfVisitor<Scalar, Options, JointCollectionTpl>::Vector3 = Eigen::Matrix<double, 3, 1>; pinocchio::urdf::details::UrdfVisitor<Scalar, Options, JointCollectionTpl>::Frame = pinocchio::FrameTpl<double, 0>; pinocchio::urdf::details::UrdfVisitor<Scalar, Options, JointCollectionTpl>::SE3 = pinocchio::SE3Tpl<double, 0>; std::string = std::__cxx11::basic_string<char>; pinocchio::urdf::details::UrdfVisitor<Scalar, Options, JointCollectionTpl>::VectorConstRef = Eigen::Ref<const Eigen::Matrix<double, -1, 1> >][m[K’
[01m[K/usr/local/include/pinocchio/parsers/urdf/model.hxx:262:22:[m[K   required from ‘[01m[Kvoid pinocchio::urdf::details::UrdfVisitor<Scalar, Options, JointCollectionTpl>::addJointAndBody(pinocchio::urdf::details::UrdfVisitor<Scalar, Options, JointCollectionTpl>::JointType, const Vector3&, const FrameIndex&, const SE3&, const string&, const Inertia&, const SE3&, const string&, const VectorConstRef&, const VectorConstRef&, const VectorConstRef&, const VectorConstRef&, const VectorConstRef&, const VectorConstRef&, const boost::optional<pinocchio::urdf::details::MimicInfo<_Scalar, Options> >&) [with Scalar = double; int Options = 0; JointCollectionTpl = pinocchio::JointCollectionDefaultTpl; pinocchio::urdf::details::UrdfVisitor<Scalar, Options, JointCollectionTpl>::JointType = pinocchio::urdf::details::UrdfVisitorBaseTpl<double, 0>::JointType; pinocchio::urdf::details::UrdfVisitor<Scalar, Options, JointCollectionTpl>::Vector3 = Eigen::Matrix<double, 3, 1>; pinocchio::FrameIndex = long unsigned int; pinocchio::urdf::details::UrdfVisitor<Scalar, Options, JointCollectionTpl>::SE3 = pinocchio::SE3Tpl<double, 0>; std::string = std::__cxx11::basic_string<char>; pinocchio::urdf::details::UrdfVisitor<Scalar, Options, JointCollectionTpl>::Inertia = pinocchio::InertiaTpl<double, 0>; pinocchio::urdf::details::UrdfVisitor<Scalar, Options, JointCollectionTpl>::VectorConstRef = Eigen::Ref<const Eigen::Matrix<double, -1, 1> >][m[K’
[01m[K/usr/local/include/pinocchio/parsers/urdf/model.hxx:234:14:[m[K   required from here
[01m[K/usr/local/include/pinocchio/multibody/joint/joint-generic.hpp:304:25:[m[K [01;31m[Kerror: [m[Kno matching function for call to ‘[01m[Kboost::variant<pinocchio::JointModelRevoluteTpl<double, 0, 0>, pinocchio::JointModelRevoluteTpl<double, 0, 1>, pinocchio::JointModelRevoluteTpl<double, 0, 2>, pinocchio::JointModelFreeFlyerTpl<double, 0>, pinocchio::JointModelPlanarTpl<double, 0>, pinocchio::JointModelRevoluteUnalignedTpl<double, 0>, pinocchio::JointModelSphericalTpl<double, 0>, pinocchio::JointModelSphericalZYXTpl<double, 0>, pinocchio::JointModelEllipsoidTpl<double, 0>, pinocchio::JointModelPrismaticTpl<double, 0, 0>, pinocchio::JointModelPrismaticTpl<double, 0, 1>, pinocchio::JointModelPrismaticTpl<double, 0, 2>, pinocchio::JointModelPrismaticUnalignedTpl<double, 0>, pinocchio::JointModelTranslationTpl<double, 0>, pinocchio::JointModelRevoluteUnboundedTpl<double, 0, 0>, pinocchio::JointModelRevoluteUnboundedTpl<double, 0, 1>, pinocchio::JointModelRevoluteUnboundedTpl<double, 0, 2>, pinocchio::JointModelRevoluteUnboundedUnalignedTpl<double, 0>, pinocchio::JointModelHelicalTpl<double, 0, 0>, pinocchio::JointModelHelicalTpl<double, 0, 1>, pinocchio::JointModelHelicalTpl<double, 0, 2>, pinocchio::JointModelHelicalUnalignedTpl<double, 0>, pinocchio::JointModelUniversalTpl<double, 0>, boost::recursive_wrapper<pinocchio::JointModelCompositeTpl<double, 0, pinocchio::JointCollectionDefaultTpl> >, boost::recursive_wrapper<pinocchio::JointModelMimicTpl<double, 0, pinocchio::JointCollectionDefaultTpl> > >::variant(const JointModelDerived&)[m[K’
  304 |     : JointModelVariant((JointModelVariant)jmodel.derived())
In file included from [01m[K/usr/include/boost/signals2/slot_base.hpp:22[m[K,
                 from [01m[K/usr/include/boost/signals2/detail/tracked_objects_visitor.hpp:18[m[K,
                 from [01m[K/usr/include/boost/signals2/slot.hpp:22[m[K,
                 from [01m[K/usr/include/boost/signals2/connection.hpp:24[m[K,
                 from [01m[K/usr/include/boost/signals2/signal.hpp:22[m[K,
                 from [01m[K/usr/include/boost/signals2.hpp:19[m[K,
                 from [01m[K/opt/ros/noetic/include/tf/tf.h:46[m[K,
                 from [01m[K/home/pth/pth/model/Go2_simulator/src/controls/go2_controller/include/go2_controller.h:28[m[K,
                 from [01m[K/home/pth/pth/model/Go2_simulator/src/controls/go2_controller/include/Tools/TaskSpacePDControl.cpp:1[m[K:
[01m[K/usr/include/boost/variant/variant.hpp:1767:5:[m[K [01;36m[Knote: [m[Kcandidate: ‘[01m[Kboost::variant<T0, TN>::variant(boost::variant<T0, TN>&&) [with T0_ = pinocchio::JointModelRevoluteTpl<double, 0, 0>; TN = {pinocchio::JointModelRevoluteTpl<double, 0, 1>, pinocchio::JointModelRevoluteTpl<double, 0, 2>, pinocchio::JointModelFreeFlyerTpl<double, 0>, pinocchio::JointModelPlanarTpl<double, 0>, pinocchio::JointModelRevoluteUnalignedTpl<double, 0>, pinocchio::JointModelSphericalTpl<double, 0>, pinocchio::JointModelSphericalZYXTpl<double, 0>, pinocchio::JointModelEllipsoidTpl<double, 0>, pinocchio::JointModelPrismaticTpl<double, 0, 0>, pinocchio::JointModelPrismaticTpl<double, 0, 1>, pinocchio::JointModelPrismaticTpl<double, 0, 2>, pinocchio::JointModelPrismaticUnalignedTpl<double, 0>, pinocchio::JointModelTranslationTpl<double, 0>, pinocchio::JointModelRevoluteUnboundedTpl<double, 0, 0>, pinocchio::JointModelRevoluteUnboundedTpl<double, 0, 1>, pinocchio::JointModelRevoluteUnboundedTpl<double, 0, 2>, pinocchio::JointModelRevoluteUnboundedUnalignedTpl<double, 0>, pinocchio::JointModelHelicalTpl<double, 0, 0>, pinocchio::JointModelHelicalTpl<double, 0, 1>, pinocchio::JointModelHelicalTpl<double, 0, 2>, pinocchio::JointModelHelicalUnalignedTpl<double, 0>, pinocchio::JointModelUniversalTpl<double, 0>, boost::recursive_wrapper<pinocchio::JointModelCompositeTpl<double, 0, pinocchio::JointCollectionDefaultTpl> >, boost::recursive_wrapper<pinocchio::JointModelMimicTpl<double, 0, pinocchio::JointCollectionDefaultTpl> >}][m[K’
 1767 |     [01;36m[Kvariant[m[K(variant&& operand) BOOST_NOEXCEPT_IF(variant_move_noexcept_constructible::type::value)
      |     [01;36m[K^~~~~~~[m[K
[01m[K/usr/include/boost/variant/variant.hpp:1767:23:[m[K [01;36m[Knote: [m[K  no known conversion for argument 1 from ‘[01m[Kconst JointModelDerived[m[K’ {aka ‘[01m[Kconst pinocchio::JointModelRevoluteUnalignedTpl<double>[m[K’} to ‘[01m[Kboost::variant<pinocchio::JointModelRevoluteTpl<double, 0, 0>, pinocchio::JointModelRevoluteTpl<double, 0, 1>, pinocchio::JointModelRevoluteTpl<double, 0, 2>, pinocchio::JointModelFreeFlyerTpl<double, 0>, pinocchio::JointModelPlanarTpl<double, 0>, pinocchio::JointModelRevoluteUnalignedTpl<double, 0>, pinocchio::JointModelSphericalTpl<double, 0>, pinocchio::JointModelSphericalZYXTpl<double, 0>, pinocchio::JointModelEllipsoidTpl<double, 0>, pinocchio::JointModelPrismaticTpl<double, 0, 0>, pinocchio::JointModelPrismaticTpl<double, 0, 1>, pinocchio::JointModelPrismaticTpl<double, 0, 2>, pinocchio::JointModelPrismaticUnalignedTpl<double, 0>, pinocchio::JointModelTranslationTpl<double, 0>, pinocchio::JointModelRevoluteUnboundedTpl<double, 0, 0>, pinocchio::JointModelRevoluteUnboundedTpl<double, 0, 1>, pinocchio::JointModelRevoluteUnboundedTpl<double, 0, 2>, pinocchio::JointModelRevoluteUnboundedUnalignedTpl<double, 0>, pinocchio::JointModelHelicalTpl<double, 0, 0>, pinocchio::JointModelHelicalTpl<double, 0, 1>, pinocchio::JointModelHelicalTpl<double, 0, 2>, pinocchio::JointModelHelicalUnalignedTpl<double, 0>, pinocchio::JointModelUniversalTpl<double, 0>, boost::recursive_wrapper<pinocchio::JointModelCompositeTpl<double, 0, pinocchio::JointCollectionDefaultTpl> >, boost::recursive_wrapper<pinocchio::JointModelMimicTpl<double, 0, pinocchio::JointCollectionDefaultTpl> > >&&[m[K’
 1767 |     variant([01;36m[Kvariant&& operand[m[K) BOOST_NOEXCEPT_IF(variant_move_noexcept_constructible::type::value)
      |             [01;36m[K~~~~~~~~~~^~~~~~~[m[K
[01m[K/usr/include/boost/variant/variant.hpp:1756:5:[m[K [01;36m[Knote: [m[Kcandidate: ‘[01m[Kboost::variant<T0, TN>::variant(const boost::variant<T0, TN>&) [with T0_ = pinocchio::JointModelRevoluteTpl<double, 0, 0>; TN = {pinocchio::JointModelRevoluteTpl<double, 0, 1>, pinocchio::JointModelRevoluteTpl<double, 0, 2>, pinocchio::JointModelFreeFlyerTpl<double, 0>, pinocchio::JointModelPlanarTpl<double, 0>, pinocchio::JointModelRevoluteUnalignedTpl<double, 0>, pinocchio::JointModelSphericalTpl<double, 0>, pinocchio::JointModelSphericalZYXTpl<double, 0>, pinocchio::JointModelEllipsoidTpl<double, 0>, pinocchio::JointModelPrismaticTpl<double, 0, 0>, pinocchio::JointModelPrismaticTpl<double, 0, 1>, pinocchio::JointModelPrismaticTpl<double, 0, 2>, pinocchio::JointModelPrismaticUnalignedTpl<double, 0>, pinocchio::JointModelTranslationTpl<double, 0>, pinocchio::JointModelRevoluteUnboundedTpl<double, 0, 0>, pinocchio::JointModelRevoluteUnboundedTpl<double, 0, 1>, pinocchio::JointModelRevoluteUnboundedTpl<double, 0, 2>, pinocchio::JointModelRevoluteUnboundedUnalignedTpl<double, 0>, pinocchio::JointModelHelicalTpl<double, 0, 0>, pinocchio::JointModelHelicalTpl<double, 0, 1>, pinocchio::JointModelHelicalTpl<double, 0, 2>, pinocchio::JointModelHelicalUnalignedTpl<double, 0>, pinocchio::JointModelUniversalTpl<double, 0>, boost::recursive_wrapper<pinocchio::JointModelCompositeTpl<double, 0, pinocchio::JointCollectionDefaultTpl> >, boost::recursive_wrapper<pinocchio::JointModelMimicTpl<double, 0, pinocchio::JointCollectionDefaultTpl> >}][m[K’
 1756 |     [01;36m[Kvariant[m[K(const variant& operand)
      |     [01;36m[K^~~~~~~[m[K
[01m[K/usr/include/boost/variant/variant.hpp:1756:28:[m[K [01;36m[Knote: [m[K  no known conversion for argument 1 from ‘[01m[Kconst JointModelDerived[m[K’ {aka ‘[01m[Kconst pinocchio::JointModelRevoluteUnalignedTpl<double>[m[K’} to ‘[01m[Kconst boost::variant<pinocchio::JointModelRevoluteTpl<double, 0, 0>, pinocchio::JointModelRevoluteTpl<double, 0, 1>, pinocchio::JointModelRevoluteTpl<double, 0, 2>, pinocchio::JointModelFreeFlyerTpl<double, 0>, pinocchio::JointModelPlanarTpl<double, 0>, pinocchio::JointModelRevoluteUnalignedTpl<double, 0>, pinocchio::JointModelSphericalTpl<double, 0>, pinocchio::JointModelSphericalZYXTpl<double, 0>, pinocchio::JointModelEllipsoidTpl<double, 0>, pinocchio::JointModelPrismaticTpl<double, 0, 0>, pinocchio::JointModelPrismaticTpl<double, 0, 1>, pinocchio::JointModelPrismaticTpl<double, 0, 2>, pinocchio::JointModelPrismaticUnalignedTpl<double, 0>, pinocchio::JointModelTranslationTpl<double, 0>, pinocchio::JointModelRevoluteUnboundedTpl<double, 0, 0>, pinocchio::JointModelRevoluteUnboundedTpl<double, 0, 1>, pinocchio::JointModelRevoluteUnboundedTpl<double, 0, 2>, pinocchio::JointModelRevoluteUnboundedUnalignedTpl<double, 0>, pinocchio::JointModelHelicalTpl<double, 0, 0>, pinocchio::JointModelHelicalTpl<double, 0, 1>, pinocchio::JointModelHelicalTpl<double, 0, 2>, pinocchio::JointModelHelicalUnalignedTpl<double, 0>, pinocchio::JointModelUniversalTpl<double, 0>, boost::recursive_wrapper<pinocchio::JointModelCompositeTpl<double, 0, pinocchio::JointCollectionDefaultTpl> >, boost::recursive_wrapper<pinocchio::JointModelMimicTpl<double, 0, pinocchio::JointCollectionDefaultTpl> > >&[m[K’
 1756 |     variant([01;36m[Kconst variant& operand[m[K)
      |             [01;36m[K~~~~~~~~~~~~~~~^~~~~~~[m[K
[01m[K/usr/include/boost/variant/variant.hpp:1375:5:[m[K [01;36m[Knote: [m[Kcandidate: ‘[01m[Kboost::variant<T0, TN>::variant() [with T0_ = pinocchio::JointModelRevoluteTpl<double, 0, 0>; TN = {pinocchio::JointModelRevoluteTpl<double, 0, 1>, pinocchio::JointModelRevoluteTpl<double, 0, 2>, pinocchio::JointModelFreeFlyerTpl<double, 0>, pinocchio::JointModelPlanarTpl<double, 0>, pinocchio::JointModelRevoluteUnalignedTpl<double, 0>, pinocchio::JointModelSphericalTpl<double, 0>, pinocchio::JointModelSphericalZYXTpl<double, 0>, pinocchio::JointModelEllipsoidTpl<double, 0>, pinocchio::JointModelPrismaticTpl<double, 0, 0>, pinocchio::JointModelPrismaticTpl<double, 0, 1>, pinocchio::JointModelPrismaticTpl<double, 0, 2>, pinocchio::JointModelPrismaticUnalignedTpl<double, 0>, pinocchio::JointModelTranslationTpl<double, 0>, pinocchio::JointModelRevoluteUnboundedTpl<double, 0, 0>, pinocchio::JointModelRevoluteUnboundedTpl<double, 0, 1>, pinocchio::JointModelRevoluteUnboundedTpl<double, 0, 2>, pinocchio::JointModelRevoluteUnboundedUnalignedTpl<double, 0>, pinocchio::JointModelHelicalTpl<double, 0, 0>, pinocchio::JointModelHelicalTpl<double, 0, 1>, pinocchio::JointModelHelicalTpl<double, 0, 2>, pinocchio::JointModelHelicalUnalignedTpl<double, 0>, pinocchio::JointModelUniversalTpl<double, 0>, boost::recursive_wrapper<pinocchio::JointModelCompositeTpl<double, 0, pinocchio::JointCollectionDefaultTpl> >, boost::recursive_wrapper<pinocchio::JointModelMimicTpl<double, 0, pinocchio::JointCollectionDefaultTpl> >}][m[K’
 1375 |     [01;36m[Kvariant[m[K()
      |     [01;36m[K^~~~~~~[m[K
[01m[K/usr/include/boost/variant/variant.hpp:1375:5:[m[K [01;36m[Knote: [m[K  candidate expects 0 arguments, 1 provided
In file included from [01m[K/usr/local/include/pinocchio/multibody/model.hpp:17[m[K,
                 from [01m[K/usr/local/include/pinocchio/algorithm/frames.hpp:8[m[K,
                 from [01m[K/home/pth/pth/model/Go2_simulator/src/controls/go2_controller/include/Tools/Pinocchio_Interface.hpp:5[m[K,
                 from [01m[K/home/pth/pth/model/Go2_simulator/src/controls/go2_controller/include/go2_controller.h:39[m[K,
                 from [01m[K/home/pth/pth/model/Go2_simulator/src/controls/go2_controller/include/Tools/TaskSpacePDControl.cpp:1[m[K:
/usr/local/include/pinocchio/multibody/joint/joint-generic.hpp: In instantiation of ‘[01m[Kpinocchio::JointModelTpl<Scalar, Options, JointCollectionTpl>::JointModelTpl(const pinocchio::JointModelBase<OtherDerived>&) [with JointModelDerived = pinocchio::JointModelRevoluteUnboundedTpl<double, 0, 0>; _Scalar = double; int _Options = 0; JointCollectionTpl = pinocchio::JointCollectionDefaultTpl][m[K’:
[01m[K/usr/local/include/pinocchio/parsers/urdf/model.hxx:465:70:[m[K   required from ‘[01m[Kpinocchio::JointIndex pinocchio::urdf::details::UrdfVisitor<Scalar, Options, JointCollectionTpl>::addJoint(const Vector3&, const Frame&, const SE3&, const string&, const VectorConstRef&, const VectorConstRef&, const VectorConstRef&, const VectorConstRef&, const VectorConstRef&, const VectorConstRef&) [with TypeX = pinocchio::JointModelRevoluteUnboundedTpl<double, 0, 0>; TypeY = pinocchio::JointModelRevoluteUnboundedTpl<double, 0, 1>; TypeZ = pinocchio::JointModelRevoluteUnboundedTpl<double, 0, 2>; TypeUnaligned = pinocchio::JointModelRevoluteUnboundedUnalignedTpl<double>; Scalar = double; int Options = 0; JointCollectionTpl = pinocchio::JointCollectionDefaultTpl; pinocchio::JointIndex = long unsigned int; pinocchio::urdf::details::UrdfVisitor<Scalar, Options, JointCollectionTpl>::Vector3 = Eigen::Matrix<double, 3, 1>; pinocchio::urdf::details::UrdfVisitor<Scalar, Options, JointCollectionTpl>::Frame = pinocchio::FrameTpl<double, 0>; pinocchio::urdf::details::UrdfVisitor<Scalar, Options, JointCollectionTpl>::SE3 = pinocchio::SE3Tpl<double, 0>; std::string = std::__cxx11::basic_string<char>; pinocchio::urdf::details::UrdfVisitor<Scalar, Options, JointCollectionTpl>::VectorConstRef = Eigen::Ref<const Eigen::Matrix<double, -1, 1> >][m[K’
[01m[K/usr/local/include/pinocchio/parsers/urdf/model.hxx:270:22:[m[K   required from ‘[01m[Kvoid pinocchio::urdf::details::UrdfVisitor<Scalar, Options, JointCollectionTpl>::addJointAndBody(pinocchio::urdf::details::UrdfVisitor<Scalar, Options, JointCollectionTpl>::JointType, const Vector3&, const FrameIndex&, const SE3&, const string&, const Inertia&, const SE3&, const string&, const VectorConstRef&, const VectorConstRef&, const VectorConstRef&, const VectorConstRef&, const VectorConstRef&, const VectorConstRef&, const boost::optional<pinocchio::urdf::details::MimicInfo<_Scalar, Options> >&) [with Scalar = double; int Options = 0; JointCollectionTpl = pinocchio::JointCollectionDefaultTpl; pinocchio::urdf::details::UrdfVisitor<Scalar, Options, JointCollectionTpl>::JointType = pinocchio::urdf::details::UrdfVisitorBaseTpl<double, 0>::JointType; pinocchio::urdf::details::UrdfVisitor<Scalar, Options, JointCollectionTpl>::Vector3 = Eigen::Matrix<double, 3, 1>; pinocchio::FrameIndex = long unsigned int; pinocchio::urdf::details::UrdfVisitor<Scalar, Options, JointCollectionTpl>::SE3 = pinocchio::SE3Tpl<double, 0>; std::string = std::__cxx11::basic_string<char>; pinocchio::urdf::details::UrdfVisitor<Scalar, Options, JointCollectionTpl>::Inertia = pinocchio::InertiaTpl<double, 0>; pinocchio::urdf::details::UrdfVisitor<Scalar, Options, JointCollectionTpl>::VectorConstRef = Eigen::Ref<const Eigen::Matrix<double, -1, 1> >][m[K’
[01m[K/usr/local/include/pinocchio/parsers/urdf/model.hxx:234:14:[m[K   required from here
[01m[K/usr/local/include/pinocchio/multibody/joint/joint-generic.hpp:304:25:[m[K [01;31m[Kerror: [m[Kno matching function for call to ‘[01m[Kboost::variant<pinocchio::JointModelRevoluteTpl<double, 0, 0>, pinocchio::JointModelRevoluteTpl<double, 0, 1>, pinocchio::JointModelRevoluteTpl<double, 0, 2>, pinocchio::JointModelFreeFlyerTpl<double, 0>, pinocchio::JointModelPlanarTpl<double, 0>, pinocchio::JointModelRevoluteUnalignedTpl<double, 0>, pinocchio::JointModelSphericalTpl<double, 0>, pinocchio::JointModelSphericalZYXTpl<double, 0>, pinocchio::JointModelEllipsoidTpl<double, 0>, pinocchio::JointModelPrismaticTpl<double, 0, 0>, pinocchio::JointModelPrismaticTpl<double, 0, 1>, pinocchio::JointModelPrismaticTpl<double, 0, 2>, pinocchio::JointModelPrismaticUnalignedTpl<double, 0>, pinocchio::JointModelTranslationTpl<double, 0>, pinocchio::JointModelRevoluteUnboundedTpl<double, 0, 0>, pinocchio::JointModelRevoluteUnboundedTpl<double, 0, 1>, pinocchio::JointModelRevoluteUnboundedTpl<double, 0, 2>, pinocchio::JointModelRevoluteUnboundedUnalignedTpl<double, 0>, pinocchio::JointModelHelicalTpl<double, 0, 0>, pinocchio::JointModelHelicalTpl<double, 0, 1>, pinocchio::JointModelHelicalTpl<double, 0, 2>, pinocchio::JointModelHelicalUnalignedTpl<double, 0>, pinocchio::JointModelUniversalTpl<double, 0>, boost::recursive_wrapper<pinocchio::JointModelCompositeTpl<double, 0, pinocchio::JointCollectionDefaultTpl> >, boost::recursive_wrapper<pinocchio::JointModelMimicTpl<double, 0, pinocchio::JointCollectionDefaultTpl> > >::variant(const JointModelDerived&)[m[K’
  304 |     : JointModelVariant((JointModelVariant)jmodel.derived())
In file included from [01m[K/usr/include/boost/signals2/slot_base.hpp:22[m[K,
                 from [01m[K/usr/include/boost/signals2/detail/tracked_objects_visitor.hpp:18[m[K,
                 from [01m[K/usr/include/boost/signals2/slot.hpp:22[m[K,
                 from [01m[K/usr/include/boost/signals2/connection.hpp:24[m[K,
                 from [01m[K/usr/include/boost/signals2/signal.hpp:22[m[K,
                 from [01m[K/usr/include/boost/signals2.hpp:19[m[K,
                 from [01m[K/opt/ros/noetic/include/tf/tf.h:46[m[K,
                 from [01m[K/home/pth/pth/model/Go2_simulator/src/controls/go2_controller/include/go2_controller.h:28[m[K,
                 from [01m[K/home/pth/pth/model/Go2_simulator/src/controls/go2_controller/include/Tools/TaskSpacePDControl.cpp:1[m[K:
[01m[K/usr/include/boost/variant/variant.hpp:1767:5:[m[K [01;36m[Knote: [m[Kcandidate: ‘[01m[Kboost::variant<T0, TN>::variant(boost::variant<T0, TN>&&) [with T0_ = pinocchio::JointModelRevoluteTpl<double, 0, 0>; TN = {pinocchio::JointModelRevoluteTpl<double, 0, 1>, pinocchio::JointModelRevoluteTpl<double, 0, 2>, pinocchio::JointModelFreeFlyerTpl<double, 0>, pinocchio::JointModelPlanarTpl<double, 0>, pinocchio::JointModelRevoluteUnalignedTpl<double, 0>, pinocchio::JointModelSphericalTpl<double, 0>, pinocchio::JointModelSphericalZYXTpl<double, 0>, pinocchio::JointModelEllipsoidTpl<double, 0>, pinocchio::JointModelPrismaticTpl<double, 0, 0>, pinocchio::JointModelPrismaticTpl<double, 0, 1>, pinocchio::JointModelPrismaticTpl<double, 0, 2>, pinocchio::JointModelPrismaticUnalignedTpl<double, 0>, pinocchio::JointModelTranslationTpl<double, 0>, pinocchio::JointModelRevoluteUnboundedTpl<double, 0, 0>, pinocchio::JointModelRevoluteUnboundedTpl<double, 0, 1>, pinocchio::JointModelRevoluteUnboundedTpl<double, 0, 2>, pinocchio::JointModelRevoluteUnboundedUnalignedTpl<double, 0>, pinocchio::JointModelHelicalTpl<double, 0, 0>, pinocchio::JointModelHelicalTpl<double, 0, 1>, pinocchio::JointModelHelicalTpl<double, 0, 2>, pinocchio::JointModelHelicalUnalignedTpl<double, 0>, pinocchio::JointModelUniversalTpl<double, 0>, boost::recursive_wrapper<pinocchio::JointModelCompositeTpl<double, 0, pinocchio::JointCollectionDefaultTpl> >, boost::recursive_wrapper<pinocchio::JointModelMimicTpl<double, 0, pinocchio::JointCollectionDefaultTpl> >}][m[K’
 1767 |     [01;36m[Kvariant[m[K(variant&& operand) BOOST_NOEXCEPT_IF(variant_move_noexcept_constructible::type::value)
      |     [01;36m[K^~~~~~~[m[K
[01m[K/usr/include/boost/variant/variant.hpp:1767:23:[m[K [01;36m[Knote: [m[K  no known conversion for argument 1 from ‘[01m[Kconst JointModelDerived[m[K’ {aka ‘[01m[Kconst pinocchio::JointModelRevoluteUnboundedTpl<double, 0, 0>[m[K’} to ‘[01m[Kboost::variant<pinocchio::JointModelRevoluteTpl<double, 0, 0>, pinocchio::JointModelRevoluteTpl<double, 0, 1>, pinocchio::JointModelRevoluteTpl<double, 0, 2>, pinocchio::JointModelFreeFlyerTpl<double, 0>, pinocchio::JointModelPlanarTpl<double, 0>, pinocchio::JointModelRevoluteUnalignedTpl<double, 0>, pinocchio::JointModelSphericalTpl<double, 0>, pinocchio::JointModelSphericalZYXTpl<double, 0>, pinocchio::JointModelEllipsoidTpl<double, 0>, pinocchio::JointModelPrismaticTpl<double, 0, 0>, pinocchio::JointModelPrismaticTpl<double, 0, 1>, pinocchio::JointModelPrismaticTpl<double, 0, 2>, pinocchio::JointModelPrismaticUnalignedTpl<double, 0>, pinocchio::JointModelTranslationTpl<double, 0>, pinocchio::JointModelRevoluteUnboundedTpl<double, 0, 0>, pinocchio::JointModelRevoluteUnboundedTpl<double, 0, 1>, pinocchio::JointModelRevoluteUnboundedTpl<double, 0, 2>, pinocchio::JointModelRevoluteUnboundedUnalignedTpl<double, 0>, pinocchio::JointModelHelicalTpl<double, 0, 0>, pinocchio::JointModelHelicalTpl<double, 0, 1>, pinocchio::JointModelHelicalTpl<double, 0, 2>, pinocchio::JointModelHelicalUnalignedTpl<double, 0>, pinocchio::JointModelUniversalTpl<double, 0>, boost::recursive_wrapper<pinocchio::JointModelCompositeTpl<double, 0, pinocchio::JointCollectionDefaultTpl> >, boost::recursive_wrapper<pinocchio::JointModelMimicTpl<double, 0, pinocchio::JointCollectionDefaultTpl> > >&&[m[K’
 1767 |     variant([01;36m[Kvariant&& operand[m[K) BOOST_NOEXCEPT_IF(variant_move_noexcept_constructible::type::value)
      |             [01;36m[K~~~~~~~~~~^~~~~~~[m[K
[01m[K/usr/include/boost/variant/variant.hpp:1756:5:[m[K [01;36m[Knote: [m[Kcandidate: ‘[01m[Kboost::variant<T0, TN>::variant(const boost::variant<T0, TN>&) [with T0_ = pinocchio::JointModelRevoluteTpl<double, 0, 0>; TN = {pinocchio::JointModelRevoluteTpl<double, 0, 1>, pinocchio::JointModelRevoluteTpl<double, 0, 2>, pinocchio::JointModelFreeFlyerTpl<double, 0>, pinocchio::JointModelPlanarTpl<double, 0>, pinocchio::JointModelRevoluteUnalignedTpl<double, 0>, pinocchio::JointModelSphericalTpl<double, 0>, pinocchio::JointModelSphericalZYXTpl<double, 0>, pinocchio::JointModelEllipsoidTpl<double, 0>, pinocchio::JointModelPrismaticTpl<double, 0, 0>, pinocchio::JointModelPrismaticTpl<double, 0, 1>, pinocchio::JointModelPrismaticTpl<double, 0, 2>, pinocchio::JointModelPrismaticUnalignedTpl<double, 0>, pinocchio::JointModelTranslationTpl<double, 0>, pinocchio::JointModelRevoluteUnboundedTpl<double, 0, 0>, pinocchio::JointModelRevoluteUnboundedTpl<double, 0, 1>, pinocchio::JointModelRevoluteUnboundedTpl<double, 0, 2>, pinocchio::JointModelRevoluteUnboundedUnalignedTpl<double, 0>, pinocchio::JointModelHelicalTpl<double, 0, 0>, pinocchio::JointModelHelicalTpl<double, 0, 1>, pinocchio::JointModelHelicalTpl<double, 0, 2>, pinocchio::JointModelHelicalUnalignedTpl<double, 0>, pinocchio::JointModelUniversalTpl<double, 0>, boost::recursive_wrapper<pinocchio::JointModelCompositeTpl<double, 0, pinocchio::JointCollectionDefaultTpl> >, boost::recursive_wrapper<pinocchio::JointModelMimicTpl<double, 0, pinocchio::JointCollectionDefaultTpl> >}][m[K’
 1756 |     [01;36m[Kvariant[m[K(const variant& operand)
      |     [01;36m[K^~~~~~~[m[K
[01m[K/usr/include/boost/variant/variant.hpp:1756:28:[m[K [01;36m[Knote: [m[K  no known conversion for argument 1 from ‘[01m[Kconst JointModelDerived[m[K’ {aka ‘[01m[Kconst pinocchio::JointModelRevoluteUnboundedTpl<double, 0, 0>[m[K’} to ‘[01m[Kconst boost::variant<pinocchio::JointModelRevoluteTpl<double, 0, 0>, pinocchio::JointModelRevoluteTpl<double, 0, 1>, pinocchio::JointModelRevoluteTpl<double, 0, 2>, pinocchio::JointModelFreeFlyerTpl<double, 0>, pinocchio::JointModelPlanarTpl<double, 0>, pinocchio::JointModelRevoluteUnalignedTpl<double, 0>, pinocchio::JointModelSphericalTpl<double, 0>, pinocchio::JointModelSphericalZYXTpl<double, 0>, pinocchio::JointModelEllipsoidTpl<double, 0>, pinocchio::JointModelPrismaticTpl<double, 0, 0>, pinocchio::JointModelPrismaticTpl<double, 0, 1>, pinocchio::JointModelPrismaticTpl<double, 0, 2>, pinocchio::JointModelPrismaticUnalignedTpl<double, 0>, pinocchio::JointModelTranslationTpl<double, 0>, pinocchio::JointModelRevoluteUnboundedTpl<double, 0, 0>, pinocchio::JointModelRevoluteUnboundedTpl<double, 0, 1>, pinocchio::JointModelRevoluteUnboundedTpl<double, 0, 2>, pinocchio::JointModelRevoluteUnboundedUnalignedTpl<double, 0>, pinocchio::JointModelHelicalTpl<double, 0, 0>, pinocchio::JointModelHelicalTpl<double, 0, 1>, pinocchio::JointModelHelicalTpl<double, 0, 2>, pinocchio::JointModelHelicalUnalignedTpl<double, 0>, pinocchio::JointModelUniversalTpl<double, 0>, boost::recursive_wrapper<pinocchio::JointModelCompositeTpl<double, 0, pinocchio::JointCollectionDefaultTpl> >, boost::recursive_wrapper<pinocchio::JointModelMimicTpl<double, 0, pinocchio::JointCollectionDefaultTpl> > >&[m[K’
 1756 |     variant([01;36m[Kconst variant& operand[m[K)
      |             [01;36m[K~~~~~~~~~~~~~~~^~~~~~~[m[K
[01m[K/usr/include/boost/variant/variant.hpp:1375:5:[m[K [01;36m[Knote: [m[Kcandidate: ‘[01m[Kboost::variant<T0, TN>::variant() [with T0_ = pinocchio::JointModelRevoluteTpl<double, 0, 0>; TN = {pinocchio::JointModelRevoluteTpl<double, 0, 1>, pinocchio::JointModelRevoluteTpl<double, 0, 2>, pinocchio::JointModelFreeFlyerTpl<double, 0>, pinocchio::JointModelPlanarTpl<double, 0>, pinocchio::JointModelRevoluteUnalignedTpl<double, 0>, pinocchio::JointModelSphericalTpl<double, 0>, pinocchio::JointModelSphericalZYXTpl<double, 0>, pinocchio::JointModelEllipsoidTpl<double, 0>, pinocchio::JointModelPrismaticTpl<double, 0, 0>, pinocchio::JointModelPrismaticTpl<double, 0, 1>, pinocchio::JointModelPrismaticTpl<double, 0, 2>, pinocchio::JointModelPrismaticUnalignedTpl<double, 0>, pinocchio::JointModelTranslationTpl<double, 0>, pinocchio::JointModelRevoluteUnboundedTpl<double, 0, 0>, pinocchio::JointModelRevoluteUnboundedTpl<double, 0, 1>, pinocchio::JointModelRevoluteUnboundedTpl<double, 0, 2>, pinocchio::JointModelRevoluteUnboundedUnalignedTpl<double, 0>, pinocchio::JointModelHelicalTpl<double, 0, 0>, pinocchio::JointModelHelicalTpl<double, 0, 1>, pinocchio::JointModelHelicalTpl<double, 0, 2>, pinocchio::JointModelHelicalUnalignedTpl<double, 0>, pinocchio::JointModelUniversalTpl<double, 0>, boost::recursive_wrapper<pinocchio::JointModelCompositeTpl<double, 0, pinocchio::JointCollectionDefaultTpl> >, boost::recursive_wrapper<pinocchio::JointModelMimicTpl<double, 0, pinocchio::JointCollectionDefaultTpl> >}][m[K’
 1375 |     [01;36m[Kvariant[m[K()
      |     [01;36m[K^~~~~~~[m[K
[01m[K/usr/include/boost/variant/variant.hpp:1375:5:[m[K [01;36m[Knote: [m[K  candidate expects 0 arguments, 1 provided
In file included from [01m[K/usr/local/include/pinocchio/multibody/model.hpp:17[m[K,
                 from [01m[K/usr/local/include/pinocchio/algorithm/frames.hpp:8[m[K,
                 from [01m[K/home/pth/pth/model/Go2_simulator/src/controls/go2_controller/include/Tools/Pinocchio_Interface.hpp:5[m[K,
                 from [01m[K/home/pth/pth/model/Go2_simulator/src/controls/go2_controller/include/go2_controller.h:39[m[K,
                 from [01m[K/home/pth/pth/model/Go2_simulator/src/controls/go2_controller/include/Tools/TaskSpacePDControl.cpp:1[m[K:
/usr/local/include/pinocchio/multibody/joint/joint-generic.hpp: In instantiation of ‘[01m[Kpinocchio::JointModelTpl<Scalar, Options, JointCollectionTpl>::JointModelTpl(const pinocchio::JointModelBase<OtherDerived>&) [with JointModelDerived = pinocchio::JointModelRevoluteUnboundedTpl<double, 0, 1>; _Scalar = double; int _Options = 0; JointCollectionTpl = pinocchio::JointCollectionDefaultTpl][m[K’:
[01m[K/usr/local/include/pinocchio/parsers/urdf/model.hxx:471:70:[m[K   required from ‘[01m[Kpinocchio::JointIndex pinocchio::urdf::details::UrdfVisitor<Scalar, Options, JointCollectionTpl>::addJoint(const Vector3&, const Frame&, const SE3&, const string&, const VectorConstRef&, const VectorConstRef&, const VectorConstRef&, const VectorConstRef&, const VectorConstRef&, const VectorConstRef&) [with TypeX = pinocchio::JointModelRevoluteUnboundedTpl<double, 0, 0>; TypeY = pinocchio::JointModelRevoluteUnboundedTpl<double, 0, 1>; TypeZ = pinocchio::JointModelRevoluteUnboundedTpl<double, 0, 2>; TypeUnaligned = pinocchio::JointModelRevoluteUnboundedUnalignedTpl<double>; Scalar = double; int Options = 0; JointCollectionTpl = pinocchio::JointCollectionDefaultTpl; pinocchio::JointIndex = long unsigned int; pinocchio::urdf::details::UrdfVisitor<Scalar, Options, JointCollectionTpl>::Vector3 = Eigen::Matrix<double, 3, 1>; pinocchio::urdf::details::UrdfVisitor<Scalar, Options, JointCollectionTpl>::Frame = pinocchio::FrameTpl<double, 0>; pinocchio::urdf::details::UrdfVisitor<Scalar, Options, JointCollectionTpl>::SE3 = pinocchio::SE3Tpl<double, 0>; std::string = std::__cxx11::basic_string<char>; pinocchio::urdf::details::UrdfVisitor<Scalar, Options, JointCollectionTpl>::VectorConstRef = Eigen::Ref<const Eigen::Matrix<double, -1, 1> >][m[K’
[01m[K/usr/local/include/pinocchio/parsers/urdf/model.hxx:270:22:[m[K   required from ‘[01m[Kvoid pinocchio::urdf::details::UrdfVisitor<Scalar, Options, JointCollectionTpl>::addJointAndBody(pinocchio::urdf::details::UrdfVisitor<Scalar, Options, JointCollectionTpl>::JointType, const Vector3&, const FrameIndex&, const SE3&, const string&, const Inertia&, const SE3&, const string&, const VectorConstRef&, const VectorConstRef&, const VectorConstRef&, const VectorConstRef&, const VectorConstRef&, const VectorConstRef&, const boost::optional<pinocchio::urdf::details::MimicInfo<_Scalar, Options> >&) [with Scalar = double; int Options = 0; JointCollectionTpl = pinocchio::JointCollectionDefaultTpl; pinocchio::urdf::details::UrdfVisitor<Scalar, Options, JointCollectionTpl>::JointType = pinocchio::urdf::details::UrdfVisitorBaseTpl<double, 0>::JointType; pinocchio::urdf::details::UrdfVisitor<Scalar, Options, JointCollectionTpl>::Vector3 = Eigen::Matrix<double, 3, 1>; pinocchio::FrameIndex = long unsigned int; pinocchio::urdf::details::UrdfVisitor<Scalar, Options, JointCollectionTpl>::SE3 = pinocchio::SE3Tpl<double, 0>; std::string = std::__cxx11::basic_string<char>; pinocchio::urdf::details::UrdfVisitor<Scalar, Options, JointCollectionTpl>::Inertia = pinocchio::InertiaTpl<double, 0>; pinocchio::urdf::details::UrdfVisitor<Scalar, Options, JointCollectionTpl>::VectorConstRef = Eigen::Ref<const Eigen::Matrix<double, -1, 1> >][m[K’
[01m[K/usr/local/include/pinocchio/parsers/urdf/model.hxx:234:14:[m[K   required from here
[01m[K/usr/local/include/pinocchio/multibody/joint/joint-generic.hpp:304:25:[m[K [01;31m[Kerror: [m[Kno matching function for call to ‘[01m[Kboost::variant<pinocchio::JointModelRevoluteTpl<double, 0, 0>, pinocchio::JointModelRevoluteTpl<double, 0, 1>, pinocchio::JointModelRevoluteTpl<double, 0, 2>, pinocchio::JointModelFreeFlyerTpl<double, 0>, pinocchio::JointModelPlanarTpl<double, 0>, pinocchio::JointModelRevoluteUnalignedTpl<double, 0>, pinocchio::JointModelSphericalTpl<double, 0>, pinocchio::JointModelSphericalZYXTpl<double, 0>, pinocchio::JointModelEllipsoidTpl<double, 0>, pinocchio::JointModelPrismaticTpl<double, 0, 0>, pinocchio::JointModelPrismaticTpl<double, 0, 1>, pinocchio::JointModelPrismaticTpl<double, 0, 2>, pinocchio::JointModelPrismaticUnalignedTpl<double, 0>, pinocchio::JointModelTranslationTpl<double, 0>, pinocchio::JointModelRevoluteUnboundedTpl<double, 0, 0>, pinocchio::JointModelRevoluteUnboundedTpl<double, 0, 1>, pinocchio::JointModelRevoluteUnboundedTpl<double, 0, 2>, pinocchio::JointModelRevoluteUnboundedUnalignedTpl<double, 0>, pinocchio::JointModelHelicalTpl<double, 0, 0>, pinocchio::JointModelHelicalTpl<double, 0, 1>, pinocchio::JointModelHelicalTpl<double, 0, 2>, pinocchio::JointModelHelicalUnalignedTpl<double, 0>, pinocchio::JointModelUniversalTpl<double, 0>, boost::recursive_wrapper<pinocchio::JointModelCompositeTpl<double, 0, pinocchio::JointCollectionDefaultTpl> >, boost::recursive_wrapper<pinocchio::JointModelMimicTpl<double, 0, pinocchio::JointCollectionDefaultTpl> > >::variant(const JointModelDerived&)[m[K’
  304 |     : JointModelVariant((JointModelVariant)jmodel.derived())
In file included from [01m[K/usr/include/boost/signals2/slot_base.hpp:22[m[K,
                 from [01m[K/usr/include/boost/signals2/detail/tracked_objects_visitor.hpp:18[m[K,
                 from [01m[K/usr/include/boost/signals2/slot.hpp:22[m[K,
                 from [01m[K/usr/include/boost/signals2/connection.hpp:24[m[K,
                 from [01m[K/usr/include/boost/signals2/signal.hpp:22[m[K,
                 from [01m[K/usr/include/boost/signals2.hpp:19[m[K,
                 from [01m[K/opt/ros/noetic/include/tf/tf.h:46[m[K,
                 from [01m[K/home/pth/pth/model/Go2_simulator/src/controls/go2_controller/include/go2_controller.h:28[m[K,
                 from [01m[K/home/pth/pth/model/Go2_simulator/src/controls/go2_controller/include/Tools/TaskSpacePDControl.cpp:1[m[K:
[01m[K/usr/include/boost/variant/variant.hpp:1767:5:[m[K [01;36m[Knote: [m[Kcandidate: ‘[01m[Kboost::variant<T0, TN>::variant(boost::variant<T0, TN>&&) [with T0_ = pinocchio::JointModelRevoluteTpl<double, 0, 0>; TN = {pinocchio::JointModelRevoluteTpl<double, 0, 1>, pinocchio::JointModelRevoluteTpl<double, 0, 2>, pinocchio::JointModelFreeFlyerTpl<double, 0>, pinocchio::JointModelPlanarTpl<double, 0>, pinocchio::JointModelRevoluteUnalignedTpl<double, 0>, pinocchio::JointModelSphericalTpl<double, 0>, pinocchio::JointModelSphericalZYXTpl<double, 0>, pinocchio::JointModelEllipsoidTpl<double, 0>, pinocchio::JointModelPrismaticTpl<double, 0, 0>, pinocchio::JointModelPrismaticTpl<double, 0, 1>, pinocchio::JointModelPrismaticTpl<double, 0, 2>, pinocchio::JointModelPrismaticUnalignedTpl<double, 0>, pinocchio::JointModelTranslationTpl<double, 0>, pinocchio::JointModelRevoluteUnboundedTpl<double, 0, 0>, pinocchio::JointModelRevoluteUnboundedTpl<double, 0, 1>, pinocchio::JointModelRevoluteUnboundedTpl<double, 0, 2>, pinocchio::JointModelRevoluteUnboundedUnalignedTpl<double, 0>, pinocchio::JointModelHelicalTpl<double, 0, 0>, pinocchio::JointModelHelicalTpl<double, 0, 1>, pinocchio::JointModelHelicalTpl<double, 0, 2>, pinocchio::JointModelHelicalUnalignedTpl<double, 0>, pinocchio::JointModelUniversalTpl<double, 0>, boost::recursive_wrapper<pinocchio::JointModelCompositeTpl<double, 0, pinocchio::JointCollectionDefaultTpl> >, boost::recursive_wrapper<pinocchio::JointModelMimicTpl<double, 0, pinocchio::JointCollectionDefaultTpl> >}][m[K’
 1767 |     [01;36m[Kvariant[m[K(variant&& operand) BOOST_NOEXCEPT_IF(variant_move_noexcept_constructible::type::value)
      |     [01;36m[K^~~~~~~[m[K
[01m[K/usr/include/boost/variant/variant.hpp:1767:23:[m[K [01;36m[Knote: [m[K  no known conversion for argument 1 from ‘[01m[Kconst JointModelDerived[m[K’ {aka ‘[01m[Kconst pinocchio::JointModelRevoluteUnboundedTpl<double, 0, 1>[m[K’} to ‘[01m[Kboost::variant<pinocchio::JointModelRevoluteTpl<double, 0, 0>, pinocchio::JointModelRevoluteTpl<double, 0, 1>, pinocchio::JointModelRevoluteTpl<double, 0, 2>, pinocchio::JointModelFreeFlyerTpl<double, 0>, pinocchio::JointModelPlanarTpl<double, 0>, pinocchio::JointModelRevoluteUnalignedTpl<double, 0>, pinocchio::JointModelSphericalTpl<double, 0>, pinocchio::JointModelSphericalZYXTpl<double, 0>, pinocchio::JointModelEllipsoidTpl<double, 0>, pinocchio::JointModelPrismaticTpl<double, 0, 0>, pinocchio::JointModelPrismaticTpl<double, 0, 1>, pinocchio::JointModelPrismaticTpl<double, 0, 2>, pinocchio::JointModelPrismaticUnalignedTpl<double, 0>, pinocchio::JointModelTranslationTpl<double, 0>, pinocchio::JointModelRevoluteUnboundedTpl<double, 0, 0>, pinocchio::JointModelRevoluteUnboundedTpl<double, 0, 1>, pinocchio::JointModelRevoluteUnboundedTpl<double, 0, 2>, pinocchio::JointModelRevoluteUnboundedUnalignedTpl<double, 0>, pinocchio::JointModelHelicalTpl<double, 0, 0>, pinocchio::JointModelHelicalTpl<double, 0, 1>, pinocchio::JointModelHelicalTpl<double, 0, 2>, pinocchio::JointModelHelicalUnalignedTpl<double, 0>, pinocchio::JointModelUniversalTpl<double, 0>, boost::recursive_wrapper<pinocchio::JointModelCompositeTpl<double, 0, pinocchio::JointCollectionDefaultTpl> >, boost::recursive_wrapper<pinocchio::JointModelMimicTpl<double, 0, pinocchio::JointCollectionDefaultTpl> > >&&[m[K’
 1767 |     variant([01;36m[Kvariant&& operand[m[K) BOOST_NOEXCEPT_IF(variant_move_noexcept_constructible::type::value)
      |             [01;36m[K~~~~~~~~~~^~~~~~~[m[K
[01m[K/usr/include/boost/variant/variant.hpp:1756:5:[m[K [01;36m[Knote: [m[Kcandidate: ‘[01m[Kboost::variant<T0, TN>::variant(const boost::variant<T0, TN>&) [with T0_ = pinocchio::JointModelRevoluteTpl<double, 0, 0>; TN = {pinocchio::JointModelRevoluteTpl<double, 0, 1>, pinocchio::JointModelRevoluteTpl<double, 0, 2>, pinocchio::JointModelFreeFlyerTpl<double, 0>, pinocchio::JointModelPlanarTpl<double, 0>, pinocchio::JointModelRevoluteUnalignedTpl<double, 0>, pinocchio::JointModelSphericalTpl<double, 0>, pinocchio::JointModelSphericalZYXTpl<double, 0>, pinocchio::JointModelEllipsoidTpl<double, 0>, pinocchio::JointModelPrismaticTpl<double, 0, 0>, pinocchio::JointModelPrismaticTpl<double, 0, 1>, pinocchio::JointModelPrismaticTpl<double, 0, 2>, pinocchio::JointModelPrismaticUnalignedTpl<double, 0>, pinocchio::JointModelTranslationTpl<double, 0>, pinocchio::JointModelRevoluteUnboundedTpl<double, 0, 0>, pinocchio::JointModelRevoluteUnboundedTpl<double, 0, 1>, pinocchio::JointModelRevoluteUnboundedTpl<double, 0, 2>, pinocchio::JointModelRevoluteUnboundedUnalignedTpl<double, 0>, pinocchio::JointModelHelicalTpl<double, 0, 0>, pinocchio::JointModelHelicalTpl<double, 0, 1>, pinocchio::JointModelHelicalTpl<double, 0, 2>, pinocchio::JointModelHelicalUnalignedTpl<double, 0>, pinocchio::JointModelUniversalTpl<double, 0>, boost::recursive_wrapper<pinocchio::JointModelCompositeTpl<double, 0, pinocchio::JointCollectionDefaultTpl> >, boost::recursive_wrapper<pinocchio::JointModelMimicTpl<double, 0, pinocchio::JointCollectionDefaultTpl> >}][m[K’
 1756 |     [01;36m[Kvariant[m[K(const variant& operand)
      |     [01;36m[K^~~~~~~[m[K
[01m[K/usr/include/boost/variant/variant.hpp:1756:28:[m[K [01;36m[Knote: [m[K  no known conversion for argument 1 from ‘[01m[Kconst JointModelDerived[m[K’ {aka ‘[01m[Kconst pinocchio::JointModelRevoluteUnboundedTpl<double, 0, 1>[m[K’} to ‘[01m[Kconst boost::variant<pinocchio::JointModelRevoluteTpl<double, 0, 0>, pinocchio::JointModelRevoluteTpl<double, 0, 1>, pinocchio::JointModelRevoluteTpl<double, 0, 2>, pinocchio::JointModelFreeFlyerTpl<double, 0>, pinocchio::JointModelPlanarTpl<double, 0>, pinocchio::JointModelRevoluteUnalignedTpl<double, 0>, pinocchio::JointModelSphericalTpl<double, 0>, pinocchio::JointModelSphericalZYXTpl<double, 0>, pinocchio::JointModelEllipsoidTpl<double, 0>, pinocchio::JointModelPrismaticTpl<double, 0, 0>, pinocchio::JointModelPrismaticTpl<double, 0, 1>, pinocchio::JointModelPrismaticTpl<double, 0, 2>, pinocchio::JointModelPrismaticUnalignedTpl<double, 0>, pinocchio::JointModelTranslationTpl<double, 0>, pinocchio::JointModelRevoluteUnboundedTpl<double, 0, 0>, pinocchio::JointModelRevoluteUnboundedTpl<double, 0, 1>, pinocchio::JointModelRevoluteUnboundedTpl<double, 0, 2>, pinocchio::JointModelRevoluteUnboundedUnalignedTpl<double, 0>, pinocchio::JointModelHelicalTpl<double, 0, 0>, pinocchio::JointModelHelicalTpl<double, 0, 1>, pinocchio::JointModelHelicalTpl<double, 0, 2>, pinocchio::JointModelHelicalUnalignedTpl<double, 0>, pinocchio::JointModelUniversalTpl<double, 0>, boost::recursive_wrapper<pinocchio::JointModelCompositeTpl<double, 0, pinocchio::JointCollectionDefaultTpl> >, boost::recursive_wrapper<pinocchio::JointModelMimicTpl<double, 0, pinocchio::JointCollectionDefaultTpl> > >&[m[K’
 1756 |     variant([01;36m[Kconst variant& operand[m[K)
      |             [01;36m[K~~~~~~~~~~~~~~~^~~~~~~[m[K
[01m[K/usr/include/boost/variant/variant.hpp:1375:5:[m[K [01;36m[Knote: [m[Kcandidate: ‘[01m[Kboost::variant<T0, TN>::variant() [with T0_ = pinocchio::JointModelRevoluteTpl<double, 0, 0>; TN = {pinocchio::JointModelRevoluteTpl<double, 0, 1>, pinocchio::JointModelRevoluteTpl<double, 0, 2>, pinocchio::JointModelFreeFlyerTpl<double, 0>, pinocchio::JointModelPlanarTpl<double, 0>, pinocchio::JointModelRevoluteUnalignedTpl<double, 0>, pinocchio::JointModelSphericalTpl<double, 0>, pinocchio::JointModelSphericalZYXTpl<double, 0>, pinocchio::JointModelEllipsoidTpl<double, 0>, pinocchio::JointModelPrismaticTpl<double, 0, 0>, pinocchio::JointModelPrismaticTpl<double, 0, 1>, pinocchio::JointModelPrismaticTpl<double, 0, 2>, pinocchio::JointModelPrismaticUnalignedTpl<double, 0>, pinocchio::JointModelTranslationTpl<double, 0>, pinocchio::JointModelRevoluteUnboundedTpl<double, 0, 0>, pinocchio::JointModelRevoluteUnboundedTpl<double, 0, 1>, pinocchio::JointModelRevoluteUnboundedTpl<double, 0, 2>, pinocchio::JointModelRevoluteUnboundedUnalignedTpl<double, 0>, pinocchio::JointModelHelicalTpl<double, 0, 0>, pinocchio::JointModelHelicalTpl<double, 0, 1>, pinocchio::JointModelHelicalTpl<double, 0, 2>, pinocchio::JointModelHelicalUnalignedTpl<double, 0>, pinocchio::JointModelUniversalTpl<double, 0>, boost::recursive_wrapper<pinocchio::JointModelCompositeTpl<double, 0, pinocchio::JointCollectionDefaultTpl> >, boost::recursive_wrapper<pinocchio::JointModelMimicTpl<double, 0, pinocchio::JointCollectionDefaultTpl> >}][m[K’
 1375 |     [01;36m[Kvariant[m[K()
      |     [01;36m[K^~~~~~~[m[K
[01m[K/usr/include/boost/variant/variant.hpp:1375:5:[m[K [01;36m[Knote: [m[K  candidate expects 0 arguments, 1 provided
In file included from [01m[K/usr/local/include/pinocchio/multibody/model.hpp:17[m[K,
                 from [01m[K/usr/local/include/pinocchio/algorithm/frames.hpp:8[m[K,
                 from [01m[K/home/pth/pth/model/Go2_simulator/src/controls/go2_controller/include/Tools/Pinocchio_Interface.hpp:5[m[K,
                 from [01m[K/home/pth/pth/model/Go2_simulator/src/controls/go2_controller/include/go2_controller.h:39[m[K,
                 from [01m[K/home/pth/pth/model/Go2_simulator/src/controls/go2_controller/include/Tools/TaskSpacePDControl.cpp:1[m[K:
/usr/local/include/pinocchio/multibody/joint/joint-generic.hpp: In instantiation of ‘[01m[Kpinocchio::JointModelTpl<Scalar, Options, JointCollectionTpl>::JointModelTpl(const pinocchio::JointModelBase<OtherDerived>&) [with JointModelDerived = pinocchio::JointModelRevoluteUnboundedTpl<double, 0, 2>; _Scalar = double; int _Options = 0; JointCollectionTpl = pinocchio::JointCollectionDefaultTpl][m[K’:
[01m[K/usr/local/include/pinocchio/parsers/urdf/model.hxx:477:70:[m[K   required from ‘[01m[Kpinocchio::JointIndex pinocchio::urdf::details::UrdfVisitor<Scalar, Options, JointCollectionTpl>::addJoint(const Vector3&, const Frame&, const SE3&, const string&, const VectorConstRef&, const VectorConstRef&, const VectorConstRef&, const VectorConstRef&, const VectorConstRef&, const VectorConstRef&) [with TypeX = pinocchio::JointModelRevoluteUnboundedTpl<double, 0, 0>; TypeY = pinocchio::JointModelRevoluteUnboundedTpl<double, 0, 1>; TypeZ = pinocchio::JointModelRevoluteUnboundedTpl<double, 0, 2>; TypeUnaligned = pinocchio::JointModelRevoluteUnboundedUnalignedTpl<double>; Scalar = double; int Options = 0; JointCollectionTpl = pinocchio::JointCollectionDefaultTpl; pinocchio::JointIndex = long unsigned int; pinocchio::urdf::details::UrdfVisitor<Scalar, Options, JointCollectionTpl>::Vector3 = Eigen::Matrix<double, 3, 1>; pinocchio::urdf::details::UrdfVisitor<Scalar, Options, JointCollectionTpl>::Frame = pinocchio::FrameTpl<double, 0>; pinocchio::urdf::details::UrdfVisitor<Scalar, Options, JointCollectionTpl>::SE3 = pinocchio::SE3Tpl<double, 0>; std::string = std::__cxx11::basic_string<char>; pinocchio::urdf::details::UrdfVisitor<Scalar, Options, JointCollectionTpl>::VectorConstRef = Eigen::Ref<const Eigen::Matrix<double, -1, 1> >][m[K’
[01m[K/usr/local/include/pinocchio/parsers/urdf/model.hxx:270:22:[m[K   required from ‘[01m[Kvoid pinocchio::urdf::details::UrdfVisitor<Scalar, Options, JointCollectionTpl>::addJointAndBody(pinocchio::urdf::details::UrdfVisitor<Scalar, Options, JointCollectionTpl>::JointType, const Vector3&, const FrameIndex&, const SE3&, const string&, const Inertia&, const SE3&, const string&, const VectorConstRef&, const VectorConstRef&, const VectorConstRef&, const VectorConstRef&, const VectorConstRef&, const VectorConstRef&, const boost::optional<pinocchio::urdf::details::MimicInfo<_Scalar, Options> >&) [with Scalar = double; int Options = 0; JointCollectionTpl = pinocchio::JointCollectionDefaultTpl; pinocchio::urdf::details::UrdfVisitor<Scalar, Options, JointCollectionTpl>::JointType = pinocchio::urdf::details::UrdfVisitorBaseTpl<double, 0>::JointType; pinocchio::urdf::details::UrdfVisitor<Scalar, Options, JointCollectionTpl>::Vector3 = Eigen::Matrix<double, 3, 1>; pinocchio::FrameIndex = long unsigned int; pinocchio::urdf::details::UrdfVisitor<Scalar, Options, JointCollectionTpl>::SE3 = pinocchio::SE3Tpl<double, 0>; std::string = std::__cxx11::basic_string<char>; pinocchio::urdf::details::UrdfVisitor<Scalar, Options, JointCollectionTpl>::Inertia = pinocchio::InertiaTpl<double, 0>; pinocchio::urdf::details::UrdfVisitor<Scalar, Options, JointCollectionTpl>::VectorConstRef = Eigen::Ref<const Eigen::Matrix<double, -1, 1> >][m[K’
[01m[K/usr/local/include/pinocchio/parsers/urdf/model.hxx:234:14:[m[K   required from here
[01m[K/usr/local/include/pinocchio/multibody/joint/joint-generic.hpp:304:25:[m[K [01;31m[Kerror: [m[Kno matching function for call to ‘[01m[Kboost::variant<pinocchio::JointModelRevoluteTpl<double, 0, 0>, pinocchio::JointModelRevoluteTpl<double, 0, 1>, pinocchio::JointModelRevoluteTpl<double, 0, 2>, pinocchio::JointModelFreeFlyerTpl<double, 0>, pinocchio::JointModelPlanarTpl<double, 0>, pinocchio::JointModelRevoluteUnalignedTpl<double, 0>, pinocchio::JointModelSphericalTpl<double, 0>, pinocchio::JointModelSphericalZYXTpl<double, 0>, pinocchio::JointModelEllipsoidTpl<double, 0>, pinocchio::JointModelPrismaticTpl<double, 0, 0>, pinocchio::JointModelPrismaticTpl<double, 0, 1>, pinocchio::JointModelPrismaticTpl<double, 0, 2>, pinocchio::JointModelPrismaticUnalignedTpl<double, 0>, pinocchio::JointModelTranslationTpl<double, 0>, pinocchio::JointModelRevoluteUnboundedTpl<double, 0, 0>, pinocchio::JointModelRevoluteUnboundedTpl<double, 0, 1>, pinocchio::JointModelRevoluteUnboundedTpl<double, 0, 2>, pinocchio::JointModelRevoluteUnboundedUnalignedTpl<double, 0>, pinocchio::JointModelHelicalTpl<double, 0, 0>, pinocchio::JointModelHelicalTpl<double, 0, 1>, pinocchio::JointModelHelicalTpl<double, 0, 2>, pinocchio::JointModelHelicalUnalignedTpl<double, 0>, pinocchio::JointModelUniversalTpl<double, 0>, boost::recursive_wrapper<pinocchio::JointModelCompositeTpl<double, 0, pinocchio::JointCollectionDefaultTpl> >, boost::recursive_wrapper<pinocchio::JointModelMimicTpl<double, 0, pinocchio::JointCollectionDefaultTpl> > >::variant(const JointModelDerived&)[m[K’
  304 |     : JointModelVariant((JointModelVariant)jmodel.derived())
In file included from [01m[K/usr/include/boost/signals2/slot_base.hpp:22[m[K,
                 from [01m[K/usr/include/boost/signals2/detail/tracked_objects_visitor.hpp:18[m[K,
                 from [01m[K/usr/include/boost/signals2/slot.hpp:22[m[K,
                 from [01m[K/usr/include/boost/signals2/connection.hpp:24[m[K,
                 from [01m[K/usr/include/boost/signals2/signal.hpp:22[m[K,
                 from [01m[K/usr/include/boost/signals2.hpp:19[m[K,
                 from [01m[K/opt/ros/noetic/include/tf/tf.h:46[m[K,
                 from [01m[K/home/pth/pth/model/Go2_simulator/src/controls/go2_controller/include/go2_controller.h:28[m[K,
                 from [01m[K/home/pth/pth/model/Go2_simulator/src/controls/go2_controller/include/Tools/TaskSpacePDControl.cpp:1[m[K:
[01m[K/usr/include/boost/variant/variant.hpp:1767:5:[m[K [01;36m[Knote: [m[Kcandidate: ‘[01m[Kboost::variant<T0, TN>::variant(boost::variant<T0, TN>&&) [with T0_ = pinocchio::JointModelRevoluteTpl<double, 0, 0>; TN = {pinocchio::JointModelRevoluteTpl<double, 0, 1>, pinocchio::JointModelRevoluteTpl<double, 0, 2>, pinocchio::JointModelFreeFlyerTpl<double, 0>, pinocchio::JointModelPlanarTpl<double, 0>, pinocchio::JointModelRevoluteUnalignedTpl<double, 0>, pinocchio::JointModelSphericalTpl<double, 0>, pinocchio::JointModelSphericalZYXTpl<double, 0>, pinocchio::JointModelEllipsoidTpl<double, 0>, pinocchio::JointModelPrismaticTpl<double, 0, 0>, pinocchio::JointModelPrismaticTpl<double, 0, 1>, pinocchio::JointModelPrismaticTpl<double, 0, 2>, pinocchio::JointModelPrismaticUnalignedTpl<double, 0>, pinocchio::JointModelTranslationTpl<double, 0>, pinocchio::JointModelRevoluteUnboundedTpl<double, 0, 0>, pinocchio::JointModelRevoluteUnboundedTpl<double, 0, 1>, pinocchio::JointModelRevoluteUnboundedTpl<double, 0, 2>, pinocchio::JointModelRevoluteUnboundedUnalignedTpl<double, 0>, pinocchio::JointModelHelicalTpl<double, 0, 0>, pinocchio::JointModelHelicalTpl<double, 0, 1>, pinocchio::JointModelHelicalTpl<double, 0, 2>, pinocchio::JointModelHelicalUnalignedTpl<double, 0>, pinocchio::JointModelUniversalTpl<double, 0>, boost::recursive_wrapper<pinocchio::JointModelCompositeTpl<double, 0, pinocchio::JointCollectionDefaultTpl> >, boost::recursive_wrapper<pinocchio::JointModelMimicTpl<double, 0, pinocchio::JointCollectionDefaultTpl> >}][m[K’
 1767 |     [01;36m[Kvariant[m[K(variant&& operand) BOOST_NOEXCEPT_IF(variant_move_noexcept_constructible::type::value)
      |     [01;36m[K^~~~~~~[m[K
[01m[K/usr/include/boost/variant/variant.hpp:1767:23:[m[K [01;36m[Knote: [m[K  no known conversion for argument 1 from ‘[01m[Kconst JointModelDerived[m[K’ {aka ‘[01m[Kconst pinocchio::JointModelRevoluteUnboundedTpl<double, 0, 2>[m[K’} to ‘[01m[Kboost::variant<pinocchio::JointModelRevoluteTpl<double, 0, 0>, pinocchio::JointModelRevoluteTpl<double, 0, 1>, pinocchio::JointModelRevoluteTpl<double, 0, 2>, pinocchio::JointModelFreeFlyerTpl<double, 0>, pinocchio::JointModelPlanarTpl<double, 0>, pinocchio::JointModelRevoluteUnalignedTpl<double, 0>, pinocchio::JointModelSphericalTpl<double, 0>, pinocchio::JointModelSphericalZYXTpl<double, 0>, pinocchio::JointModelEllipsoidTpl<double, 0>, pinocchio::JointModelPrismaticTpl<double, 0, 0>, pinocchio::JointModelPrismaticTpl<double, 0, 1>, pinocchio::JointModelPrismaticTpl<double, 0, 2>, pinocchio::JointModelPrismaticUnalignedTpl<double, 0>, pinocchio::JointModelTranslationTpl<double, 0>, pinocchio::JointModelRevoluteUnboundedTpl<double, 0, 0>, pinocchio::JointModelRevoluteUnboundedTpl<double, 0, 1>, pinocchio::JointModelRevoluteUnboundedTpl<double, 0, 2>, pinocchio::JointModelRevoluteUnboundedUnalignedTpl<double, 0>, pinocchio::JointModelHelicalTpl<double, 0, 0>, pinocchio::JointModelHelicalTpl<double, 0, 1>, pinocchio::JointModelHelicalTpl<double, 0, 2>, pinocchio::JointModelHelicalUnalignedTpl<double, 0>, pinocchio::JointModelUniversalTpl<double, 0>, boost::recursive_wrapper<pinocchio::JointModelCompositeTpl<double, 0, pinocchio::JointCollectionDefaultTpl> >, boost::recursive_wrapper<pinocchio::JointModelMimicTpl<double, 0, pinocchio::JointCollectionDefaultTpl> > >&&[m[K’
 1767 |     variant([01;36m[Kvariant&& operand[m[K) BOOST_NOEXCEPT_IF(variant_move_noexcept_constructible::type::value)
      |             [01;36m[K~~~~~~~~~~^~~~~~~[m[K
[01m[K/usr/include/boost/variant/variant.hpp:1756:5:[m[K [01;36m[Knote: [m[Kcandidate: ‘[01m[Kboost::variant<T0, TN>::variant(const boost::variant<T0, TN>&) [with T0_ = pinocchio::JointModelRevoluteTpl<double, 0, 0>; TN = {pinocchio::JointModelRevoluteTpl<double, 0, 1>, pinocchio::JointModelRevoluteTpl<double, 0, 2>, pinocchio::JointModelFreeFlyerTpl<double, 0>, pinocchio::JointModelPlanarTpl<double, 0>, pinocchio::JointModelRevoluteUnalignedTpl<double, 0>, pinocchio::JointModelSphericalTpl<double, 0>, pinocchio::JointModelSphericalZYXTpl<double, 0>, pinocchio::JointModelEllipsoidTpl<double, 0>, pinocchio::JointModelPrismaticTpl<double, 0, 0>, pinocchio::JointModelPrismaticTpl<double, 0, 1>, pinocchio::JointModelPrismaticTpl<double, 0, 2>, pinocchio::JointModelPrismaticUnalignedTpl<double, 0>, pinocchio::JointModelTranslationTpl<double, 0>, pinocchio::JointModelRevoluteUnboundedTpl<double, 0, 0>, pinocchio::JointModelRevoluteUnboundedTpl<double, 0, 1>, pinocchio::JointModelRevoluteUnboundedTpl<double, 0, 2>, pinocchio::JointModelRevoluteUnboundedUnalignedTpl<double, 0>, pinocchio::JointModelHelicalTpl<double, 0, 0>, pinocchio::JointModelHelicalTpl<double, 0, 1>, pinocchio::JointModelHelicalTpl<double, 0, 2>, pinocchio::JointModelHelicalUnalignedTpl<double, 0>, pinocchio::JointModelUniversalTpl<double, 0>, boost::recursive_wrapper<pinocchio::JointModelCompositeTpl<double, 0, pinocchio::JointCollectionDefaultTpl> >, boost::recursive_wrapper<pinocchio::JointModelMimicTpl<double, 0, pinocchio::JointCollectionDefaultTpl> >}][m[K’
 1756 |     [01;36m[Kvariant[m[K(const variant& operand)
      |     [01;36m[K^~~~~~~[m[K
[01m[K/usr/include/boost/variant/variant.hpp:1756:28:[m[K [01;36m[Knote: [m[K  no known conversion for argument 1 from ‘[01m[Kconst JointModelDerived[m[K’ {aka ‘[01m[Kconst pinocchio::JointModelRevoluteUnboundedTpl<double, 0, 2>[m[K’} to ‘[01m[Kconst boost::variant<pinocchio::JointModelRevoluteTpl<double, 0, 0>, pinocchio::JointModelRevoluteTpl<double, 0, 1>, pinocchio::JointModelRevoluteTpl<double, 0, 2>, pinocchio::JointModelFreeFlyerTpl<double, 0>, pinocchio::JointModelPlanarTpl<double, 0>, pinocchio::JointModelRevoluteUnalignedTpl<double, 0>, pinocchio::JointModelSphericalTpl<double, 0>, pinocchio::JointModelSphericalZYXTpl<double, 0>, pinocchio::JointModelEllipsoidTpl<double, 0>, pinocchio::JointModelPrismaticTpl<double, 0, 0>, pinocchio::JointModelPrismaticTpl<double, 0, 1>, pinocchio::JointModelPrismaticTpl<double, 0, 2>, pinocchio::JointModelPrismaticUnalignedTpl<double, 0>, pinocchio::JointModelTranslationTpl<double, 0>, pinocchio::JointModelRevoluteUnboundedTpl<double, 0, 0>, pinocchio::JointModelRevoluteUnboundedTpl<double, 0, 1>, pinocchio::JointModelRevoluteUnboundedTpl<double, 0, 2>, pinocchio::JointModelRevoluteUnboundedUnalignedTpl<double, 0>, pinocchio::JointModelHelicalTpl<double, 0, 0>, pinocchio::JointModelHelicalTpl<double, 0, 1>, pinocchio::JointModelHelicalTpl<double, 0, 2>, pinocchio::JointModelHelicalUnalignedTpl<double, 0>, pinocchio::JointModelUniversalTpl<double, 0>, boost::recursive_wrapper<pinocchio::JointModelCompositeTpl<double, 0, pinocchio::JointCollectionDefaultTpl> >, boost::recursive_wrapper<pinocchio::JointModelMimicTpl<double, 0, pinocchio::JointCollectionDefaultTpl> > >&[m[K’
 1756 |     variant([01;36m[Kconst variant& operand[m[K)
      |             [01;36m[K~~~~~~~~~~~~~~~^~~~~~~[m[K
[01m[K/usr/include/boost/variant/variant.hpp:1375:5:[m[K [01;36m[Knote: [m[Kcandidate: ‘[01m[Kboost::variant<T0, TN>::variant() [with T0_ = pinocchio::JointModelRevoluteTpl<double, 0, 0>; TN = {pinocchio::JointModelRevoluteTpl<double, 0, 1>, pinocchio::JointModelRevoluteTpl<double, 0, 2>, pinocchio::JointModelFreeFlyerTpl<double, 0>, pinocchio::JointModelPlanarTpl<double, 0>, pinocchio::JointModelRevoluteUnalignedTpl<double, 0>, pinocchio::JointModelSphericalTpl<double, 0>, pinocchio::JointModelSphericalZYXTpl<double, 0>, pinocchio::JointModelEllipsoidTpl<double, 0>, pinocchio::JointModelPrismaticTpl<double, 0, 0>, pinocchio::JointModelPrismaticTpl<double, 0, 1>, pinocchio::JointModelPrismaticTpl<double, 0, 2>, pinocchio::JointModelPrismaticUnalignedTpl<double, 0>, pinocchio::JointModelTranslationTpl<double, 0>, pinocchio::JointModelRevoluteUnboundedTpl<double, 0, 0>, pinocchio::JointModelRevoluteUnboundedTpl<double, 0, 1>, pinocchio::JointModelRevoluteUnboundedTpl<double, 0, 2>, pinocchio::JointModelRevoluteUnboundedUnalignedTpl<double, 0>, pinocchio::JointModelHelicalTpl<double, 0, 0>, pinocchio::JointModelHelicalTpl<double, 0, 1>, pinocchio::JointModelHelicalTpl<double, 0, 2>, pinocchio::JointModelHelicalUnalignedTpl<double, 0>, pinocchio::JointModelUniversalTpl<double, 0>, boost::recursive_wrapper<pinocchio::JointModelCompositeTpl<double, 0, pinocchio::JointCollectionDefaultTpl> >, boost::recursive_wrapper<pinocchio::JointModelMimicTpl<double, 0, pinocchio::JointCollectionDefaultTpl> >}][m[K’
 1375 |     [01;36m[Kvariant[m[K()
      |     [01;36m[K^~~~~~~[m[K
[01m[K/usr/include/boost/variant/variant.hpp:1375:5:[m[K [01;36m[Knote: [m[K  candidate expects 0 arguments, 1 provided
In file included from [01m[K/usr/local/include/pinocchio/multibody/model.hpp:17[m[K,
                 from [01m[K/usr/local/include/pinocchio/algorithm/frames.hpp:8[m[K,
                 from [01m[K/home/pth/pth/model/Go2_simulator/src/controls/go2_controller/include/Tools/Pinocchio_Interface.hpp:5[m[K,
                 from [01m[K/home/pth/pth/model/Go2_simulator/src/controls/go2_controller/include/go2_controller.h:39[m[K,
                 from [01m[K/home/pth/pth/model/Go2_simulator/src/controls/go2_controller/include/Tools/TaskSpacePDControl.cpp:1[m[K:
/usr/local/include/pinocchio/multibody/joint/joint-generic.hpp: In instantiation of ‘[01m[Kpinocchio::JointModelTpl<Scalar, Options, JointCollectionTpl>::JointModelTpl(const pinocchio::JointModelBase<OtherDerived>&) [with JointModelDerived = pinocchio::JointModelRevoluteUnboundedUnalignedTpl<double>; _Scalar = double; int _Options = 0; JointCollectionTpl = pinocchio::JointCollectionDefaultTpl][m[K’:
[01m[K/usr/local/include/pinocchio/parsers/urdf/model.hxx:483:94:[m[K   required from ‘[01m[Kpinocchio::JointIndex pinocchio::urdf::details::UrdfVisitor<Scalar, Options, JointCollectionTpl>::addJoint(const Vector3&, const Frame&, const SE3&, const string&, const VectorConstRef&, const VectorConstRef&, const VectorConstRef&, const VectorConstRef&, const VectorConstRef&, const VectorConstRef&) [with TypeX = pinocchio::JointModelRevoluteUnboundedTpl<double, 0, 0>; TypeY = pinocchio::JointModelRevoluteUnboundedTpl<double, 0, 1>; TypeZ = pinocchio::JointModelRevoluteUnboundedTpl<double, 0, 2>; TypeUnaligned = pinocchio::JointModelRevoluteUnboundedUnalignedTpl<double>; Scalar = double; int Options = 0; JointCollectionTpl = pinocchio::JointCollectionDefaultTpl; pinocchio::JointIndex = long unsigned int; pinocchio::urdf::details::UrdfVisitor<Scalar, Options, JointCollectionTpl>::Vector3 = Eigen::Matrix<double, 3, 1>; pinocchio::urdf::details::UrdfVisitor<Scalar, Options, JointCollectionTpl>::Frame = pinocchio::FrameTpl<double, 0>; pinocchio::urdf::details::UrdfVisitor<Scalar, Options, JointCollectionTpl>::SE3 = pinocchio::SE3Tpl<double, 0>; std::string = std::__cxx11::basic_string<char>; pinocchio::urdf::details::UrdfVisitor<Scalar, Options, JointCollectionTpl>::VectorConstRef = Eigen::Ref<const Eigen::Matrix<double, -1, 1> >][m[K’
[01m[K/usr/local/include/pinocchio/parsers/urdf/model.hxx:270:22:[m[K   required from ‘[01m[Kvoid pinocchio::urdf::details::UrdfVisitor<Scalar, Options, JointCollectionTpl>::addJointAndBody(pinocchio::urdf::details::UrdfVisitor<Scalar, Options, JointCollectionTpl>::JointType, const Vector3&, const FrameIndex&, const SE3&, const string&, const Inertia&, const SE3&, const string&, const VectorConstRef&, const VectorConstRef&, const VectorConstRef&, const VectorConstRef&, const VectorConstRef&, const VectorConstRef&, const boost::optional<pinocchio::urdf::details::MimicInfo<_Scalar, Options> >&) [with Scalar = double; int Options = 0; JointCollectionTpl = pinocchio::JointCollectionDefaultTpl; pinocchio::urdf::details::UrdfVisitor<Scalar, Options, JointCollectionTpl>::JointType = pinocchio::urdf::details::UrdfVisitorBaseTpl<double, 0>::JointType; pinocchio::urdf::details::UrdfVisitor<Scalar, Options, JointCollectionTpl>::Vector3 = Eigen::Matrix<double, 3, 1>; pinocchio::FrameIndex = long unsigned int; pinocchio::urdf::details::UrdfVisitor<Scalar, Options, JointCollectionTpl>::SE3 = pinocchio::SE3Tpl<double, 0>; std::string = std::__cxx11::basic_string<char>; pinocchio::urdf::details::UrdfVisitor<Scalar, Options, JointCollectionTpl>::Inertia = pinocchio::InertiaTpl<double, 0>; pinocchio::urdf::details::UrdfVisitor<Scalar, Options, JointCollectionTpl>::VectorConstRef = Eigen::Ref<const Eigen::Matrix<double, -1, 1> >][m[K’
[01m[K/usr/local/include/pinocchio/parsers/urdf/model.hxx:234:14:[m[K   required from here
[01m[K/usr/local/include/pinocchio/multibody/joint/joint-generic.hpp:304:25:[m[K [01;31m[Kerror: [m[Kno matching function for call to ‘[01m[Kboost::variant<pinocchio::JointModelRevoluteTpl<double, 0, 0>, pinocchio::JointModelRevoluteTpl<double, 0, 1>, pinocchio::JointModelRevoluteTpl<double, 0, 2>, pinocchio::JointModelFreeFlyerTpl<double, 0>, pinocchio::JointModelPlanarTpl<double, 0>, pinocchio::JointModelRevoluteUnalignedTpl<double, 0>, pinocchio::JointModelSphericalTpl<double, 0>, pinocchio::JointModelSphericalZYXTpl<double, 0>, pinocchio::JointModelEllipsoidTpl<double, 0>, pinocchio::JointModelPrismaticTpl<double, 0, 0>, pinocchio::JointModelPrismaticTpl<double, 0, 1>, pinocchio::JointModelPrismaticTpl<double, 0, 2>, pinocchio::JointModelPrismaticUnalignedTpl<double, 0>, pinocchio::JointModelTranslationTpl<double, 0>, pinocchio::JointModelRevoluteUnboundedTpl<double, 0, 0>, pinocchio::JointModelRevoluteUnboundedTpl<double, 0, 1>, pinocchio::JointModelRevoluteUnboundedTpl<double, 0, 2>, pinocchio::JointModelRevoluteUnboundedUnalignedTpl<double, 0>, pinocchio::JointModelHelicalTpl<double, 0, 0>, pinocchio::JointModelHelicalTpl<double, 0, 1>, pinocchio::JointModelHelicalTpl<double, 0, 2>, pinocchio::JointModelHelicalUnalignedTpl<double, 0>, pinocchio::JointModelUniversalTpl<double, 0>, boost::recursive_wrapper<pinocchio::JointModelCompositeTpl<double, 0, pinocchio::JointCollectionDefaultTpl> >, boost::recursive_wrapper<pinocchio::JointModelMimicTpl<double, 0, pinocchio::JointCollectionDefaultTpl> > >::variant(const JointModelDerived&)[m[K’
  304 |     : JointModelVariant((JointModelVariant)jmodel.derived())
In file included from [01m[K/usr/include/boost/signals2/slot_base.hpp:22[m[K,
                 from [01m[K/usr/include/boost/signals2/detail/tracked_objects_visitor.hpp:18[m[K,
                 from [01m[K/usr/include/boost/signals2/slot.hpp:22[m[K,
                 from [01m[K/usr/include/boost/signals2/connection.hpp:24[m[K,
                 from [01m[K/usr/include/boost/signals2/signal.hpp:22[m[K,
                 from [01m[K/usr/include/boost/signals2.hpp:19[m[K,
                 from [01m[K/opt/ros/noetic/include/tf/tf.h:46[m[K,
                 from [01m[K/home/pth/pth/model/Go2_simulator/src/controls/go2_controller/include/go2_controller.h:28[m[K,
                 from [01m[K/home/pth/pth/model/Go2_simulator/src/controls/go2_controller/include/Tools/TaskSpacePDControl.cpp:1[m[K:
[01m[K/usr/include/boost/variant/variant.hpp:1767:5:[m[K [01;36m[Knote: [m[Kcandidate: ‘[01m[Kboost::variant<T0, TN>::variant(boost::variant<T0, TN>&&) [with T0_ = pinocchio::JointModelRevoluteTpl<double, 0, 0>; TN = {pinocchio::JointModelRevoluteTpl<double, 0, 1>, pinocchio::JointModelRevoluteTpl<double, 0, 2>, pinocchio::JointModelFreeFlyerTpl<double, 0>, pinocchio::JointModelPlanarTpl<double, 0>, pinocchio::JointModelRevoluteUnalignedTpl<double, 0>, pinocchio::JointModelSphericalTpl<double, 0>, pinocchio::JointModelSphericalZYXTpl<double, 0>, pinocchio::JointModelEllipsoidTpl<double, 0>, pinocchio::JointModelPrismaticTpl<double, 0, 0>, pinocchio::JointModelPrismaticTpl<double, 0, 1>, pinocchio::JointModelPrismaticTpl<double, 0, 2>, pinocchio::JointModelPrismaticUnalignedTpl<double, 0>, pinocchio::JointModelTranslationTpl<double, 0>, pinocchio::JointModelRevoluteUnboundedTpl<double, 0, 0>, pinocchio::JointModelRevoluteUnboundedTpl<double, 0, 1>, pinocchio::JointModelRevoluteUnboundedTpl<double, 0, 2>, pinocchio::JointModelRevoluteUnboundedUnalignedTpl<double, 0>, pinocchio::JointModelHelicalTpl<double, 0, 0>, pinocchio::JointModelHelicalTpl<double, 0, 1>, pinocchio::JointModelHelicalTpl<double, 0, 2>, pinocchio::JointModelHelicalUnalignedTpl<double, 0>, pinocchio::JointModelUniversalTpl<double, 0>, boost::recursive_wrapper<pinocchio::JointModelCompositeTpl<double, 0, pinocchio::JointCollectionDefaultTpl> >, boost::recursive_wrapper<pinocchio::JointModelMimicTpl<double, 0, pinocchio::JointCollectionDefaultTpl> >}][m[K’
 1767 |     [01;36m[Kvariant[m[K(variant&& operand) BOOST_NOEXCEPT_IF(variant_move_noexcept_constructible::type::value)
      |     [01;36m[K^~~~~~~[m[K
[01m[K/usr/include/boost/variant/variant.hpp:1767:23:[m[K [01;36m[Knote: [m[K  no known conversion for argument 1 from ‘[01m[Kconst JointModelDerived[m[K’ {aka ‘[01m[Kconst pinocchio::JointModelRevoluteUnboundedUnalignedTpl<double>[m[K’} to ‘[01m[Kboost::variant<pinocchio::JointModelRevoluteTpl<double, 0, 0>, pinocchio::JointModelRevoluteTpl<double, 0, 1>, pinocchio::JointModelRevoluteTpl<double, 0, 2>, pinocchio::JointModelFreeFlyerTpl<double, 0>, pinocchio::JointModelPlanarTpl<double, 0>, pinocchio::JointModelRevoluteUnalignedTpl<double, 0>, pinocchio::JointModelSphericalTpl<double, 0>, pinocchio::JointModelSphericalZYXTpl<double, 0>, pinocchio::JointModelEllipsoidTpl<double, 0>, pinocchio::JointModelPrismaticTpl<double, 0, 0>, pinocchio::JointModelPrismaticTpl<double, 0, 1>, pinocchio::JointModelPrismaticTpl<double, 0, 2>, pinocchio::JointModelPrismaticUnalignedTpl<double, 0>, pinocchio::JointModelTranslationTpl<double, 0>, pinocchio::JointModelRevoluteUnboundedTpl<double, 0, 0>, pinocchio::JointModelRevoluteUnboundedTpl<double, 0, 1>, pinocchio::JointModelRevoluteUnboundedTpl<double, 0, 2>, pinocchio::JointModelRevoluteUnboundedUnalignedTpl<double, 0>, pinocchio::JointModelHelicalTpl<double, 0, 0>, pinocchio::JointModelHelicalTpl<double, 0, 1>, pinocchio::JointModelHelicalTpl<double, 0, 2>, pinocchio::JointModelHelicalUnalignedTpl<double, 0>, pinocchio::JointModelUniversalTpl<double, 0>, boost::recursive_wrapper<pinocchio::JointModelCompositeTpl<double, 0, pinocchio::JointCollectionDefaultTpl> >, boost::recursive_wrapper<pinocchio::JointModelMimicTpl<double, 0, pinocchio::JointCollectionDefaultTpl> > >&&[m[K’
 1767 |     variant([01;36m[Kvariant&& operand[m[K) BOOST_NOEXCEPT_IF(variant_move_noexcept_constructible::type::value)
      |             [01;36m[K~~~~~~~~~~^~~~~~~[m[K
[01m[K/usr/include/boost/variant/variant.hpp:1756:5:[m[K [01;36m[Knote: [m[Kcandidate: ‘[01m[Kboost::variant<T0, TN>::variant(const boost::variant<T0, TN>&) [with T0_ = pinocchio::JointModelRevoluteTpl<double, 0, 0>; TN = {pinocchio::JointModelRevoluteTpl<double, 0, 1>, pinocchio::JointModelRevoluteTpl<double, 0, 2>, pinocchio::JointModelFreeFlyerTpl<double, 0>, pinocchio::JointModelPlanarTpl<double, 0>, pinocchio::JointModelRevoluteUnalignedTpl<double, 0>, pinocchio::JointModelSphericalTpl<double, 0>, pinocchio::JointModelSphericalZYXTpl<double, 0>, pinocchio::JointModelEllipsoidTpl<double, 0>, pinocchio::JointModelPrismaticTpl<double, 0, 0>, pinocchio::JointModelPrismaticTpl<double, 0, 1>, pinocchio::JointModelPrismaticTpl<double, 0, 2>, pinocchio::JointModelPrismaticUnalignedTpl<double, 0>, pinocchio::JointModelTranslationTpl<double, 0>, pinocchio::JointModelRevoluteUnboundedTpl<double, 0, 0>, pinocchio::JointModelRevoluteUnboundedTpl<double, 0, 1>, pinocchio::JointModelRevoluteUnboundedTpl<double, 0, 2>, pinocchio::JointModelRevoluteUnboundedUnalignedTpl<double, 0>, pinocchio::JointModelHelicalTpl<double, 0, 0>, pinocchio::JointModelHelicalTpl<double, 0, 1>, pinocchio::JointModelHelicalTpl<double, 0, 2>, pinocchio::JointModelHelicalUnalignedTpl<double, 0>, pinocchio::JointModelUniversalTpl<double, 0>, boost::recursive_wrapper<pinocchio::JointModelCompositeTpl<double, 0, pinocchio::JointCollectionDefaultTpl> >, boost::recursive_wrapper<pinocchio::JointModelMimicTpl<double, 0, pinocchio::JointCollectionDefaultTpl> >}][m[K’
 1756 |     [01;36m[Kvariant[m[K(const variant& operand)
      |     [01;36m[K^~~~~~~[m[K
[01m[K/usr/include/boost/variant/variant.hpp:1756:28:[m[K [01;36m[Knote: [m[K  no known conversion for argument 1 from ‘[01m[Kconst JointModelDerived[m[K’ {aka ‘[01m[Kconst pinocchio::JointModelRevoluteUnboundedUnalignedTpl<double>[m[K’} to ‘[01m[Kconst boost::variant<pinocchio::JointModelRevoluteTpl<double, 0, 0>, pinocchio::JointModelRevoluteTpl<double, 0, 1>, pinocchio::JointModelRevoluteTpl<double, 0, 2>, pinocchio::JointModelFreeFlyerTpl<double, 0>, pinocchio::JointModelPlanarTpl<double, 0>, pinocchio::JointModelRevoluteUnalignedTpl<double, 0>, pinocchio::JointModelSphericalTpl<double, 0>, pinocchio::JointModelSphericalZYXTpl<double, 0>, pinocchio::JointModelEllipsoidTpl<double, 0>, pinocchio::JointModelPrismaticTpl<double, 0, 0>, pinocchio::JointModelPrismaticTpl<double, 0, 1>, pinocchio::JointModelPrismaticTpl<double, 0, 2>, pinocchio::JointModelPrismaticUnalignedTpl<double, 0>, pinocchio::JointModelTranslationTpl<double, 0>, pinocchio::JointModelRevoluteUnboundedTpl<double, 0, 0>, pinocchio::JointModelRevoluteUnboundedTpl<double, 0, 1>, pinocchio::JointModelRevoluteUnboundedTpl<double, 0, 2>, pinocchio::JointModelRevoluteUnboundedUnalignedTpl<double, 0>, pinocchio::JointModelHelicalTpl<double, 0, 0>, pinocchio::JointModelHelicalTpl<double, 0, 1>, pinocchio::JointModelHelicalTpl<double, 0, 2>, pinocchio::JointModelHelicalUnalignedTpl<double, 0>, pinocchio::JointModelUniversalTpl<double, 0>, boost::recursive_wrapper<pinocchio::JointModelCompositeTpl<double, 0, pinocchio::JointCollectionDefaultTpl> >, boost::recursive_wrapper<pinocchio::JointModelMimicTpl<double, 0, pinocchio::JointCollectionDefaultTpl> > >&[m[K’
 1756 |     variant([01;36m[Kconst variant& operand[m[K)
      |             [01;36m[K~~~~~~~~~~~~~~~^~~~~~~[m[K
[01m[K/usr/include/boost/variant/variant.hpp:1375:5:[m[K [01;36m[Knote: [m[Kcandidate: ‘[01m[Kboost::variant<T0, TN>::variant() [with T0_ = pinocchio::JointModelRevoluteTpl<double, 0, 0>; TN = {pinocchio::JointModelRevoluteTpl<double, 0, 1>, pinocchio::JointModelRevoluteTpl<double, 0, 2>, pinocchio::JointModelFreeFlyerTpl<double, 0>, pinocchio::JointModelPlanarTpl<double, 0>, pinocchio::JointModelRevoluteUnalignedTpl<double, 0>, pinocchio::JointModelSphericalTpl<double, 0>, pinocchio::JointModelSphericalZYXTpl<double, 0>, pinocchio::JointModelEllipsoidTpl<double, 0>, pinocchio::JointModelPrismaticTpl<double, 0, 0>, pinocchio::JointModelPrismaticTpl<double, 0, 1>, pinocchio::JointModelPrismaticTpl<double, 0, 2>, pinocchio::JointModelPrismaticUnalignedTpl<double, 0>, pinocchio::JointModelTranslationTpl<double, 0>, pinocchio::JointModelRevoluteUnboundedTpl<double, 0, 0>, pinocchio::JointModelRevoluteUnboundedTpl<double, 0, 1>, pinocchio::JointModelRevoluteUnboundedTpl<double, 0, 2>, pinocchio::JointModelRevoluteUnboundedUnalignedTpl<double, 0>, pinocchio::JointModelHelicalTpl<double, 0, 0>, pinocchio::JointModelHelicalTpl<double, 0, 1>, pinocchio::JointModelHelicalTpl<double, 0, 2>, pinocchio::JointModelHelicalUnalignedTpl<double, 0>, pinocchio::JointModelUniversalTpl<double, 0>, boost::recursive_wrapper<pinocchio::JointModelCompositeTpl<double, 0, pinocchio::JointCollectionDefaultTpl> >, boost::recursive_wrapper<pinocchio::JointModelMimicTpl<double, 0, pinocchio::JointCollectionDefaultTpl> >}][m[K’
 1375 |     [01;36m[Kvariant[m[K()
      |     [01;36m[K^~~~~~~[m[K
[01m[K/usr/include/boost/variant/variant.hpp:1375:5:[m[K [01;36m[Knote: [m[K  candidate expects 0 arguments, 1 provided
In file included from [01m[K/usr/local/include/pinocchio/multibody/model.hpp:17[m[K,
                 from [01m[K/usr/local/include/pinocchio/algorithm/frames.hpp:8[m[K,
                 from [01m[K/home/pth/pth/model/Go2_simulator/src/controls/go2_controller/include/Tools/Pinocchio_Interface.hpp:5[m[K,
                 from [01m[K/home/pth/pth/model/Go2_simulator/src/controls/go2_controller/include/go2_controller.h:39[m[K,
                 from [01m[K/home/pth/pth/model/Go2_simulator/src/controls/go2_controller/include/Tools/TaskSpacePDControl.cpp:1[m[K:
/usr/local/include/pinocchio/multibody/joint/joint-generic.hpp: In instantiation of ‘[01m[Kpinocchio::JointModelTpl<Scalar, Options, JointCollectionTpl>::JointModelTpl(const pinocchio::JointModelBase<OtherDerived>&) [with JointModelDerived = pinocchio::JointModelPrismaticTpl<double, 0, 0>; _Scalar = double; int _Options = 0; JointCollectionTpl = pinocchio::JointCollectionDefaultTpl][m[K’:
[01m[K/usr/local/include/pinocchio/parsers/urdf/model.hxx:465:70:[m[K   required from ‘[01m[Kpinocchio::JointIndex pinocchio::urdf::details::UrdfVisitor<Scalar, Options, JointCollectionTpl>::addJoint(const Vector3&, const Frame&, const SE3&, const string&, const VectorConstRef&, const VectorConstRef&, const VectorConstRef&, const VectorConstRef&, const VectorConstRef&, const VectorConstRef&) [with TypeX = pinocchio::JointModelPrismaticTpl<double, 0, 0>; TypeY = pinocchio::JointModelPrismaticTpl<double, 0, 1>; TypeZ = pinocchio::JointModelPrismaticTpl<double, 0, 2>; TypeUnaligned = pinocchio::JointModelPrismaticUnalignedTpl<double>; Scalar = double; int Options = 0; JointCollectionTpl = pinocchio::JointCollectionDefaultTpl; pinocchio::JointIndex = long unsigned int; pinocchio::urdf::details::UrdfVisitor<Scalar, Options, JointCollectionTpl>::Vector3 = Eigen::Matrix<double, 3, 1>; pinocchio::urdf::details::UrdfVisitor<Scalar, Options, JointCollectionTpl>::Frame = pinocchio::FrameTpl<double, 0>; pinocchio::urdf::details::UrdfVisitor<Scalar, Options, JointCollectionTpl>::SE3 = pinocchio::SE3Tpl<double, 0>; std::string = std::__cxx11::basic_string<char>; pinocchio::urdf::details::UrdfVisitor<Scalar, Options, JointCollectionTpl>::VectorConstRef = Eigen::Ref<const Eigen::Matrix<double, -1, 1> >][m[K’
[01m[K/usr/local/include/pinocchio/parsers/urdf/model.hxx:278:22:[m[K   required from ‘[01m[Kvoid pinocchio::urdf::details::UrdfVisitor<Scalar, Options, JointCollectionTpl>::addJointAndBody(pinocchio::urdf::details::UrdfVisitor<Scalar, Options, JointCollectionTpl>::JointType, const Vector3&, const FrameIndex&, const SE3&, const string&, const Inertia&, const SE3&, const string&, const VectorConstRef&, const VectorConstRef&, const VectorConstRef&, const VectorConstRef&, const VectorConstRef&, const VectorConstRef&, const boost::optional<pinocchio::urdf::details::MimicInfo<_Scalar, Options> >&) [with Scalar = double; int Options = 0; JointCollectionTpl = pinocchio::JointCollectionDefaultTpl; pinocchio::urdf::details::UrdfVisitor<Scalar, Options, JointCollectionTpl>::JointType = pinocchio::urdf::details::UrdfVisitorBaseTpl<double, 0>::JointType; pinocchio::urdf::details::UrdfVisitor<Scalar, Options, JointCollectionTpl>::Vector3 = Eigen::Matrix<double, 3, 1>; pinocchio::FrameIndex = long unsigned int; pinocchio::urdf::details::UrdfVisitor<Scalar, Options, JointCollectionTpl>::SE3 = pinocchio::SE3Tpl<double, 0>; std::string = std::__cxx11::basic_string<char>; pinocchio::urdf::details::UrdfVisitor<Scalar, Options, JointCollectionTpl>::Inertia = pinocchio::InertiaTpl<double, 0>; pinocchio::urdf::details::UrdfVisitor<Scalar, Options, JointCollectionTpl>::VectorConstRef = Eigen::Ref<const Eigen::Matrix<double, -1, 1> >][m[K’
[01m[K/usr/local/include/pinocchio/parsers/urdf/model.hxx:234:14:[m[K   required from here
[01m[K/usr/local/include/pinocchio/multibody/joint/joint-generic.hpp:304:25:[m[K [01;31m[Kerror: [m[Kno matching function for call to ‘[01m[Kboost::variant<pinocchio::JointModelRevoluteTpl<double, 0, 0>, pinocchio::JointModelRevoluteTpl<double, 0, 1>, pinocchio::JointModelRevoluteTpl<double, 0, 2>, pinocchio::JointModelFreeFlyerTpl<double, 0>, pinocchio::JointModelPlanarTpl<double, 0>, pinocchio::JointModelRevoluteUnalignedTpl<double, 0>, pinocchio::JointModelSphericalTpl<double, 0>, pinocchio::JointModelSphericalZYXTpl<double, 0>, pinocchio::JointModelEllipsoidTpl<double, 0>, pinocchio::JointModelPrismaticTpl<double, 0, 0>, pinocchio::JointModelPrismaticTpl<double, 0, 1>, pinocchio::JointModelPrismaticTpl<double, 0, 2>, pinocchio::JointModelPrismaticUnalignedTpl<double, 0>, pinocchio::JointModelTranslationTpl<double, 0>, pinocchio::JointModelRevoluteUnboundedTpl<double, 0, 0>, pinocchio::JointModelRevoluteUnboundedTpl<double, 0, 1>, pinocchio::JointModelRevoluteUnboundedTpl<double, 0, 2>, pinocchio::JointModelRevoluteUnboundedUnalignedTpl<double, 0>, pinocchio::JointModelHelicalTpl<double, 0, 0>, pinocchio::JointModelHelicalTpl<double, 0, 1>, pinocchio::JointModelHelicalTpl<double, 0, 2>, pinocchio::JointModelHelicalUnalignedTpl<double, 0>, pinocchio::JointModelUniversalTpl<double, 0>, boost::recursive_wrapper<pinocchio::JointModelCompositeTpl<double, 0, pinocchio::JointCollectionDefaultTpl> >, boost::recursive_wrapper<pinocchio::JointModelMimicTpl<double, 0, pinocchio::JointCollectionDefaultTpl> > >::variant(const JointModelDerived&)[m[K’
  304 |     : JointModelVariant((JointModelVariant)jmodel.derived())
In file included from [01m[K/usr/include/boost/signals2/slot_base.hpp:22[m[K,
                 from [01m[K/usr/include/boost/signals2/detail/tracked_objects_visitor.hpp:18[m[K,
                 from [01m[K/usr/include/boost/signals2/slot.hpp:22[m[K,
                 from [01m[K/usr/include/boost/signals2/connection.hpp:24[m[K,
                 from [01m[K/usr/include/boost/signals2/signal.hpp:22[m[K,
                 from [01m[K/usr/include/boost/signals2.hpp:19[m[K,
                 from [01m[K/opt/ros/noetic/include/tf/tf.h:46[m[K,
                 from [01m[K/home/pth/pth/model/Go2_simulator/src/controls/go2_controller/include/go2_controller.h:28[m[K,
                 from [01m[K/home/pth/pth/model/Go2_simulator/src/controls/go2_controller/include/Tools/TaskSpacePDControl.cpp:1[m[K:
[01m[K/usr/include/boost/variant/variant.hpp:1767:5:[m[K [01;36m[Knote: [m[Kcandidate: ‘[01m[Kboost::variant<T0, TN>::variant(boost::variant<T0, TN>&&) [with T0_ = pinocchio::JointModelRevoluteTpl<double, 0, 0>; TN = {pinocchio::JointModelRevoluteTpl<double, 0, 1>, pinocchio::JointModelRevoluteTpl<double, 0, 2>, pinocchio::JointModelFreeFlyerTpl<double, 0>, pinocchio::JointModelPlanarTpl<double, 0>, pinocchio::JointModelRevoluteUnalignedTpl<double, 0>, pinocchio::JointModelSphericalTpl<double, 0>, pinocchio::JointModelSphericalZYXTpl<double, 0>, pinocchio::JointModelEllipsoidTpl<double, 0>, pinocchio::JointModelPrismaticTpl<double, 0, 0>, pinocchio::JointModelPrismaticTpl<double, 0, 1>, pinocchio::JointModelPrismaticTpl<double, 0, 2>, pinocchio::JointModelPrismaticUnalignedTpl<double, 0>, pinocchio::JointModelTranslationTpl<double, 0>, pinocchio::JointModelRevoluteUnboundedTpl<double, 0, 0>, pinocchio::JointModelRevoluteUnboundedTpl<double, 0, 1>, pinocchio::JointModelRevoluteUnboundedTpl<double, 0, 2>, pinocchio::JointModelRevoluteUnboundedUnalignedTpl<double, 0>, pinocchio::JointModelHelicalTpl<double, 0, 0>, pinocchio::JointModelHelicalTpl<double, 0, 1>, pinocchio::JointModelHelicalTpl<double, 0, 2>, pinocchio::JointModelHelicalUnalignedTpl<double, 0>, pinocchio::JointModelUniversalTpl<double, 0>, boost::recursive_wrapper<pinocchio::JointModelCompositeTpl<double, 0, pinocchio::JointCollectionDefaultTpl> >, boost::recursive_wrapper<pinocchio::JointModelMimicTpl<double, 0, pinocchio::JointCollectionDefaultTpl> >}][m[K’
 1767 |     [01;36m[Kvariant[m[K(variant&& operand) BOOST_NOEXCEPT_IF(variant_move_noexcept_constructible::type::value)
      |     [01;36m[K^~~~~~~[m[K
[01m[K/usr/include/boost/variant/variant.hpp:1767:23:[m[K [01;36m[Knote: [m[K  no known conversion for argument 1 from ‘[01m[Kconst JointModelDerived[m[K’ {aka ‘[01m[Kconst pinocchio::JointModelPrismaticTpl<double, 0, 0>[m[K’} to ‘[01m[Kboost::variant<pinocchio::JointModelRevoluteTpl<double, 0, 0>, pinocchio::JointModelRevoluteTpl<double, 0, 1>, pinocchio::JointModelRevoluteTpl<double, 0, 2>, pinocchio::JointModelFreeFlyerTpl<double, 0>, pinocchio::JointModelPlanarTpl<double, 0>, pinocchio::JointModelRevoluteUnalignedTpl<double, 0>, pinocchio::JointModelSphericalTpl<double, 0>, pinocchio::JointModelSphericalZYXTpl<double, 0>, pinocchio::JointModelEllipsoidTpl<double, 0>, pinocchio::JointModelPrismaticTpl<double, 0, 0>, pinocchio::JointModelPrismaticTpl<double, 0, 1>, pinocchio::JointModelPrismaticTpl<double, 0, 2>, pinocchio::JointModelPrismaticUnalignedTpl<double, 0>, pinocchio::JointModelTranslationTpl<double, 0>, pinocchio::JointModelRevoluteUnboundedTpl<double, 0, 0>, pinocchio::JointModelRevoluteUnboundedTpl<double, 0, 1>, pinocchio::JointModelRevoluteUnboundedTpl<double, 0, 2>, pinocchio::JointModelRevoluteUnboundedUnalignedTpl<double, 0>, pinocchio::JointModelHelicalTpl<double, 0, 0>, pinocchio::JointModelHelicalTpl<double, 0, 1>, pinocchio::JointModelHelicalTpl<double, 0, 2>, pinocchio::JointModelHelicalUnalignedTpl<double, 0>, pinocchio::JointModelUniversalTpl<double, 0>, boost::recursive_wrapper<pinocchio::JointModelCompositeTpl<double, 0, pinocchio::JointCollectionDefaultTpl> >, boost::recursive_wrapper<pinocchio::JointModelMimicTpl<double, 0, pinocchio::JointCollectionDefaultTpl> > >&&[m[K’
 1767 |     variant([01;36m[Kvariant&& operand[m[K) BOOST_NOEXCEPT_IF(variant_move_noexcept_constructible::type::value)
      |             [01;36m[K~~~~~~~~~~^~~~~~~[m[K
[01m[K/usr/include/boost/variant/variant.hpp:1756:5:[m[K [01;36m[Knote: [m[Kcandidate: ‘[01m[Kboost::variant<T0, TN>::variant(const boost::variant<T0, TN>&) [with T0_ = pinocchio::JointModelRevoluteTpl<double, 0, 0>; TN = {pinocchio::JointModelRevoluteTpl<double, 0, 1>, pinocchio::JointModelRevoluteTpl<double, 0, 2>, pinocchio::JointModelFreeFlyerTpl<double, 0>, pinocchio::JointModelPlanarTpl<double, 0>, pinocchio::JointModelRevoluteUnalignedTpl<double, 0>, pinocchio::JointModelSphericalTpl<double, 0>, pinocchio::JointModelSphericalZYXTpl<double, 0>, pinocchio::JointModelEllipsoidTpl<double, 0>, pinocchio::JointModelPrismaticTpl<double, 0, 0>, pinocchio::JointModelPrismaticTpl<double, 0, 1>, pinocchio::JointModelPrismaticTpl<double, 0, 2>, pinocchio::JointModelPrismaticUnalignedTpl<double, 0>, pinocchio::JointModelTranslationTpl<double, 0>, pinocchio::JointModelRevoluteUnboundedTpl<double, 0, 0>, pinocchio::JointModelRevoluteUnboundedTpl<double, 0, 1>, pinocchio::JointModelRevoluteUnboundedTpl<double, 0, 2>, pinocchio::JointModelRevoluteUnboundedUnalignedTpl<double, 0>, pinocchio::JointModelHelicalTpl<double, 0, 0>, pinocchio::JointModelHelicalTpl<double, 0, 1>, pinocchio::JointModelHelicalTpl<double, 0, 2>, pinocchio::JointModelHelicalUnalignedTpl<double, 0>, pinocchio::JointModelUniversalTpl<double, 0>, boost::recursive_wrapper<pinocchio::JointModelCompositeTpl<double, 0, pinocchio::JointCollectionDefaultTpl> >, boost::recursive_wrapper<pinocchio::JointModelMimicTpl<double, 0, pinocchio::JointCollectionDefaultTpl> >}][m[K’
 1756 |     [01;36m[Kvariant[m[K(const variant& operand)
      |     [01;36m[K^~~~~~~[m[K
[01m[K/usr/include/boost/variant/variant.hpp:1756:28:[m[K [01;36m[Knote: [m[K  no known conversion for argument 1 from ‘[01m[Kconst JointModelDerived[m[K’ {aka ‘[01m[Kconst pinocchio::JointModelPrismaticTpl<double, 0, 0>[m[K’} to ‘[01m[Kconst boost::variant<pinocchio::JointModelRevoluteTpl<double, 0, 0>, pinocchio::JointModelRevoluteTpl<double, 0, 1>, pinocchio::JointModelRevoluteTpl<double, 0, 2>, pinocchio::JointModelFreeFlyerTpl<double, 0>, pinocchio::JointModelPlanarTpl<double, 0>, pinocchio::JointModelRevoluteUnalignedTpl<double, 0>, pinocchio::JointModelSphericalTpl<double, 0>, pinocchio::JointModelSphericalZYXTpl<double, 0>, pinocchio::JointModelEllipsoidTpl<double, 0>, pinocchio::JointModelPrismaticTpl<double, 0, 0>, pinocchio::JointModelPrismaticTpl<double, 0, 1>, pinocchio::JointModelPrismaticTpl<double, 0, 2>, pinocchio::JointModelPrismaticUnalignedTpl<double, 0>, pinocchio::JointModelTranslationTpl<double, 0>, pinocchio::JointModelRevoluteUnboundedTpl<double, 0, 0>, pinocchio::JointModelRevoluteUnboundedTpl<double, 0, 1>, pinocchio::JointModelRevoluteUnboundedTpl<double, 0, 2>, pinocchio::JointModelRevoluteUnboundedUnalignedTpl<double, 0>, pinocchio::JointModelHelicalTpl<double, 0, 0>, pinocchio::JointModelHelicalTpl<double, 0, 1>, pinocchio::JointModelHelicalTpl<double, 0, 2>, pinocchio::JointModelHelicalUnalignedTpl<double, 0>, pinocchio::JointModelUniversalTpl<double, 0>, boost::recursive_wrapper<pinocchio::JointModelCompositeTpl<double, 0, pinocchio::JointCollectionDefaultTpl> >, boost::recursive_wrapper<pinocchio::JointModelMimicTpl<double, 0, pinocchio::JointCollectionDefaultTpl> > >&[m[K’
 1756 |     variant([01;36m[Kconst variant& operand[m[K)
      |             [01;36m[K~~~~~~~~~~~~~~~^~~~~~~[m[K
[01m[K/usr/include/boost/variant/variant.hpp:1375:5:[m[K [01;36m[Knote: [m[Kcandidate: ‘[01m[Kboost::variant<T0, TN>::variant() [with T0_ = pinocchio::JointModelRevoluteTpl<double, 0, 0>; TN = {pinocchio::JointModelRevoluteTpl<double, 0, 1>, pinocchio::JointModelRevoluteTpl<double, 0, 2>, pinocchio::JointModelFreeFlyerTpl<double, 0>, pinocchio::JointModelPlanarTpl<double, 0>, pinocchio::JointModelRevoluteUnalignedTpl<double, 0>, pinocchio::JointModelSphericalTpl<double, 0>, pinocchio::JointModelSphericalZYXTpl<double, 0>, pinocchio::JointModelEllipsoidTpl<double, 0>, pinocchio::JointModelPrismaticTpl<double, 0, 0>, pinocchio::JointModelPrismaticTpl<double, 0, 1>, pinocchio::JointModelPrismaticTpl<double, 0, 2>, pinocchio::JointModelPrismaticUnalignedTpl<double, 0>, pinocchio::JointModelTranslationTpl<double, 0>, pinocchio::JointModelRevoluteUnboundedTpl<double, 0, 0>, pinocchio::JointModelRevoluteUnboundedTpl<double, 0, 1>, pinocchio::JointModelRevoluteUnboundedTpl<double, 0, 2>, pinocchio::JointModelRevoluteUnboundedUnalignedTpl<double, 0>, pinocchio::JointModelHelicalTpl<double, 0, 0>, pinocchio::JointModelHelicalTpl<double, 0, 1>, pinocchio::JointModelHelicalTpl<double, 0, 2>, pinocchio::JointModelHelicalUnalignedTpl<double, 0>, pinocchio::JointModelUniversalTpl<double, 0>, boost::recursive_wrapper<pinocchio::JointModelCompositeTpl<double, 0, pinocchio::JointCollectionDefaultTpl> >, boost::recursive_wrapper<pinocchio::JointModelMimicTpl<double, 0, pinocchio::JointCollectionDefaultTpl> >}][m[K’
 1375 |     [01;36m[Kvariant[m[K()
      |     [01;36m[K^~~~~~~[m[K
[01m[K/usr/include/boost/variant/variant.hpp:1375:5:[m[K [01;36m[Knote: [m[K  candidate expects 0 arguments, 1 provided
In file included from [01m[K/usr/local/include/pinocchio/multibody/model.hpp:17[m[K,
                 from [01m[K/usr/local/include/pinocchio/algorithm/frames.hpp:8[m[K,
                 from [01m[K/home/pth/pth/model/Go2_simulator/src/controls/go2_controller/include/Tools/Pinocchio_Interface.hpp:5[m[K,
                 from [01m[K/home/pth/pth/model/Go2_simulator/src/controls/go2_controller/include/go2_controller.h:39[m[K,
                 from [01m[K/home/pth/pth/model/Go2_simulator/src/controls/go2_controller/include/Tools/TaskSpacePDControl.cpp:1[m[K:
/usr/local/include/pinocchio/multibody/joint/joint-generic.hpp: In instantiation of ‘[01m[Kpinocchio::JointModelTpl<Scalar, Options, JointCollectionTpl>::JointModelTpl(const pinocchio::JointModelBase<OtherDerived>&) [with JointModelDerived = pinocchio::JointModelPrismaticTpl<double, 0, 1>; _Scalar = double; int _Options = 0; JointCollectionTpl = pinocchio::JointCollectionDefaultTpl][m[K’:
[01m[K/usr/local/include/pinocchio/parsers/urdf/model.hxx:471:70:[m[K   required from ‘[01m[Kpinocchio::JointIndex pinocchio::urdf::details::UrdfVisitor<Scalar, Options, JointCollectionTpl>::addJoint(const Vector3&, const Frame&, const SE3&, const string&, const VectorConstRef&, const VectorConstRef&, const VectorConstRef&, const VectorConstRef&, const VectorConstRef&, const VectorConstRef&) [with TypeX = pinocchio::JointModelPrismaticTpl<double, 0, 0>; TypeY = pinocchio::JointModelPrismaticTpl<double, 0, 1>; TypeZ = pinocchio::JointModelPrismaticTpl<double, 0, 2>; TypeUnaligned = pinocchio::JointModelPrismaticUnalignedTpl<double>; Scalar = double; int Options = 0; JointCollectionTpl = pinocchio::JointCollectionDefaultTpl; pinocchio::JointIndex = long unsigned int; pinocchio::urdf::details::UrdfVisitor<Scalar, Options, JointCollectionTpl>::Vector3 = Eigen::Matrix<double, 3, 1>; pinocchio::urdf::details::UrdfVisitor<Scalar, Options, JointCollectionTpl>::Frame = pinocchio::FrameTpl<double, 0>; pinocchio::urdf::details::UrdfVisitor<Scalar, Options, JointCollectionTpl>::SE3 = pinocchio::SE3Tpl<double, 0>; std::string = std::__cxx11::basic_string<char>; pinocchio::urdf::details::UrdfVisitor<Scalar, Options, JointCollectionTpl>::VectorConstRef = Eigen::Ref<const Eigen::Matrix<double, -1, 1> >][m[K’
[01m[K/usr/local/include/pinocchio/parsers/urdf/model.hxx:278:22:[m[K   required from ‘[01m[Kvoid pinocchio::urdf::details::UrdfVisitor<Scalar, Options, JointCollectionTpl>::addJointAndBody(pinocchio::urdf::details::UrdfVisitor<Scalar, Options, JointCollectionTpl>::JointType, const Vector3&, const FrameIndex&, const SE3&, const string&, const Inertia&, const SE3&, const string&, const VectorConstRef&, const VectorConstRef&, const VectorConstRef&, const VectorConstRef&, const VectorConstRef&, const VectorConstRef&, const boost::optional<pinocchio::urdf::details::MimicInfo<_Scalar, Options> >&) [with Scalar = double; int Options = 0; JointCollectionTpl = pinocchio::JointCollectionDefaultTpl; pinocchio::urdf::details::UrdfVisitor<Scalar, Options, JointCollectionTpl>::JointType = pinocchio::urdf::details::UrdfVisitorBaseTpl<double, 0>::JointType; pinocchio::urdf::details::UrdfVisitor<Scalar, Options, JointCollectionTpl>::Vector3 = Eigen::Matrix<double, 3, 1>; pinocchio::FrameIndex = long unsigned int; pinocchio::urdf::details::UrdfVisitor<Scalar, Options, JointCollectionTpl>::SE3 = pinocchio::SE3Tpl<double, 0>; std::string = std::__cxx11::basic_string<char>; pinocchio::urdf::details::UrdfVisitor<Scalar, Options, JointCollectionTpl>::Inertia = pinocchio::InertiaTpl<double, 0>; pinocchio::urdf::details::UrdfVisitor<Scalar, Options, JointCollectionTpl>::VectorConstRef = Eigen::Ref<const Eigen::Matrix<double, -1, 1> >][m[K’
[01m[K/usr/local/include/pinocchio/parsers/urdf/model.hxx:234:14:[m[K   required from here
[01m[K/usr/local/include/pinocchio/multibody/joint/joint-generic.hpp:304:25:[m[K [01;31m[Kerror: [m[Kno matching function for call to ‘[01m[Kboost::variant<pinocchio::JointModelRevoluteTpl<double, 0, 0>, pinocchio::JointModelRevoluteTpl<double, 0, 1>, pinocchio::JointModelRevoluteTpl<double, 0, 2>, pinocchio::JointModelFreeFlyerTpl<double, 0>, pinocchio::JointModelPlanarTpl<double, 0>, pinocchio::JointModelRevoluteUnalignedTpl<double, 0>, pinocchio::JointModelSphericalTpl<double, 0>, pinocchio::JointModelSphericalZYXTpl<double, 0>, pinocchio::JointModelEllipsoidTpl<double, 0>, pinocchio::JointModelPrismaticTpl<double, 0, 0>, pinocchio::JointModelPrismaticTpl<double, 0, 1>, pinocchio::JointModelPrismaticTpl<double, 0, 2>, pinocchio::JointModelPrismaticUnalignedTpl<double, 0>, pinocchio::JointModelTranslationTpl<double, 0>, pinocchio::JointModelRevoluteUnboundedTpl<double, 0, 0>, pinocchio::JointModelRevoluteUnboundedTpl<double, 0, 1>, pinocchio::JointModelRevoluteUnboundedTpl<double, 0, 2>, pinocchio::JointModelRevoluteUnboundedUnalignedTpl<double, 0>, pinocchio::JointModelHelicalTpl<double, 0, 0>, pinocchio::JointModelHelicalTpl<double, 0, 1>, pinocchio::JointModelHelicalTpl<double, 0, 2>, pinocchio::JointModelHelicalUnalignedTpl<double, 0>, pinocchio::JointModelUniversalTpl<double, 0>, boost::recursive_wrapper<pinocchio::JointModelCompositeTpl<double, 0, pinocchio::JointCollectionDefaultTpl> >, boost::recursive_wrapper<pinocchio::JointModelMimicTpl<double, 0, pinocchio::JointCollectionDefaultTpl> > >::variant(const JointModelDerived&)[m[K’
  304 |     : JointModelVariant((JointModelVariant)jmodel.derived())
In file included from [01m[K/usr/include/boost/signals2/slot_base.hpp:22[m[K,
                 from [01m[K/usr/include/boost/signals2/detail/tracked_objects_visitor.hpp:18[m[K,
                 from [01m[K/usr/include/boost/signals2/slot.hpp:22[m[K,
                 from [01m[K/usr/include/boost/signals2/connection.hpp:24[m[K,
                 from [01m[K/usr/include/boost/signals2/signal.hpp:22[m[K,
                 from [01m[K/usr/include/boost/signals2.hpp:19[m[K,
                 from [01m[K/opt/ros/noetic/include/tf/tf.h:46[m[K,
                 from [01m[K/home/pth/pth/model/Go2_simulator/src/controls/go2_controller/include/go2_controller.h:28[m[K,
                 from [01m[K/home/pth/pth/model/Go2_simulator/src/controls/go2_controller/include/Tools/TaskSpacePDControl.cpp:1[m[K:
[01m[K/usr/include/boost/variant/variant.hpp:1767:5:[m[K [01;36m[Knote: [m[Kcandidate: ‘[01m[Kboost::variant<T0, TN>::variant(boost::variant<T0, TN>&&) [with T0_ = pinocchio::JointModelRevoluteTpl<double, 0, 0>; TN = {pinocchio::JointModelRevoluteTpl<double, 0, 1>, pinocchio::JointModelRevoluteTpl<double, 0, 2>, pinocchio::JointModelFreeFlyerTpl<double, 0>, pinocchio::JointModelPlanarTpl<double, 0>, pinocchio::JointModelRevoluteUnalignedTpl<double, 0>, pinocchio::JointModelSphericalTpl<double, 0>, pinocchio::JointModelSphericalZYXTpl<double, 0>, pinocchio::JointModelEllipsoidTpl<double, 0>, pinocchio::JointModelPrismaticTpl<double, 0, 0>, pinocchio::JointModelPrismaticTpl<double, 0, 1>, pinocchio::JointModelPrismaticTpl<double, 0, 2>, pinocchio::JointModelPrismaticUnalignedTpl<double, 0>, pinocchio::JointModelTranslationTpl<double, 0>, pinocchio::JointModelRevoluteUnboundedTpl<double, 0, 0>, pinocchio::JointModelRevoluteUnboundedTpl<double, 0, 1>, pinocchio::JointModelRevoluteUnboundedTpl<double, 0, 2>, pinocchio::JointModelRevoluteUnboundedUnalignedTpl<double, 0>, pinocchio::JointModelHelicalTpl<double, 0, 0>, pinocchio::JointModelHelicalTpl<double, 0, 1>, pinocchio::JointModelHelicalTpl<double, 0, 2>, pinocchio::JointModelHelicalUnalignedTpl<double, 0>, pinocchio::JointModelUniversalTpl<double, 0>, boost::recursive_wrapper<pinocchio::JointModelCompositeTpl<double, 0, pinocchio::JointCollectionDefaultTpl> >, boost::recursive_wrapper<pinocchio::JointModelMimicTpl<double, 0, pinocchio::JointCollectionDefaultTpl> >}][m[K’
 1767 |     [01;36m[Kvariant[m[K(variant&& operand) BOOST_NOEXCEPT_IF(variant_move_noexcept_constructible::type::value)
      |     [01;36m[K^~~~~~~[m[K
[01m[K/usr/include/boost/variant/variant.hpp:1767:23:[m[K [01;36m[Knote: [m[K  no known conversion for argument 1 from ‘[01m[Kconst JointModelDerived[m[K’ {aka ‘[01m[Kconst pinocchio::JointModelPrismaticTpl<double, 0, 1>[m[K’} to ‘[01m[Kboost::variant<pinocchio::JointModelRevoluteTpl<double, 0, 0>, pinocchio::JointModelRevoluteTpl<double, 0, 1>, pinocchio::JointModelRevoluteTpl<double, 0, 2>, pinocchio::JointModelFreeFlyerTpl<double, 0>, pinocchio::JointModelPlanarTpl<double, 0>, pinocchio::JointModelRevoluteUnalignedTpl<double, 0>, pinocchio::JointModelSphericalTpl<double, 0>, pinocchio::JointModelSphericalZYXTpl<double, 0>, pinocchio::JointModelEllipsoidTpl<double, 0>, pinocchio::JointModelPrismaticTpl<double, 0, 0>, pinocchio::JointModelPrismaticTpl<double, 0, 1>, pinocchio::JointModelPrismaticTpl<double, 0, 2>, pinocchio::JointModelPrismaticUnalignedTpl<double, 0>, pinocchio::JointModelTranslationTpl<double, 0>, pinocchio::JointModelRevoluteUnboundedTpl<double, 0, 0>, pinocchio::JointModelRevoluteUnboundedTpl<double, 0, 1>, pinocchio::JointModelRevoluteUnboundedTpl<double, 0, 2>, pinocchio::JointModelRevoluteUnboundedUnalignedTpl<double, 0>, pinocchio::JointModelHelicalTpl<double, 0, 0>, pinocchio::JointModelHelicalTpl<double, 0, 1>, pinocchio::JointModelHelicalTpl<double, 0, 2>, pinocchio::JointModelHelicalUnalignedTpl<double, 0>, pinocchio::JointModelUniversalTpl<double, 0>, boost::recursive_wrapper<pinocchio::JointModelCompositeTpl<double, 0, pinocchio::JointCollectionDefaultTpl> >, boost::recursive_wrapper<pinocchio::JointModelMimicTpl<double, 0, pinocchio::JointCollectionDefaultTpl> > >&&[m[K’
 1767 |     variant([01;36m[Kvariant&& operand[m[K) BOOST_NOEXCEPT_IF(variant_move_noexcept_constructible::type::value)
      |             [01;36m[K~~~~~~~~~~^~~~~~~[m[K
[01m[K/usr/include/boost/variant/variant.hpp:1756:5:[m[K [01;36m[Knote: [m[Kcandidate: ‘[01m[Kboost::variant<T0, TN>::variant(const boost::variant<T0, TN>&) [with T0_ = pinocchio::JointModelRevoluteTpl<double, 0, 0>; TN = {pinocchio::JointModelRevoluteTpl<double, 0, 1>, pinocchio::JointModelRevoluteTpl<double, 0, 2>, pinocchio::JointModelFreeFlyerTpl<double, 0>, pinocchio::JointModelPlanarTpl<double, 0>, pinocchio::JointModelRevoluteUnalignedTpl<double, 0>, pinocchio::JointModelSphericalTpl<double, 0>, pinocchio::JointModelSphericalZYXTpl<double, 0>, pinocchio::JointModelEllipsoidTpl<double, 0>, pinocchio::JointModelPrismaticTpl<double, 0, 0>, pinocchio::JointModelPrismaticTpl<double, 0, 1>, pinocchio::JointModelPrismaticTpl<double, 0, 2>, pinocchio::JointModelPrismaticUnalignedTpl<double, 0>, pinocchio::JointModelTranslationTpl<double, 0>, pinocchio::JointModelRevoluteUnboundedTpl<double, 0, 0>, pinocchio::JointModelRevoluteUnboundedTpl<double, 0, 1>, pinocchio::JointModelRevoluteUnboundedTpl<double, 0, 2>, pinocchio::JointModelRevoluteUnboundedUnalignedTpl<double, 0>, pinocchio::JointModelHelicalTpl<double, 0, 0>, pinocchio::JointModelHelicalTpl<double, 0, 1>, pinocchio::JointModelHelicalTpl<double, 0, 2>, pinocchio::JointModelHelicalUnalignedTpl<double, 0>, pinocchio::JointModelUniversalTpl<double, 0>, boost::recursive_wrapper<pinocchio::JointModelCompositeTpl<double, 0, pinocchio::JointCollectionDefaultTpl> >, boost::recursive_wrapper<pinocchio::JointModelMimicTpl<double, 0, pinocchio::JointCollectionDefaultTpl> >}][m[K’
 1756 |     [01;36m[Kvariant[m[K(const variant& operand)
      |     [01;36m[K^~~~~~~[m[K
[01m[K/usr/include/boost/variant/variant.hpp:1756:28:[m[K [01;36m[Knote: [m[K  no known conversion for argument 1 from ‘[01m[Kconst JointModelDerived[m[K’ {aka ‘[01m[Kconst pinocchio::JointModelPrismaticTpl<double, 0, 1>[m[K’} to ‘[01m[Kconst boost::variant<pinocchio::JointModelRevoluteTpl<double, 0, 0>, pinocchio::JointModelRevoluteTpl<double, 0, 1>, pinocchio::JointModelRevoluteTpl<double, 0, 2>, pinocchio::JointModelFreeFlyerTpl<double, 0>, pinocchio::JointModelPlanarTpl<double, 0>, pinocchio::JointModelRevoluteUnalignedTpl<double, 0>, pinocchio::JointModelSphericalTpl<double, 0>, pinocchio::JointModelSphericalZYXTpl<double, 0>, pinocchio::JointModelEllipsoidTpl<double, 0>, pinocchio::JointModelPrismaticTpl<double, 0, 0>, pinocchio::JointModelPrismaticTpl<double, 0, 1>, pinocchio::JointModelPrismaticTpl<double, 0, 2>, pinocchio::JointModelPrismaticUnalignedTpl<double, 0>, pinocchio::JointModelTranslationTpl<double, 0>, pinocchio::JointModelRevoluteUnboundedTpl<double, 0, 0>, pinocchio::JointModelRevoluteUnboundedTpl<double, 0, 1>, pinocchio::JointModelRevoluteUnboundedTpl<double, 0, 2>, pinocchio::JointModelRevoluteUnboundedUnalignedTpl<double, 0>, pinocchio::JointModelHelicalTpl<double, 0, 0>, pinocchio::JointModelHelicalTpl<double, 0, 1>, pinocchio::JointModelHelicalTpl<double, 0, 2>, pinocchio::JointModelHelicalUnalignedTpl<double, 0>, pinocchio::JointModelUniversalTpl<double, 0>, boost::recursive_wrapper<pinocchio::JointModelCompositeTpl<double, 0, pinocchio::JointCollectionDefaultTpl> >, boost::recursive_wrapper<pinocchio::JointModelMimicTpl<double, 0, pinocchio::JointCollectionDefaultTpl> > >&[m[K’
 1756 |     variant([01;36m[Kconst variant& operand[m[K)
      |             [01;36m[K~~~~~~~~~~~~~~~^~~~~~~[m[K
[01m[K/usr/include/boost/variant/variant.hpp:1375:5:[m[K [01;36m[Knote: [m[Kcandidate: ‘[01m[Kboost::variant<T0, TN>::variant() [with T0_ = pinocchio::JointModelRevoluteTpl<double, 0, 0>; TN = {pinocchio::JointModelRevoluteTpl<double, 0, 1>, pinocchio::JointModelRevoluteTpl<double, 0, 2>, pinocchio::JointModelFreeFlyerTpl<double, 0>, pinocchio::JointModelPlanarTpl<double, 0>, pinocchio::JointModelRevoluteUnalignedTpl<double, 0>, pinocchio::JointModelSphericalTpl<double, 0>, pinocchio::JointModelSphericalZYXTpl<double, 0>, pinocchio::JointModelEllipsoidTpl<double, 0>, pinocchio::JointModelPrismaticTpl<double, 0, 0>, pinocchio::JointModelPrismaticTpl<double, 0, 1>, pinocchio::JointModelPrismaticTpl<double, 0, 2>, pinocchio::JointModelPrismaticUnalignedTpl<double, 0>, pinocchio::JointModelTranslationTpl<double, 0>, pinocchio::JointModelRevoluteUnboundedTpl<double, 0, 0>, pinocchio::JointModelRevoluteUnboundedTpl<double, 0, 1>, pinocchio::JointModelRevoluteUnboundedTpl<double, 0, 2>, pinocchio::JointModelRevoluteUnboundedUnalignedTpl<double, 0>, pinocchio::JointModelHelicalTpl<double, 0, 0>, pinocchio::JointModelHelicalTpl<double, 0, 1>, pinocchio::JointModelHelicalTpl<double, 0, 2>, pinocchio::JointModelHelicalUnalignedTpl<double, 0>, pinocchio::JointModelUniversalTpl<double, 0>, boost::recursive_wrapper<pinocchio::JointModelCompositeTpl<double, 0, pinocchio::JointCollectionDefaultTpl> >, boost::recursive_wrapper<pinocchio::JointModelMimicTpl<double, 0, pinocchio::JointCollectionDefaultTpl> >}][m[K’
 1375 |     [01;36m[Kvariant[m[K()
      |     [01;36m[K^~~~~~~[m[K
[01m[K/usr/include/boost/variant/variant.hpp:1375:5:[m[K [01;36m[Knote: [m[K  candidate expects 0 arguments, 1 provided
In file included from [01m[K/usr/local/include/pinocchio/multibody/model.hpp:17[m[K,
                 from [01m[K/usr/local/include/pinocchio/algorithm/frames.hpp:8[m[K,
                 from [01m[K/home/pth/pth/model/Go2_simulator/src/controls/go2_controller/include/Tools/Pinocchio_Interface.hpp:5[m[K,
                 from [01m[K/home/pth/pth/model/Go2_simulator/src/controls/go2_controller/include/go2_controller.h:39[m[K,
                 from [01m[K/home/pth/pth/model/Go2_simulator/src/controls/go2_controller/include/Tools/TaskSpacePDControl.cpp:1[m[K:
/usr/local/include/pinocchio/multibody/joint/joint-generic.hpp: In instantiation of ‘[01m[Kpinocchio::JointModelTpl<Scalar, Options, JointCollectionTpl>::JointModelTpl(const pinocchio::JointModelBase<OtherDerived>&) [with JointModelDerived = pinocchio::JointModelPrismaticTpl<double, 0, 2>; _Scalar = double; int _Options = 0; JointCollectionTpl = pinocchio::JointCollectionDefaultTpl][m[K’:
[01m[K/usr/local/include/pinocchio/parsers/urdf/model.hxx:477:70:[m[K   required from ‘[01m[Kpinocchio::JointIndex pinocchio::urdf::details::UrdfVisitor<Scalar, Options, JointCollectionTpl>::addJoint(const Vector3&, const Frame&, const SE3&, const string&, const VectorConstRef&, const VectorConstRef&, const VectorConstRef&, const VectorConstRef&, const VectorConstRef&, const VectorConstRef&) [with TypeX = pinocchio::JointModelPrismaticTpl<double, 0, 0>; TypeY = pinocchio::JointModelPrismaticTpl<double, 0, 1>; TypeZ = pinocchio::JointModelPrismaticTpl<double, 0, 2>; TypeUnaligned = pinocchio::JointModelPrismaticUnalignedTpl<double>; Scalar = double; int Options = 0; JointCollectionTpl = pinocchio::JointCollectionDefaultTpl; pinocchio::JointIndex = long unsigned int; pinocchio::urdf::details::UrdfVisitor<Scalar, Options, JointCollectionTpl>::Vector3 = Eigen::Matrix<double, 3, 1>; pinocchio::urdf::details::UrdfVisitor<Scalar, Options, JointCollectionTpl>::Frame = pinocchio::FrameTpl<double, 0>; pinocchio::urdf::details::UrdfVisitor<Scalar, Options, JointCollectionTpl>::SE3 = pinocchio::SE3Tpl<double, 0>; std::string = std::__cxx11::basic_string<char>; pinocchio::urdf::details::UrdfVisitor<Scalar, Options, JointCollectionTpl>::VectorConstRef = Eigen::Ref<const Eigen::Matrix<double, -1, 1> >][m[K’
[01m[K/usr/local/include/pinocchio/parsers/urdf/model.hxx:278:22:[m[K   required from ‘[01m[Kvoid pinocchio::urdf::details::UrdfVisitor<Scalar, Options, JointCollectionTpl>::addJointAndBody(pinocchio::urdf::details::UrdfVisitor<Scalar, Options, JointCollectionTpl>::JointType, const Vector3&, const FrameIndex&, const SE3&, const string&, const Inertia&, const SE3&, const string&, const VectorConstRef&, const VectorConstRef&, const VectorConstRef&, const VectorConstRef&, const VectorConstRef&, const VectorConstRef&, const boost::optional<pinocchio::urdf::details::MimicInfo<_Scalar, Options> >&) [with Scalar = double; int Options = 0; JointCollectionTpl = pinocchio::JointCollectionDefaultTpl; pinocchio::urdf::details::UrdfVisitor<Scalar, Options, JointCollectionTpl>::JointType = pinocchio::urdf::details::UrdfVisitorBaseTpl<double, 0>::JointType; pinocchio::urdf::details::UrdfVisitor<Scalar, Options, JointCollectionTpl>::Vector3 = Eigen::Matrix<double, 3, 1>; pinocchio::FrameIndex = long unsigned int; pinocchio::urdf::details::UrdfVisitor<Scalar, Options, JointCollectionTpl>::SE3 = pinocchio::SE3Tpl<double, 0>; std::string = std::__cxx11::basic_string<char>; pinocchio::urdf::details::UrdfVisitor<Scalar, Options, JointCollectionTpl>::Inertia = pinocchio::InertiaTpl<double, 0>; pinocchio::urdf::details::UrdfVisitor<Scalar, Options, JointCollectionTpl>::VectorConstRef = Eigen::Ref<const Eigen::Matrix<double, -1, 1> >][m[K’
[01m[K/usr/local/include/pinocchio/parsers/urdf/model.hxx:234:14:[m[K   required from here
[01m[K/usr/local/include/pinocchio/multibody/joint/joint-generic.hpp:304:25:[m[K [01;31m[Kerror: [m[Kno matching function for call to ‘[01m[Kboost::variant<pinocchio::JointModelRevoluteTpl<double, 0, 0>, pinocchio::JointModelRevoluteTpl<double, 0, 1>, pinocchio::JointModelRevoluteTpl<double, 0, 2>, pinocchio::JointModelFreeFlyerTpl<double, 0>, pinocchio::JointModelPlanarTpl<double, 0>, pinocchio::JointModelRevoluteUnalignedTpl<double, 0>, pinocchio::JointModelSphericalTpl<double, 0>, pinocchio::JointModelSphericalZYXTpl<double, 0>, pinocchio::JointModelEllipsoidTpl<double, 0>, pinocchio::JointModelPrismaticTpl<double, 0, 0>, pinocchio::JointModelPrismaticTpl<double, 0, 1>, pinocchio::JointModelPrismaticTpl<double, 0, 2>, pinocchio::JointModelPrismaticUnalignedTpl<double, 0>, pinocchio::JointModelTranslationTpl<double, 0>, pinocchio::JointModelRevoluteUnboundedTpl<double, 0, 0>, pinocchio::JointModelRevoluteUnboundedTpl<double, 0, 1>, pinocchio::JointModelRevoluteUnboundedTpl<double, 0, 2>, pinocchio::JointModelRevoluteUnboundedUnalignedTpl<double, 0>, pinocchio::JointModelHelicalTpl<double, 0, 0>, pinocchio::JointModelHelicalTpl<double, 0, 1>, pinocchio::JointModelHelicalTpl<double, 0, 2>, pinocchio::JointModelHelicalUnalignedTpl<double, 0>, pinocchio::JointModelUniversalTpl<double, 0>, boost::recursive_wrapper<pinocchio::JointModelCompositeTpl<double, 0, pinocchio::JointCollectionDefaultTpl> >, boost::recursive_wrapper<pinocchio::JointModelMimicTpl<double, 0, pinocchio::JointCollectionDefaultTpl> > >::variant(const JointModelDerived&)[m[K’
  304 |     : JointModelVariant((JointModelVariant)jmodel.derived())
In file included from [01m[K/usr/include/boost/signals2/slot_base.hpp:22[m[K,
                 from [01m[K/usr/include/boost/signals2/detail/tracked_objects_visitor.hpp:18[m[K,
                 from [01m[K/usr/include/boost/signals2/slot.hpp:22[m[K,
                 from [01m[K/usr/include/boost/signals2/connection.hpp:24[m[K,
                 from [01m[K/usr/include/boost/signals2/signal.hpp:22[m[K,
                 from [01m[K/usr/include/boost/signals2.hpp:19[m[K,
                 from [01m[K/opt/ros/noetic/include/tf/tf.h:46[m[K,
                 from [01m[K/home/pth/pth/model/Go2_simulator/src/controls/go2_controller/include/go2_controller.h:28[m[K,
                 from [01m[K/home/pth/pth/model/Go2_simulator/src/controls/go2_controller/include/Tools/TaskSpacePDControl.cpp:1[m[K:
[01m[K/usr/include/boost/variant/variant.hpp:1767:5:[m[K [01;36m[Knote: [m[Kcandidate: ‘[01m[Kboost::variant<T0, TN>::variant(boost::variant<T0, TN>&&) [with T0_ = pinocchio::JointModelRevoluteTpl<double, 0, 0>; TN = {pinocchio::JointModelRevoluteTpl<double, 0, 1>, pinocchio::JointModelRevoluteTpl<double, 0, 2>, pinocchio::JointModelFreeFlyerTpl<double, 0>, pinocchio::JointModelPlanarTpl<double, 0>, pinocchio::JointModelRevoluteUnalignedTpl<double, 0>, pinocchio::JointModelSphericalTpl<double, 0>, pinocchio::JointModelSphericalZYXTpl<double, 0>, pinocchio::JointModelEllipsoidTpl<double, 0>, pinocchio::JointModelPrismaticTpl<double, 0, 0>, pinocchio::JointModelPrismaticTpl<double, 0, 1>, pinocchio::JointModelPrismaticTpl<double, 0, 2>, pinocchio::JointModelPrismaticUnalignedTpl<double, 0>, pinocchio::JointModelTranslationTpl<double, 0>, pinocchio::JointModelRevoluteUnboundedTpl<double, 0, 0>, pinocchio::JointModelRevoluteUnboundedTpl<double, 0, 1>, pinocchio::JointModelRevoluteUnboundedTpl<double, 0, 2>, pinocchio::JointModelRevoluteUnboundedUnalignedTpl<double, 0>, pinocchio::JointModelHelicalTpl<double, 0, 0>, pinocchio::JointModelHelicalTpl<double, 0, 1>, pinocchio::JointModelHelicalTpl<double, 0, 2>, pinocchio::JointModelHelicalUnalignedTpl<double, 0>, pinocchio::JointModelUniversalTpl<double, 0>, boost::recursive_wrapper<pinocchio::JointModelCompositeTpl<double, 0, pinocchio::JointCollectionDefaultTpl> >, boost::recursive_wrapper<pinocchio::JointModelMimicTpl<double, 0, pinocchio::JointCollectionDefaultTpl> >}][m[K’
 1767 |     [01;36m[Kvariant[m[K(variant&& operand) BOOST_NOEXCEPT_IF(variant_move_noexcept_constructible::type::value)
      |     [01;36m[K^~~~~~~[m[K
[01m[K/usr/include/boost/variant/variant.hpp:1767:23:[m[K [01;36m[Knote: [m[K  no known conversion for argument 1 from ‘[01m[Kconst JointModelDerived[m[K’ {aka ‘[01m[Kconst pinocchio::JointModelPrismaticTpl<double, 0, 2>[m[K’} to ‘[01m[Kboost::variant<pinocchio::JointModelRevoluteTpl<double, 0, 0>, pinocchio::JointModelRevoluteTpl<double, 0, 1>, pinocchio::JointModelRevoluteTpl<double, 0, 2>, pinocchio::JointModelFreeFlyerTpl<double, 0>, pinocchio::JointModelPlanarTpl<double, 0>, pinocchio::JointModelRevoluteUnalignedTpl<double, 0>, pinocchio::JointModelSphericalTpl<double, 0>, pinocchio::JointModelSphericalZYXTpl<double, 0>, pinocchio::JointModelEllipsoidTpl<double, 0>, pinocchio::JointModelPrismaticTpl<double, 0, 0>, pinocchio::JointModelPrismaticTpl<double, 0, 1>, pinocchio::JointModelPrismaticTpl<double, 0, 2>, pinocchio::JointModelPrismaticUnalignedTpl<double, 0>, pinocchio::JointModelTranslationTpl<double, 0>, pinocchio::JointModelRevoluteUnboundedTpl<double, 0, 0>, pinocchio::JointModelRevoluteUnboundedTpl<double, 0, 1>, pinocchio::JointModelRevoluteUnboundedTpl<double, 0, 2>, pinocchio::JointModelRevoluteUnboundedUnalignedTpl<double, 0>, pinocchio::JointModelHelicalTpl<double, 0, 0>, pinocchio::JointModelHelicalTpl<double, 0, 1>, pinocchio::JointModelHelicalTpl<double, 0, 2>, pinocchio::JointModelHelicalUnalignedTpl<double, 0>, pinocchio::JointModelUniversalTpl<double, 0>, boost::recursive_wrapper<pinocchio::JointModelCompositeTpl<double, 0, pinocchio::JointCollectionDefaultTpl> >, boost::recursive_wrapper<pinocchio::JointModelMimicTpl<double, 0, pinocchio::JointCollectionDefaultTpl> > >&&[m[K’
 1767 |     variant([01;36m[Kvariant&& operand[m[K) BOOST_NOEXCEPT_IF(variant_move_noexcept_constructible::type::value)
      |             [01;36m[K~~~~~~~~~~^~~~~~~[m[K
[01m[K/usr/include/boost/variant/variant.hpp:1756:5:[m[K [01;36m[Knote: [m[Kcandidate: ‘[01m[Kboost::variant<T0, TN>::variant(const boost::variant<T0, TN>&) [with T0_ = pinocchio::JointModelRevoluteTpl<double, 0, 0>; TN = {pinocchio::JointModelRevoluteTpl<double, 0, 1>, pinocchio::JointModelRevoluteTpl<double, 0, 2>, pinocchio::JointModelFreeFlyerTpl<double, 0>, pinocchio::JointModelPlanarTpl<double, 0>, pinocchio::JointModelRevoluteUnalignedTpl<double, 0>, pinocchio::JointModelSphericalTpl<double, 0>, pinocchio::JointModelSphericalZYXTpl<double, 0>, pinocchio::JointModelEllipsoidTpl<double, 0>, pinocchio::JointModelPrismaticTpl<double, 0, 0>, pinocchio::JointModelPrismaticTpl<double, 0, 1>, pinocchio::JointModelPrismaticTpl<double, 0, 2>, pinocchio::JointModelPrismaticUnalignedTpl<double, 0>, pinocchio::JointModelTranslationTpl<double, 0>, pinocchio::JointModelRevoluteUnboundedTpl<double, 0, 0>, pinocchio::JointModelRevoluteUnboundedTpl<double, 0, 1>, pinocchio::JointModelRevoluteUnboundedTpl<double, 0, 2>, pinocchio::JointModelRevoluteUnboundedUnalignedTpl<double, 0>, pinocchio::JointModelHelicalTpl<double, 0, 0>, pinocchio::JointModelHelicalTpl<double, 0, 1>, pinocchio::JointModelHelicalTpl<double, 0, 2>, pinocchio::JointModelHelicalUnalignedTpl<double, 0>, pinocchio::JointModelUniversalTpl<double, 0>, boost::recursive_wrapper<pinocchio::JointModelCompositeTpl<double, 0, pinocchio::JointCollectionDefaultTpl> >, boost::recursive_wrapper<pinocchio::JointModelMimicTpl<double, 0, pinocchio::JointCollectionDefaultTpl> >}][m[K’
 1756 |     [01;36m[Kvariant[m[K(const variant& operand)
      |     [01;36m[K^~~~~~~[m[K
[01m[K/usr/include/boost/variant/variant.hpp:1756:28:[m[K [01;36m[Knote: [m[K  no known conversion for argument 1 from ‘[01m[Kconst JointModelDerived[m[K’ {aka ‘[01m[Kconst pinocchio::JointModelPrismaticTpl<double, 0, 2>[m[K’} to ‘[01m[Kconst boost::variant<pinocchio::JointModelRevoluteTpl<double, 0, 0>, pinocchio::JointModelRevoluteTpl<double, 0, 1>, pinocchio::JointModelRevoluteTpl<double, 0, 2>, pinocchio::JointModelFreeFlyerTpl<double, 0>, pinocchio::JointModelPlanarTpl<double, 0>, pinocchio::JointModelRevoluteUnalignedTpl<double, 0>, pinocchio::JointModelSphericalTpl<double, 0>, pinocchio::JointModelSphericalZYXTpl<double, 0>, pinocchio::JointModelEllipsoidTpl<double, 0>, pinocchio::JointModelPrismaticTpl<double, 0, 0>, pinocchio::JointModelPrismaticTpl<double, 0, 1>, pinocchio::JointModelPrismaticTpl<double, 0, 2>, pinocchio::JointModelPrismaticUnalignedTpl<double, 0>, pinocchio::JointModelTranslationTpl<double, 0>, pinocchio::JointModelRevoluteUnboundedTpl<double, 0, 0>, pinocchio::JointModelRevoluteUnboundedTpl<double, 0, 1>, pinocchio::JointModelRevoluteUnboundedTpl<double, 0, 2>, pinocchio::JointModelRevoluteUnboundedUnalignedTpl<double, 0>, pinocchio::JointModelHelicalTpl<double, 0, 0>, pinocchio::JointModelHelicalTpl<double, 0, 1>, pinocchio::JointModelHelicalTpl<double, 0, 2>, pinocchio::JointModelHelicalUnalignedTpl<double, 0>, pinocchio::JointModelUniversalTpl<double, 0>, boost::recursive_wrapper<pinocchio::JointModelCompositeTpl<double, 0, pinocchio::JointCollectionDefaultTpl> >, boost::recursive_wrapper<pinocchio::JointModelMimicTpl<double, 0, pinocchio::JointCollectionDefaultTpl> > >&[m[K’
 1756 |     variant([01;36m[Kconst variant& operand[m[K)
      |             [01;36m[K~~~~~~~~~~~~~~~^~~~~~~[m[K
[01m[K/usr/include/boost/variant/variant.hpp:1375:5:[m[K [01;36m[Knote: [m[Kcandidate: ‘[01m[Kboost::variant<T0, TN>::variant() [with T0_ = pinocchio::JointModelRevoluteTpl<double, 0, 0>; TN = {pinocchio::JointModelRevoluteTpl<double, 0, 1>, pinocchio::JointModelRevoluteTpl<double, 0, 2>, pinocchio::JointModelFreeFlyerTpl<double, 0>, pinocchio::JointModelPlanarTpl<double, 0>, pinocchio::JointModelRevoluteUnalignedTpl<double, 0>, pinocchio::JointModelSphericalTpl<double, 0>, pinocchio::JointModelSphericalZYXTpl<double, 0>, pinocchio::JointModelEllipsoidTpl<double, 0>, pinocchio::JointModelPrismaticTpl<double, 0, 0>, pinocchio::JointModelPrismaticTpl<double, 0, 1>, pinocchio::JointModelPrismaticTpl<double, 0, 2>, pinocchio::JointModelPrismaticUnalignedTpl<double, 0>, pinocchio::JointModelTranslationTpl<double, 0>, pinocchio::JointModelRevoluteUnboundedTpl<double, 0, 0>, pinocchio::JointModelRevoluteUnboundedTpl<double, 0, 1>, pinocchio::JointModelRevoluteUnboundedTpl<double, 0, 2>, pinocchio::JointModelRevoluteUnboundedUnalignedTpl<double, 0>, pinocchio::JointModelHelicalTpl<double, 0, 0>, pinocchio::JointModelHelicalTpl<double, 0, 1>, pinocchio::JointModelHelicalTpl<double, 0, 2>, pinocchio::JointModelHelicalUnalignedTpl<double, 0>, pinocchio::JointModelUniversalTpl<double, 0>, boost::recursive_wrapper<pinocchio::JointModelCompositeTpl<double, 0, pinocchio::JointCollectionDefaultTpl> >, boost::recursive_wrapper<pinocchio::JointModelMimicTpl<double, 0, pinocchio::JointCollectionDefaultTpl> >}][m[K’
 1375 |     [01;36m[Kvariant[m[K()
      |     [01;36m[K^~~~~~~[m[K
[01m[K/usr/include/boost/variant/variant.hpp:1375:5:[m[K [01;36m[Knote: [m[K  candidate expects 0 arguments, 1 provided
In file included from [01m[K/usr/local/include/pinocchio/multibody/model.hpp:17[m[K,
                 from [01m[K/usr/local/include/pinocchio/algorithm/frames.hpp:8[m[K,
                 from [01m[K/home/pth/pth/model/Go2_simulator/src/controls/go2_controller/include/Tools/Pinocchio_Interface.hpp:5[m[K,
                 from [01m[K/home/pth/pth/model/Go2_simulator/src/controls/go2_controller/include/go2_controller.h:39[m[K,
                 from [01m[K/home/pth/pth/model/Go2_simulator/src/controls/go2_controller/include/Tools/TaskSpacePDControl.cpp:1[m[K:
/usr/local/include/pinocchio/multibody/joint/joint-generic.hpp: In instantiation of ‘[01m[Kpinocchio::JointModelTpl<Scalar, Options, JointCollectionTpl>::JointModelTpl(const pinocchio::JointModelBase<OtherDerived>&) [with JointModelDerived = pinocchio::JointModelPrismaticUnalignedTpl<double>; _Scalar = double; int _Options = 0; JointCollectionTpl = pinocchio::JointCollectionDefaultTpl][m[K’:
[01m[K/usr/local/include/pinocchio/parsers/urdf/model.hxx:483:94:[m[K   required from ‘[01m[Kpinocchio::JointIndex pinocchio::urdf::details::UrdfVisitor<Scalar, Options, JointCollectionTpl>::addJoint(const Vector3&, const Frame&, const SE3&, const string&, const VectorConstRef&, const VectorConstRef&, const VectorConstRef&, const VectorConstRef&, const VectorConstRef&, const VectorConstRef&) [with TypeX = pinocchio::JointModelPrismaticTpl<double, 0, 0>; TypeY = pinocchio::JointModelPrismaticTpl<double, 0, 1>; TypeZ = pinocchio::JointModelPrismaticTpl<double, 0, 2>; TypeUnaligned = pinocchio::JointModelPrismaticUnalignedTpl<double>; Scalar = double; int Options = 0; JointCollectionTpl = pinocchio::JointCollectionDefaultTpl; pinocchio::JointIndex = long unsigned int; pinocchio::urdf::details::UrdfVisitor<Scalar, Options, JointCollectionTpl>::Vector3 = Eigen::Matrix<double, 3, 1>; pinocchio::urdf::details::UrdfVisitor<Scalar, Options, JointCollectionTpl>::Frame = pinocchio::FrameTpl<double, 0>; pinocchio::urdf::details::UrdfVisitor<Scalar, Options, JointCollectionTpl>::SE3 = pinocchio::SE3Tpl<double, 0>; std::string = std::__cxx11::basic_string<char>; pinocchio::urdf::details::UrdfVisitor<Scalar, Options, JointCollectionTpl>::VectorConstRef = Eigen::Ref<const Eigen::Matrix<double, -1, 1> >][m[K’
[01m[K/usr/local/include/pinocchio/parsers/urdf/model.hxx:278:22:[m[K   required from ‘[01m[Kvoid pinocchio::urdf::details::UrdfVisitor<Scalar, Options, JointCollectionTpl>::addJointAndBody(pinocchio::urdf::details::UrdfVisitor<Scalar, Options, JointCollectionTpl>::JointType, const Vector3&, const FrameIndex&, const SE3&, const string&, const Inertia&, const SE3&, const string&, const VectorConstRef&, const VectorConstRef&, const VectorConstRef&, const VectorConstRef&, const VectorConstRef&, const VectorConstRef&, const boost::optional<pinocchio::urdf::details::MimicInfo<_Scalar, Options> >&) [with Scalar = double; int Options = 0; JointCollectionTpl = pinocchio::JointCollectionDefaultTpl; pinocchio::urdf::details::UrdfVisitor<Scalar, Options, JointCollectionTpl>::JointType = pinocchio::urdf::details::UrdfVisitorBaseTpl<double, 0>::JointType; pinocchio::urdf::details::UrdfVisitor<Scalar, Options, JointCollectionTpl>::Vector3 = Eigen::Matrix<double, 3, 1>; pinocchio::FrameIndex = long unsigned int; pinocchio::urdf::details::UrdfVisitor<Scalar, Options, JointCollectionTpl>::SE3 = pinocchio::SE3Tpl<double, 0>; std::string = std::__cxx11::basic_string<char>; pinocchio::urdf::details::UrdfVisitor<Scalar, Options, JointCollectionTpl>::Inertia = pinocchio::InertiaTpl<double, 0>; pinocchio::urdf::details::UrdfVisitor<Scalar, Options, JointCollectionTpl>::VectorConstRef = Eigen::Ref<const Eigen::Matrix<double, -1, 1> >][m[K’
[01m[K/usr/local/include/pinocchio/parsers/urdf/model.hxx:234:14:[m[K   required from here
[01m[K/usr/local/include/pinocchio/multibody/joint/joint-generic.hpp:304:25:[m[K [01;31m[Kerror: [m[Kno matching function for call to ‘[01m[Kboost::variant<pinocchio::JointModelRevoluteTpl<double, 0, 0>, pinocchio::JointModelRevoluteTpl<double, 0, 1>, pinocchio::JointModelRevoluteTpl<double, 0, 2>, pinocchio::JointModelFreeFlyerTpl<double, 0>, pinocchio::JointModelPlanarTpl<double, 0>, pinocchio::JointModelRevoluteUnalignedTpl<double, 0>, pinocchio::JointModelSphericalTpl<double, 0>, pinocchio::JointModelSphericalZYXTpl<double, 0>, pinocchio::JointModelEllipsoidTpl<double, 0>, pinocchio::JointModelPrismaticTpl<double, 0, 0>, pinocchio::JointModelPrismaticTpl<double, 0, 1>, pinocchio::JointModelPrismaticTpl<double, 0, 2>, pinocchio::JointModelPrismaticUnalignedTpl<double, 0>, pinocchio::JointModelTranslationTpl<double, 0>, pinocchio::JointModelRevoluteUnboundedTpl<double, 0, 0>, pinocchio::JointModelRevoluteUnboundedTpl<double, 0, 1>, pinocchio::JointModelRevoluteUnboundedTpl<double, 0, 2>, pinocchio::JointModelRevoluteUnboundedUnalignedTpl<double, 0>, pinocchio::JointModelHelicalTpl<double, 0, 0>, pinocchio::JointModelHelicalTpl<double, 0, 1>, pinocchio::JointModelHelicalTpl<double, 0, 2>, pinocchio::JointModelHelicalUnalignedTpl<double, 0>, pinocchio::JointModelUniversalTpl<double, 0>, boost::recursive_wrapper<pinocchio::JointModelCompositeTpl<double, 0, pinocchio::JointCollectionDefaultTpl> >, boost::recursive_wrapper<pinocchio::JointModelMimicTpl<double, 0, pinocchio::JointCollectionDefaultTpl> > >::variant(const JointModelDerived&)[m[K’
  304 |     : JointModelVariant((JointModelVariant)jmodel.derived())
In file included from [01m[K/usr/include/boost/signals2/slot_base.hpp:22[m[K,
                 from [01m[K/usr/include/boost/signals2/detail/tracked_objects_visitor.hpp:18[m[K,
                 from [01m[K/usr/include/boost/signals2/slot.hpp:22[m[K,
                 from [01m[K/usr/include/boost/signals2/connection.hpp:24[m[K,
                 from [01m[K/usr/include/boost/signals2/signal.hpp:22[m[K,
                 from [01m[K/usr/include/boost/signals2.hpp:19[m[K,
                 from [01m[K/opt/ros/noetic/include/tf/tf.h:46[m[K,
                 from [01m[K/home/pth/pth/model/Go2_simulator/src/controls/go2_controller/include/go2_controller.h:28[m[K,
                 from [01m[K/home/pth/pth/model/Go2_simulator/src/controls/go2_controller/include/Tools/TaskSpacePDControl.cpp:1[m[K:
[01m[K/usr/include/boost/variant/variant.hpp:1767:5:[m[K [01;36m[Knote: [m[Kcandidate: ‘[01m[Kboost::variant<T0, TN>::variant(boost::variant<T0, TN>&&) [with T0_ = pinocchio::JointModelRevoluteTpl<double, 0, 0>; TN = {pinocchio::JointModelRevoluteTpl<double, 0, 1>, pinocchio::JointModelRevoluteTpl<double, 0, 2>, pinocchio::JointModelFreeFlyerTpl<double, 0>, pinocchio::JointModelPlanarTpl<double, 0>, pinocchio::JointModelRevoluteUnalignedTpl<double, 0>, pinocchio::JointModelSphericalTpl<double, 0>, pinocchio::JointModelSphericalZYXTpl<double, 0>, pinocchio::JointModelEllipsoidTpl<double, 0>, pinocchio::JointModelPrismaticTpl<double, 0, 0>, pinocchio::JointModelPrismaticTpl<double, 0, 1>, pinocchio::JointModelPrismaticTpl<double, 0, 2>, pinocchio::JointModelPrismaticUnalignedTpl<double, 0>, pinocchio::JointModelTranslationTpl<double, 0>, pinocchio::JointModelRevoluteUnboundedTpl<double, 0, 0>, pinocchio::JointModelRevoluteUnboundedTpl<double, 0, 1>, pinocchio::JointModelRevoluteUnboundedTpl<double, 0, 2>, pinocchio::JointModelRevoluteUnboundedUnalignedTpl<double, 0>, pinocchio::JointModelHelicalTpl<double, 0, 0>, pinocchio::JointModelHelicalTpl<double, 0, 1>, pinocchio::JointModelHelicalTpl<double, 0, 2>, pinocchio::JointModelHelicalUnalignedTpl<double, 0>, pinocchio::JointModelUniversalTpl<double, 0>, boost::recursive_wrapper<pinocchio::JointModelCompositeTpl<double, 0, pinocchio::JointCollectionDefaultTpl> >, boost::recursive_wrapper<pinocchio::JointModelMimicTpl<double, 0, pinocchio::JointCollectionDefaultTpl> >}][m[K’
 1767 |     [01;36m[Kvariant[m[K(variant&& operand) BOOST_NOEXCEPT_IF(variant_move_noexcept_constructible::type::value)
      |     [01;36m[K^~~~~~~[m[K
[01m[K/usr/include/boost/variant/variant.hpp:1767:23:[m[K [01;36m[Knote: [m[K  no known conversion for argument 1 from ‘[01m[Kconst JointModelDerived[m[K’ {aka ‘[01m[Kconst pinocchio::JointModelPrismaticUnalignedTpl<double>[m[K’} to ‘[01m[Kboost::variant<pinocchio::JointModelRevoluteTpl<double, 0, 0>, pinocchio::JointModelRevoluteTpl<double, 0, 1>, pinocchio::JointModelRevoluteTpl<double, 0, 2>, pinocchio::JointModelFreeFlyerTpl<double, 0>, pinocchio::JointModelPlanarTpl<double, 0>, pinocchio::JointModelRevoluteUnalignedTpl<double, 0>, pinocchio::JointModelSphericalTpl<double, 0>, pinocchio::JointModelSphericalZYXTpl<double, 0>, pinocchio::JointModelEllipsoidTpl<double, 0>, pinocchio::JointModelPrismaticTpl<double, 0, 0>, pinocchio::JointModelPrismaticTpl<double, 0, 1>, pinocchio::JointModelPrismaticTpl<double, 0, 2>, pinocchio::JointModelPrismaticUnalignedTpl<double, 0>, pinocchio::JointModelTranslationTpl<double, 0>, pinocchio::JointModelRevoluteUnboundedTpl<double, 0, 0>, pinocchio::JointModelRevoluteUnboundedTpl<double, 0, 1>, pinocchio::JointModelRevoluteUnboundedTpl<double, 0, 2>, pinocchio::JointModelRevoluteUnboundedUnalignedTpl<double, 0>, pinocchio::JointModelHelicalTpl<double, 0, 0>, pinocchio::JointModelHelicalTpl<double, 0, 1>, pinocchio::JointModelHelicalTpl<double, 0, 2>, pinocchio::JointModelHelicalUnalignedTpl<double, 0>, pinocchio::JointModelUniversalTpl<double, 0>, boost::recursive_wrapper<pinocchio::JointModelCompositeTpl<double, 0, pinocchio::JointCollectionDefaultTpl> >, boost::recursive_wrapper<pinocchio::JointModelMimicTpl<double, 0, pinocchio::JointCollectionDefaultTpl> > >&&[m[K’
 1767 |     variant([01;36m[Kvariant&& operand[m[K) BOOST_NOEXCEPT_IF(variant_move_noexcept_constructible::type::value)
      |             [01;36m[K~~~~~~~~~~^~~~~~~[m[K
[01m[K/usr/include/boost/variant/variant.hpp:1756:5:[m[K [01;36m[Knote: [m[Kcandidate: ‘[01m[Kboost::variant<T0, TN>::variant(const boost::variant<T0, TN>&) [with T0_ = pinocchio::JointModelRevoluteTpl<double, 0, 0>; TN = {pinocchio::JointModelRevoluteTpl<double, 0, 1>, pinocchio::JointModelRevoluteTpl<double, 0, 2>, pinocchio::JointModelFreeFlyerTpl<double, 0>, pinocchio::JointModelPlanarTpl<double, 0>, pinocchio::JointModelRevoluteUnalignedTpl<double, 0>, pinocchio::JointModelSphericalTpl<double, 0>, pinocchio::JointModelSphericalZYXTpl<double, 0>, pinocchio::JointModelEllipsoidTpl<double, 0>, pinocchio::JointModelPrismaticTpl<double, 0, 0>, pinocchio::JointModelPrismaticTpl<double, 0, 1>, pinocchio::JointModelPrismaticTpl<double, 0, 2>, pinocchio::JointModelPrismaticUnalignedTpl<double, 0>, pinocchio::JointModelTranslationTpl<double, 0>, pinocchio::JointModelRevoluteUnboundedTpl<double, 0, 0>, pinocchio::JointModelRevoluteUnboundedTpl<double, 0, 1>, pinocchio::JointModelRevoluteUnboundedTpl<double, 0, 2>, pinocchio::JointModelRevoluteUnboundedUnalignedTpl<double, 0>, pinocchio::JointModelHelicalTpl<double, 0, 0>, pinocchio::JointModelHelicalTpl<double, 0, 1>, pinocchio::JointModelHelicalTpl<double, 0, 2>, pinocchio::JointModelHelicalUnalignedTpl<double, 0>, pinocchio::JointModelUniversalTpl<double, 0>, boost::recursive_wrapper<pinocchio::JointModelCompositeTpl<double, 0, pinocchio::JointCollectionDefaultTpl> >, boost::recursive_wrapper<pinocchio::JointModelMimicTpl<double, 0, pinocchio::JointCollectionDefaultTpl> >}][m[K’
 1756 |     [01;36m[Kvariant[m[K(const variant& operand)
      |     [01;36m[K^~~~~~~[m[K
[01m[K/usr/include/boost/variant/variant.hpp:1756:28:[m[K [01;36m[Knote: [m[K  no known conversion for argument 1 from ‘[01m[Kconst JointModelDerived[m[K’ {aka ‘[01m[Kconst pinocchio::JointModelPrismaticUnalignedTpl<double>[m[K’} to ‘[01m[Kconst boost::variant<pinocchio::JointModelRevoluteTpl<double, 0, 0>, pinocchio::JointModelRevoluteTpl<double, 0, 1>, pinocchio::JointModelRevoluteTpl<double, 0, 2>, pinocchio::JointModelFreeFlyerTpl<double, 0>, pinocchio::JointModelPlanarTpl<double, 0>, pinocchio::JointModelRevoluteUnalignedTpl<double, 0>, pinocchio::JointModelSphericalTpl<double, 0>, pinocchio::JointModelSphericalZYXTpl<double, 0>, pinocchio::JointModelEllipsoidTpl<double, 0>, pinocchio::JointModelPrismaticTpl<double, 0, 0>, pinocchio::JointModelPrismaticTpl<double, 0, 1>, pinocchio::JointModelPrismaticTpl<double, 0, 2>, pinocchio::JointModelPrismaticUnalignedTpl<double, 0>, pinocchio::JointModelTranslationTpl<double, 0>, pinocchio::JointModelRevoluteUnboundedTpl<double, 0, 0>, pinocchio::JointModelRevoluteUnboundedTpl<double, 0, 1>, pinocchio::JointModelRevoluteUnboundedTpl<double, 0, 2>, pinocchio::JointModelRevoluteUnboundedUnalignedTpl<double, 0>, pinocchio::JointModelHelicalTpl<double, 0, 0>, pinocchio::JointModelHelicalTpl<double, 0, 1>, pinocchio::JointModelHelicalTpl<double, 0, 2>, pinocchio::JointModelHelicalUnalignedTpl<double, 0>, pinocchio::JointModelUniversalTpl<double, 0>, boost::recursive_wrapper<pinocchio::JointModelCompositeTpl<double, 0, pinocchio::JointCollectionDefaultTpl> >, boost::recursive_wrapper<pinocchio::JointModelMimicTpl<double, 0, pinocchio::JointCollectionDefaultTpl> > >&[m[K’
 1756 |     variant([01;36m[Kconst variant& operand[m[K)
      |             [01;36m[K~~~~~~~~~~~~~~~^~~~~~~[m[K
[01m[K/usr/include/boost/variant/variant.hpp:1375:5:[m[K [01;36m[Knote: [m[Kcandidate: ‘[01m[Kboost::variant<T0, TN>::variant() [with T0_ = pinocchio::JointModelRevoluteTpl<double, 0, 0>; TN = {pinocchio::JointModelRevoluteTpl<double, 0, 1>, pinocchio::JointModelRevoluteTpl<double, 0, 2>, pinocchio::JointModelFreeFlyerTpl<double, 0>, pinocchio::JointModelPlanarTpl<double, 0>, pinocchio::JointModelRevoluteUnalignedTpl<double, 0>, pinocchio::JointModelSphericalTpl<double, 0>, pinocchio::JointModelSphericalZYXTpl<double, 0>, pinocchio::JointModelEllipsoidTpl<double, 0>, pinocchio::JointModelPrismaticTpl<double, 0, 0>, pinocchio::JointModelPrismaticTpl<double, 0, 1>, pinocchio::JointModelPrismaticTpl<double, 0, 2>, pinocchio::JointModelPrismaticUnalignedTpl<double, 0>, pinocchio::JointModelTranslationTpl<double, 0>, pinocchio::JointModelRevoluteUnboundedTpl<double, 0, 0>, pinocchio::JointModelRevoluteUnboundedTpl<double, 0, 1>, pinocchio::JointModelRevoluteUnboundedTpl<double, 0, 2>, pinocchio::JointModelRevoluteUnboundedUnalignedTpl<double, 0>, pinocchio::JointModelHelicalTpl<double, 0, 0>, pinocchio::JointModelHelicalTpl<double, 0, 1>, pinocchio::JointModelHelicalTpl<double, 0, 2>, pinocchio::JointModelHelicalUnalignedTpl<double, 0>, pinocchio::JointModelUniversalTpl<double, 0>, boost::recursive_wrapper<pinocchio::JointModelCompositeTpl<double, 0, pinocchio::JointCollectionDefaultTpl> >, boost::recursive_wrapper<pinocchio::JointModelMimicTpl<double, 0, pinocchio::JointCollectionDefaultTpl> >}][m[K’
 1375 |     [01;36m[Kvariant[m[K()
      |     [01;36m[K^~~~~~~[m[K
[01m[K/usr/include/boost/variant/variant.hpp:1375:5:[m[K [01;36m[Knote: [m[K  candidate expects 0 arguments, 1 provided
In file included from [01m[K/usr/local/include/pinocchio/multibody/model.hpp:17[m[K,
                 from [01m[K/usr/local/include/pinocchio/algorithm/frames.hpp:8[m[K,
                 from [01m[K/home/pth/pth/model/Go2_simulator/src/controls/go2_controller/include/Tools/Pinocchio_Interface.hpp:5[m[K,
                 from [01m[K/home/pth/pth/model/Go2_simulator/src/controls/go2_controller/include/go2_controller.h:39[m[K,
                 from [01m[K/home/pth/pth/model/Go2_simulator/src/controls/go2_controller/include/Tools/TaskSpacePDControl.cpp:1[m[K:
/usr/local/include/pinocchio/multibody/joint/joint-generic.hpp: In instantiation of ‘[01m[Kpinocchio::JointModelTpl<Scalar, Options, JointCollectionTpl>::JointModelTpl(const pinocchio::JointModelBase<OtherDerived>&) [with JointModelDerived = pinocchio::JointModelMimicTpl<double>; _Scalar = double; int _Options = 0; JointCollectionTpl = pinocchio::JointCollectionDefaultTpl][m[K’:
[01m[K/usr/local/include/pinocchio/parsers/urdf/model.hxx:519:44:[m[K   required from ‘[01m[Kpinocchio::JointIndex pinocchio::urdf::details::UrdfVisitor<Scalar, Options, JointCollectionTpl>::addMimicJoint(const Frame&, const SE3&, const string&, const VectorConstRef&, const VectorConstRef&, const VectorConstRef&, const VectorConstRef&, const VectorConstRef&, const VectorConstRef&, const MimicInfo_&) [with TypeX = pinocchio::JointModelRevoluteTpl<double, 0, 0>; TypeY = pinocchio::JointModelRevoluteTpl<double, 0, 1>; TypeZ = pinocchio::JointModelRevoluteTpl<double, 0, 2>; TypeUnaligned = pinocchio::JointModelRevoluteUnalignedTpl<double>; Scalar = double; int Options = 0; JointCollectionTpl = pinocchio::JointCollectionDefaultTpl; pinocchio::JointIndex = long unsigned int; pinocchio::urdf::details::UrdfVisitor<Scalar, Options, JointCollectionTpl>::Frame = pinocchio::FrameTpl<double, 0>; pinocchio::urdf::details::UrdfVisitor<Scalar, Options, JointCollectionTpl>::SE3 = pinocchio::SE3Tpl<double, 0>; std::string = std::__cxx11::basic_string<char>; pinocchio::urdf::details::UrdfVisitor<Scalar, Options, JointCollectionTpl>::VectorConstRef = Eigen::Ref<const Eigen::Matrix<double, -1, 1> >; pinocchio::urdf::details::UrdfVisitor<Scalar, Options, JointCollectionTpl>::MimicInfo_ = pinocchio::urdf::details::MimicInfo<double, 0>][m[K’
[01m[K/usr/local/include/pinocchio/parsers/urdf/model.hxx:302:26:[m[K   required from ‘[01m[Kvoid pinocchio::urdf::details::UrdfVisitor<Scalar, Options, JointCollectionTpl>::addJointAndBody(pinocchio::urdf::details::UrdfVisitor<Scalar, Options, JointCollectionTpl>::JointType, const Vector3&, const FrameIndex&, const SE3&, const string&, const Inertia&, const SE3&, const string&, const VectorConstRef&, const VectorConstRef&, const VectorConstRef&, const VectorConstRef&, const VectorConstRef&, const VectorConstRef&, const boost::optional<pinocchio::urdf::details::MimicInfo<_Scalar, Options> >&) [with Scalar = double; int Options = 0; JointCollectionTpl = pinocchio::JointCollectionDefaultTpl; pinocchio::urdf::details::UrdfVisitor<Scalar, Options, JointCollectionTpl>::JointType = pinocchio::urdf::details::UrdfVisitorBaseTpl<double, 0>::JointType; pinocchio::urdf::details::UrdfVisitor<Scalar, Options, JointCollectionTpl>::Vector3 = Eigen::Matrix<double, 3, 1>; pinocchio::FrameIndex = long unsigned int; pinocchio::urdf::details::UrdfVisitor<Scalar, Options, JointCollectionTpl>::SE3 = pinocchio::SE3Tpl<double, 0>; std::string = std::__cxx11::basic_string<char>; pinocchio::urdf::details::UrdfVisitor<Scalar, Options, JointCollectionTpl>::Inertia = pinocchio::InertiaTpl<double, 0>; pinocchio::urdf::details::UrdfVisitor<Scalar, Options, JointCollectionTpl>::VectorConstRef = Eigen::Ref<const Eigen::Matrix<double, -1, 1> >][m[K’
[01m[K/usr/local/include/pinocchio/parsers/urdf/model.hxx:234:14:[m[K   required from here
[01m[K/usr/local/include/pinocchio/multibody/joint/joint-generic.hpp:304:25:[m[K [01;31m[Kerror: [m[Kno matching function for call to ‘[01m[Kboost::variant<pinocchio::JointModelRevoluteTpl<double, 0, 0>, pinocchio::JointModelRevoluteTpl<double, 0, 1>, pinocchio::JointModelRevoluteTpl<double, 0, 2>, pinocchio::JointModelFreeFlyerTpl<double, 0>, pinocchio::JointModelPlanarTpl<double, 0>, pinocchio::JointModelRevoluteUnalignedTpl<double, 0>, pinocchio::JointModelSphericalTpl<double, 0>, pinocchio::JointModelSphericalZYXTpl<double, 0>, pinocchio::JointModelEllipsoidTpl<double, 0>, pinocchio::JointModelPrismaticTpl<double, 0, 0>, pinocchio::JointModelPrismaticTpl<double, 0, 1>, pinocchio::JointModelPrismaticTpl<double, 0, 2>, pinocchio::JointModelPrismaticUnalignedTpl<double, 0>, pinocchio::JointModelTranslationTpl<double, 0>, pinocchio::JointModelRevoluteUnboundedTpl<double, 0, 0>, pinocchio::JointModelRevoluteUnboundedTpl<double, 0, 1>, pinocchio::JointModelRevoluteUnboundedTpl<double, 0, 2>, pinocchio::JointModelRevoluteUnboundedUnalignedTpl<double, 0>, pinocchio::JointModelHelicalTpl<double, 0, 0>, pinocchio::JointModelHelicalTpl<double, 0, 1>, pinocchio::JointModelHelicalTpl<double, 0, 2>, pinocchio::JointModelHelicalUnalignedTpl<double, 0>, pinocchio::JointModelUniversalTpl<double, 0>, boost::recursive_wrapper<pinocchio::JointModelCompositeTpl<double, 0, pinocchio::JointCollectionDefaultTpl> >, boost::recursive_wrapper<pinocchio::JointModelMimicTpl<double, 0, pinocchio::JointCollectionDefaultTpl> > >::variant(const JointModelDerived&)[m[K’
  304 |     : JointModelVariant((JointModelVariant)jmodel.derived())
In file included from [01m[K/usr/include/boost/signals2/slot_base.hpp:22[m[K,
                 from [01m[K/usr/include/boost/signals2/detail/tracked_objects_visitor.hpp:18[m[K,
                 from [01m[K/usr/include/boost/signals2/slot.hpp:22[m[K,
                 from [01m[K/usr/include/boost/signals2/connection.hpp:24[m[K,
                 from [01m[K/usr/include/boost/signals2/signal.hpp:22[m[K,
                 from [01m[K/usr/include/boost/signals2.hpp:19[m[K,
                 from [01m[K/opt/ros/noetic/include/tf/tf.h:46[m[K,
                 from [01m[K/home/pth/pth/model/Go2_simulator/src/controls/go2_controller/include/go2_controller.h:28[m[K,
                 from [01m[K/home/pth/pth/model/Go2_simulator/src/controls/go2_controller/include/Tools/TaskSpacePDControl.cpp:1[m[K:
[01m[K/usr/include/boost/variant/variant.hpp:1767:5:[m[K [01;36m[Knote: [m[Kcandidate: ‘[01m[Kboost::variant<T0, TN>::variant(boost::variant<T0, TN>&&) [with T0_ = pinocchio::JointModelRevoluteTpl<double, 0, 0>; TN = {pinocchio::JointModelRevoluteTpl<double, 0, 1>, pinocchio::JointModelRevoluteTpl<double, 0, 2>, pinocchio::JointModelFreeFlyerTpl<double, 0>, pinocchio::JointModelPlanarTpl<double, 0>, pinocchio::JointModelRevoluteUnalignedTpl<double, 0>, pinocchio::JointModelSphericalTpl<double, 0>, pinocchio::JointModelSphericalZYXTpl<double, 0>, pinocchio::JointModelEllipsoidTpl<double, 0>, pinocchio::JointModelPrismaticTpl<double, 0, 0>, pinocchio::JointModelPrismaticTpl<double, 0, 1>, pinocchio::JointModelPrismaticTpl<double, 0, 2>, pinocchio::JointModelPrismaticUnalignedTpl<double, 0>, pinocchio::JointModelTranslationTpl<double, 0>, pinocchio::JointModelRevoluteUnboundedTpl<double, 0, 0>, pinocchio::JointModelRevoluteUnboundedTpl<double, 0, 1>, pinocchio::JointModelRevoluteUnboundedTpl<double, 0, 2>, pinocchio::JointModelRevoluteUnboundedUnalignedTpl<double, 0>, pinocchio::JointModelHelicalTpl<double, 0, 0>, pinocchio::JointModelHelicalTpl<double, 0, 1>, pinocchio::JointModelHelicalTpl<double, 0, 2>, pinocchio::JointModelHelicalUnalignedTpl<double, 0>, pinocchio::JointModelUniversalTpl<double, 0>, boost::recursive_wrapper<pinocchio::JointModelCompositeTpl<double, 0, pinocchio::JointCollectionDefaultTpl> >, boost::recursive_wrapper<pinocchio::JointModelMimicTpl<double, 0, pinocchio::JointCollectionDefaultTpl> >}][m[K’
 1767 |     [01;36m[Kvariant[m[K(variant&& operand) BOOST_NOEXCEPT_IF(variant_move_noexcept_constructible::type::value)
      |     [01;36m[K^~~~~~~[m[K
[01m[K/usr/include/boost/variant/variant.hpp:1767:23:[m[K [01;36m[Knote: [m[K  no known conversion for argument 1 from ‘[01m[Kconst JointModelDerived[m[K’ {aka ‘[01m[Kconst pinocchio::JointModelMimicTpl<double>[m[K’} to ‘[01m[Kboost::variant<pinocchio::JointModelRevoluteTpl<double, 0, 0>, pinocchio::JointModelRevoluteTpl<double, 0, 1>, pinocchio::JointModelRevoluteTpl<double, 0, 2>, pinocchio::JointModelFreeFlyerTpl<double, 0>, pinocchio::JointModelPlanarTpl<double, 0>, pinocchio::JointModelRevoluteUnalignedTpl<double, 0>, pinocchio::JointModelSphericalTpl<double, 0>, pinocchio::JointModelSphericalZYXTpl<double, 0>, pinocchio::JointModelEllipsoidTpl<double, 0>, pinocchio::JointModelPrismaticTpl<double, 0, 0>, pinocchio::JointModelPrismaticTpl<double, 0, 1>, pinocchio::JointModelPrismaticTpl<double, 0, 2>, pinocchio::JointModelPrismaticUnalignedTpl<double, 0>, pinocchio::JointModelTranslationTpl<double, 0>, pinocchio::JointModelRevoluteUnboundedTpl<double, 0, 0>, pinocchio::JointModelRevoluteUnboundedTpl<double, 0, 1>, pinocchio::JointModelRevoluteUnboundedTpl<double, 0, 2>, pinocchio::JointModelRevoluteUnboundedUnalignedTpl<double, 0>, pinocchio::JointModelHelicalTpl<double, 0, 0>, pinocchio::JointModelHelicalTpl<double, 0, 1>, pinocchio::JointModelHelicalTpl<double, 0, 2>, pinocchio::JointModelHelicalUnalignedTpl<double, 0>, pinocchio::JointModelUniversalTpl<double, 0>, boost::recursive_wrapper<pinocchio::JointModelCompositeTpl<double, 0, pinocchio::JointCollectionDefaultTpl> >, boost::recursive_wrapper<pinocchio::JointModelMimicTpl<double, 0, pinocchio::JointCollectionDefaultTpl> > >&&[m[K’
 1767 |     variant([01;36m[Kvariant&& operand[m[K) BOOST_NOEXCEPT_IF(variant_move_noexcept_constructible::type::value)
      |             [01;36m[K~~~~~~~~~~^~~~~~~[m[K
[01m[K/usr/include/boost/variant/variant.hpp:1756:5:[m[K [01;36m[Knote: [m[Kcandidate: ‘[01m[Kboost::variant<T0, TN>::variant(const boost::variant<T0, TN>&) [with T0_ = pinocchio::JointModelRevoluteTpl<double, 0, 0>; TN = {pinocchio::JointModelRevoluteTpl<double, 0, 1>, pinocchio::JointModelRevoluteTpl<double, 0, 2>, pinocchio::JointModelFreeFlyerTpl<double, 0>, pinocchio::JointModelPlanarTpl<double, 0>, pinocchio::JointModelRevoluteUnalignedTpl<double, 0>, pinocchio::JointModelSphericalTpl<double, 0>, pinocchio::JointModelSphericalZYXTpl<double, 0>, pinocchio::JointModelEllipsoidTpl<double, 0>, pinocchio::JointModelPrismaticTpl<double, 0, 0>, pinocchio::JointModelPrismaticTpl<double, 0, 1>, pinocchio::JointModelPrismaticTpl<double, 0, 2>, pinocchio::JointModelPrismaticUnalignedTpl<double, 0>, pinocchio::JointModelTranslationTpl<double, 0>, pinocchio::JointModelRevoluteUnboundedTpl<double, 0, 0>, pinocchio::JointModelRevoluteUnboundedTpl<double, 0, 1>, pinocchio::JointModelRevoluteUnboundedTpl<double, 0, 2>, pinocchio::JointModelRevoluteUnboundedUnalignedTpl<double, 0>, pinocchio::JointModelHelicalTpl<double, 0, 0>, pinocchio::JointModelHelicalTpl<double, 0, 1>, pinocchio::JointModelHelicalTpl<double, 0, 2>, pinocchio::JointModelHelicalUnalignedTpl<double, 0>, pinocchio::JointModelUniversalTpl<double, 0>, boost::recursive_wrapper<pinocchio::JointModelCompositeTpl<double, 0, pinocchio::JointCollectionDefaultTpl> >, boost::recursive_wrapper<pinocchio::JointModelMimicTpl<double, 0, pinocchio::JointCollectionDefaultTpl> >}][m[K’
 1756 |     [01;36m[Kvariant[m[K(const variant& operand)
      |     [01;36m[K^~~~~~~[m[K
[01m[K/usr/include/boost/variant/variant.hpp:1756:28:[m[K [01;36m[Knote: [m[K  no known conversion for argument 1 from ‘[01m[Kconst JointModelDerived[m[K’ {aka ‘[01m[Kconst pinocchio::JointModelMimicTpl<double>[m[K’} to ‘[01m[Kconst boost::variant<pinocchio::JointModelRevoluteTpl<double, 0, 0>, pinocchio::JointModelRevoluteTpl<double, 0, 1>, pinocchio::JointModelRevoluteTpl<double, 0, 2>, pinocchio::JointModelFreeFlyerTpl<double, 0>, pinocchio::JointModelPlanarTpl<double, 0>, pinocchio::JointModelRevoluteUnalignedTpl<double, 0>, pinocchio::JointModelSphericalTpl<double, 0>, pinocchio::JointModelSphericalZYXTpl<double, 0>, pinocchio::JointModelEllipsoidTpl<double, 0>, pinocchio::JointModelPrismaticTpl<double, 0, 0>, pinocchio::JointModelPrismaticTpl<double, 0, 1>, pinocchio::JointModelPrismaticTpl<double, 0, 2>, pinocchio::JointModelPrismaticUnalignedTpl<double, 0>, pinocchio::JointModelTranslationTpl<double, 0>, pinocchio::JointModelRevoluteUnboundedTpl<double, 0, 0>, pinocchio::JointModelRevoluteUnboundedTpl<double, 0, 1>, pinocchio::JointModelRevoluteUnboundedTpl<double, 0, 2>, pinocchio::JointModelRevoluteUnboundedUnalignedTpl<double, 0>, pinocchio::JointModelHelicalTpl<double, 0, 0>, pinocchio::JointModelHelicalTpl<double, 0, 1>, pinocchio::JointModelHelicalTpl<double, 0, 2>, pinocchio::JointModelHelicalUnalignedTpl<double, 0>, pinocchio::JointModelUniversalTpl<double, 0>, boost::recursive_wrapper<pinocchio::JointModelCompositeTpl<double, 0, pinocchio::JointCollectionDefaultTpl> >, boost::recursive_wrapper<pinocchio::JointModelMimicTpl<double, 0, pinocchio::JointCollectionDefaultTpl> > >&[m[K’
 1756 |     variant([01;36m[Kconst variant& operand[m[K)
      |             [01;36m[K~~~~~~~~~~~~~~~^~~~~~~[m[K
[01m[K/usr/include/boost/variant/variant.hpp:1375:5:[m[K [01;36m[Knote: [m[Kcandidate: ‘[01m[Kboost::variant<T0, TN>::variant() [with T0_ = pinocchio::JointModelRevoluteTpl<double, 0, 0>; TN = {pinocchio::JointModelRevoluteTpl<double, 0, 1>, pinocchio::JointModelRevoluteTpl<double, 0, 2>, pinocchio::JointModelFreeFlyerTpl<double, 0>, pinocchio::JointModelPlanarTpl<double, 0>, pinocchio::JointModelRevoluteUnalignedTpl<double, 0>, pinocchio::JointModelSphericalTpl<double, 0>, pinocchio::JointModelSphericalZYXTpl<double, 0>, pinocchio::JointModelEllipsoidTpl<double, 0>, pinocchio::JointModelPrismaticTpl<double, 0, 0>, pinocchio::JointModelPrismaticTpl<double, 0, 1>, pinocchio::JointModelPrismaticTpl<double, 0, 2>, pinocchio::JointModelPrismaticUnalignedTpl<double, 0>, pinocchio::JointModelTranslationTpl<double, 0>, pinocchio::JointModelRevoluteUnboundedTpl<double, 0, 0>, pinocchio::JointModelRevoluteUnboundedTpl<double, 0, 1>, pinocchio::JointModelRevoluteUnboundedTpl<double, 0, 2>, pinocchio::JointModelRevoluteUnboundedUnalignedTpl<double, 0>, pinocchio::JointModelHelicalTpl<double, 0, 0>, pinocchio::JointModelHelicalTpl<double, 0, 1>, pinocchio::JointModelHelicalTpl<double, 0, 2>, pinocchio::JointModelHelicalUnalignedTpl<double, 0>, pinocchio::JointModelUniversalTpl<double, 0>, boost::recursive_wrapper<pinocchio::JointModelCompositeTpl<double, 0, pinocchio::JointCollectionDefaultTpl> >, boost::recursive_wrapper<pinocchio::JointModelMimicTpl<double, 0, pinocchio::JointCollectionDefaultTpl> >}][m[K’
 1375 |     [01;36m[Kvariant[m[K()
      |     [01;36m[K^~~~~~~[m[K
[01m[K/usr/include/boost/variant/variant.hpp:1375:5:[m[K [01;36m[Knote: [m[K  candidate expects 0 arguments, 1 provided
In file included from [01m[K/usr/include/boost/math/policies/policy.hpp:20[m[K,
                 from [01m[K/usr/include/boost/math/policies/error_handling.hpp:21[m[K,
                 from [01m[K/usr/include/boost/math/special_functions/round.hpp:14[m[K,
                 from [01m[K/opt/ros/noetic/include/ros/time.h:58[m[K,
                 from [01m[K/opt/ros/noetic/include/ros/ros.h:38[m[K,
                 from [01m[K/home/pth/pth/model/Go2_simulator/src/controls/go2_controller/include/go2_controller.h:4[m[K,
                 from [01m[K/home/pth/pth/model/Go2_simulator/src/controls/go2_controller/include/Tools/TaskSpacePDControl.cpp:1[m[K:
/usr/include/boost/variant/get.hpp: In instantiation of ‘[01m[Ktypename boost::add_pointer<T>::type boost::strict_get(boost::variant<T0, TN ...>*) [with U = pinocchio::JointModelMimicTpl<double>; T0 = pinocchio::JointModelRevoluteTpl<double, 0, 0>; TN = {pinocchio::JointModelRevoluteTpl<double, 0, 1>, pinocchio::JointModelRevoluteTpl<double, 0, 2>, pinocchio::JointModelFreeFlyerTpl<double, 0>, pinocchio::JointModelPlanarTpl<double, 0>, pinocchio::JointModelRevoluteUnalignedTpl<double, 0>, pinocchio::JointModelSphericalTpl<double, 0>, pinocchio::JointModelSphericalZYXTpl<double, 0>, pinocchio::JointModelEllipsoidTpl<double, 0>, pinocchio::JointModelPrismaticTpl<double, 0, 0>, pinocchio::JointModelPrismaticTpl<double, 0, 1>, pinocchio::JointModelPrismaticTpl<double, 0, 2>, pinocchio::JointModelPrismaticUnalignedTpl<double, 0>, pinocchio::JointModelTranslationTpl<double, 0>, pinocchio::JointModelRevoluteUnboundedTpl<double, 0, 0>, pinocchio::JointModelRevoluteUnboundedTpl<double, 0, 1>, pinocchio::JointModelRevoluteUnboundedTpl<double, 0, 2>, pinocchio::JointModelRevoluteUnboundedUnalignedTpl<double, 0>, pinocchio::JointModelHelicalTpl<double, 0, 0>, pinocchio::JointModelHelicalTpl<double, 0, 1>, pinocchio::JointModelHelicalTpl<double, 0, 2>, pinocchio::JointModelHelicalUnalignedTpl<double, 0>, pinocchio::JointModelUniversalTpl<double, 0>, boost::recursive_wrapper<pinocchio::JointModelCompositeTpl<double, 0, pinocchio::JointCollectionDefaultTpl> >, boost::recursive_wrapper<pinocchio::JointModelMimicTpl<double, 0, pinocchio::JointCollectionDefaultTpl> >}; typename boost::add_pointer<T>::type = pinocchio::JointModelMimicTpl<double>*][m[K’:
[01m[K/usr/include/boost/variant/get.hpp:314:25:[m[K   required from ‘[01m[Ktypename boost::add_pointer<T>::type boost::get(boost::variant<T0, TN ...>*) [with U = pinocchio::JointModelMimicTpl<double>; T0 = pinocchio::JointModelRevoluteTpl<double, 0, 0>; TN = {pinocchio::JointModelRevoluteTpl<double, 0, 1>, pinocchio::JointModelRevoluteTpl<double, 0, 2>, pinocchio::JointModelFreeFlyerTpl<double, 0>, pinocchio::JointModelPlanarTpl<double, 0>, pinocchio::JointModelRevoluteUnalignedTpl<double, 0>, pinocchio::JointModelSphericalTpl<double, 0>, pinocchio::JointModelSphericalZYXTpl<double, 0>, pinocchio::JointModelEllipsoidTpl<double, 0>, pinocchio::JointModelPrismaticTpl<double, 0, 0>, pinocchio::JointModelPrismaticTpl<double, 0, 1>, pinocchio::JointModelPrismaticTpl<double, 0, 2>, pinocchio::JointModelPrismaticUnalignedTpl<double, 0>, pinocchio::JointModelTranslationTpl<double, 0>, pinocchio::JointModelRevoluteUnboundedTpl<double, 0, 0>, pinocchio::JointModelRevoluteUnboundedTpl<double, 0, 1>, pinocchio::JointModelRevoluteUnboundedTpl<double, 0, 2>, pinocchio::JointModelRevoluteUnboundedUnalignedTpl<double, 0>, pinocchio::JointModelHelicalTpl<double, 0, 0>, pinocchio::JointModelHelicalTpl<double, 0, 1>, pinocchio::JointModelHelicalTpl<double, 0, 2>, pinocchio::JointModelHelicalUnalignedTpl<double, 0>, pinocchio::JointModelUniversalTpl<double, 0>, boost::recursive_wrapper<pinocchio::JointModelCompositeTpl<double, 0, pinocchio::JointCollectionDefaultTpl> >, boost::recursive_wrapper<pinocchio::JointModelMimicTpl<double, 0, pinocchio::JointCollectionDefaultTpl> >}; typename boost::add_pointer<T>::type = pinocchio::JointModelMimicTpl<double>*][m[K’
[01m[K/usr/local/include/pinocchio/multibody/model.hxx:161:91:[m[K   required from ‘[01m[Kpinocchio::ModelTpl<_Scalar, _Options, JointCollectionTpl>::JointIndex pinocchio::ModelTpl<_Scalar, _Options, JointCollectionTpl>::addJoint(pinocchio::ModelTpl<_Scalar, _Options, JointCollectionTpl>::JointIndex, const JointModel&, const SE3&, const string&, const VectorXs&, const VectorXs&, const VectorXs&, const VectorXs&, const VectorXs&, const VectorXs&) [with _Scalar = double; int _Options = 0; JointCollectionTpl = pinocchio::JointCollectionDefaultTpl; pinocchio::ModelTpl<_Scalar, _Options, JointCollectionTpl>::JointIndex = long unsigned int; pinocchio::ModelTpl<_Scalar, _Options, JointCollectionTpl>::JointModel = pinocchio::JointModelTpl<double>; pinocchio::ModelTpl<_Scalar, _Options, JointCollectionTpl>::SE3 = pinocchio::SE3Tpl<double, 0>; std::string = std::__cxx11::basic_string<char>; pinocchio::ModelTpl<_Scalar, _Options, JointCollectionTpl>::VectorXs = Eigen::Matrix<double, -1, 1>][m[K’
[01m[K/usr/local/include/pinocchio/parsers/urdf/model.hxx:256:22:[m[K   required from ‘[01m[Kvoid pinocchio::urdf::details::UrdfVisitor<Scalar, Options, JointCollectionTpl>::addJointAndBody(pinocchio::urdf::details::UrdfVisitor<Scalar, Options, JointCollectionTpl>::JointType, const Vector3&, const FrameIndex&, const SE3&, const string&, const Inertia&, const SE3&, const string&, const VectorConstRef&, const VectorConstRef&, const VectorConstRef&, const VectorConstRef&, const VectorConstRef&, const VectorConstRef&, const boost::optional<pinocchio::urdf::details::MimicInfo<_Scalar, Options> >&) [with Scalar = double; int Options = 0; JointCollectionTpl = pinocchio::JointCollectionDefaultTpl; pinocchio::urdf::details::UrdfVisitor<Scalar, Options, JointCollectionTpl>::JointType = pinocchio::urdf::details::UrdfVisitorBaseTpl<double, 0>::JointType; pinocchio::urdf::details::UrdfVisitor<Scalar, Options, JointCollectionTpl>::Vector3 = Eigen::Matrix<double, 3, 1>; pinocchio::FrameIndex = long unsigned int; pinocchio::urdf::details::UrdfVisitor<Scalar, Options, JointCollectionTpl>::SE3 = pinocchio::SE3Tpl<double, 0>; std::string = std::__cxx11::basic_string<char>; pinocchio::urdf::details::UrdfVisitor<Scalar, Options, JointCollectionTpl>::Inertia = pinocchio::InertiaTpl<double, 0>; pinocchio::urdf::details::UrdfVisitor<Scalar, Options, JointCollectionTpl>::VectorConstRef = Eigen::Ref<const Eigen::Matrix<double, -1, 1> >][m[K’
[01m[K/usr/local/include/pinocchio/parsers/urdf/model.hxx:234:14:[m[K   required from here
[01m[K/usr/include/boost/variant/get.hpp:215:5:[m[K [01;31m[Kerror: [m[K‘[01m[Kvalue[m[K’ is not a member of ‘[01m[Kboost::detail::variant::holds_element<boost::variant<pinocchio::JointModelRevoluteTpl<double, 0, 0>, pinocchio::JointModelRevoluteTpl<double, 0, 1>, pinocchio::JointModelRevoluteTpl<double, 0, 2>, pinocchio::JointModelFreeFlyerTpl<double, 0>, pinocchio::JointModelPlanarTpl<double, 0>, pinocchio::JointModelRevoluteUnalignedTpl<double, 0>, pinocchio::JointModelSphericalTpl<double, 0>, pinocchio::JointModelSphericalZYXTpl<double, 0>, pinocchio::JointModelEllipsoidTpl<double, 0>, pinocchio::JointModelPrismaticTpl<double, 0, 0>, pinocchio::JointModelPrismaticTpl<double, 0, 1>, pinocchio::JointModelPrismaticTpl<double, 0, 2>, pinocchio::JointModelPrismaticUnalignedTpl<double, 0>, pinocchio::JointModelTranslationTpl<double, 0>, pinocchio::JointModelRevoluteUnboundedTpl<double, 0, 0>, pinocchio::JointModelRevoluteUnboundedTpl<double, 0, 1>, pinocchio::JointModelRevoluteUnboundedTpl<double, 0, 2>, pinocchio::JointModelRevoluteUnboundedUnalignedTpl<double, 0>, pinocchio::JointModelHelicalTpl<double, 0, 0>, pinocchio::JointModelHelicalTpl<double, 0, 1>, pinocchio::JointModelHelicalTpl<double, 0, 2>, pinocchio::JointModelHelicalUnalignedTpl<double, 0>, pinocchio::JointModelUniversalTpl<double, 0>, boost::recursive_wrapper<pinocchio::JointModelCompositeTpl<double, 0, pinocchio::JointCollectionDefaultTpl> >, boost::recursive_wrapper<pinocchio::JointModelMimicTpl<double, 0, pinocchio::JointCollectionDefaultTpl> > >, pinocchio::JointModelMimicTpl<double> >[m[K’
  215 |     [01;31m[KBOOST_STATIC_ASSERT_MSG[m[K(
      |     [01;31m[K^~~~~~~~~~~~~~~~~~~~~~~[m[K
In file included from [01m[K/usr/include/boost/signals2/slot_base.hpp:22[m[K,
                 from [01m[K/usr/include/boost/signals2/detail/tracked_objects_visitor.hpp:18[m[K,
                 from [01m[K/usr/include/boost/signals2/slot.hpp:22[m[K,
                 from [01m[K/usr/include/boost/signals2/connection.hpp:24[m[K,
                 from [01m[K/usr/include/boost/signals2/signal.hpp:22[m[K,
                 from [01m[K/usr/include/boost/signals2.hpp:19[m[K,
                 from [01m[K/opt/ros/noetic/include/tf/tf.h:46[m[K,
                 from [01m[K/home/pth/pth/model/Go2_simulator/src/controls/go2_controller/include/go2_controller.h:28[m[K,
                 from [01m[K/home/pth/pth/model/Go2_simulator/src/controls/go2_controller/include/Tools/TaskSpacePDControl.cpp:1[m[K:
/usr/include/boost/variant/variant.hpp: In instantiation of ‘[01m[Kboost::variant<T0, TN>::variant(boost::variant<T0, TN>&&) [with T0_ = pinocchio::JointModelRevoluteTpl<double, 0, 0>; TN = {pinocchio::JointModelRevoluteTpl<double, 0, 1>, pinocchio::JointModelRevoluteTpl<double, 0, 2>, pinocchio::JointModelFreeFlyerTpl<double, 0>, pinocchio::JointModelPlanarTpl<double, 0>, pinocchio::JointModelRevoluteUnalignedTpl<double, 0>, pinocchio::JointModelSphericalTpl<double, 0>, pinocchio::JointModelSphericalZYXTpl<double, 0>, pinocchio::JointModelEllipsoidTpl<double, 0>, pinocchio::JointModelPrismaticTpl<double, 0, 0>, pinocchio::JointModelPrismaticTpl<double, 0, 1>, pinocchio::JointModelPrismaticTpl<double, 0, 2>, pinocchio::JointModelPrismaticUnalignedTpl<double, 0>, pinocchio::JointModelTranslationTpl<double, 0>, pinocchio::JointModelRevoluteUnboundedTpl<double, 0, 0>, pinocchio::JointModelRevoluteUnboundedTpl<double, 0, 1>, pinocchio::JointModelRevoluteUnboundedTpl<double, 0, 2>, pinocchio::JointModelRevoluteUnboundedUnalignedTpl<double, 0>, pinocchio::JointModelHelicalTpl<double, 0, 0>, pinocchio::JointModelHelicalTpl<double, 0, 1>, pinocchio::JointModelHelicalTpl<double, 0, 2>, pinocchio::JointModelHelicalUnalignedTpl<double, 0>, pinocchio::JointModelUniversalTpl<double, 0>, boost::recursive_wrapper<pinocchio::JointModelCompositeTpl<double, 0, pinocchio::JointCollectionDefaultTpl> >, boost::recursive_wrapper<pinocchio::JointModelMimicTpl<double, 0, pinocchio::JointCollectionDefaultTpl> >}][m[K’:
[01m[K/usr/local/include/pinocchio/multibody/joint/joint-generic.hpp:262:10:[m[K   required from ‘[01m[Kpinocchio::JointModelMimicTpl<Scalar, Options, JointCollectionTpl>::JointModelMimicTpl(const pinocchio::JointModelBase<OtherDerived>&, const pinocchio::JointModelBase<JointModelMimicked>&, const Scalar&, const Scalar&) [with JointModelMimicking = pinocchio::JointModelRevoluteTpl<double, 0, 0>; JointModelMimicked = pinocchio::JointModelTpl<double>; _Scalar = double; int _Options = 0; JointCollectionTpl = pinocchio::JointCollectionDefaultTpl; pinocchio::JointModelMimicTpl<Scalar, Options, JointCollectionTpl>::Scalar = double][m[K’
[01m[K/usr/local/include/pinocchio/parsers/urdf/model.hxx:516:41:[m[K   required from ‘[01m[Kpinocchio::JointIndex pinocchio::urdf::details::UrdfVisitor<Scalar, Options, JointCollectionTpl>::addMimicJoint(const Frame&, const SE3&, const string&, const VectorConstRef&, const VectorConstRef&, const VectorConstRef&, const VectorConstRef&, const VectorConstRef&, const VectorConstRef&, const MimicInfo_&) [with TypeX = pinocchio::JointModelRevoluteTpl<double, 0, 0>; TypeY = pinocchio::JointModelRevoluteTpl<double, 0, 1>; TypeZ = pinocchio::JointModelRevoluteTpl<double, 0, 2>; TypeUnaligned = pinocchio::JointModelRevoluteUnalignedTpl<double>; Scalar = double; int Options = 0; JointCollectionTpl = pinocchio::JointCollectionDefaultTpl; pinocchio::JointIndex = long unsigned int; pinocchio::urdf::details::UrdfVisitor<Scalar, Options, JointCollectionTpl>::Frame = pinocchio::FrameTpl<double, 0>; pinocchio::urdf::details::UrdfVisitor<Scalar, Options, JointCollectionTpl>::SE3 = pinocchio::SE3Tpl<double, 0>; std::string = std::__cxx11::basic_string<char>; pinocchio::urdf::details::UrdfVisitor<Scalar, Options, JointCollectionTpl>::VectorConstRef = Eigen::Ref<const Eigen::Matrix<double, -1, 1> >; pinocchio::urdf::details::UrdfVisitor<Scalar, Options, JointCollectionTpl>::MimicInfo_ = pinocchio::urdf::details::MimicInfo<double, 0>][m[K’
[01m[K/usr/local/include/pinocchio/parsers/urdf/model.hxx:302:26:[m[K   required from ‘[01m[Kvoid pinocchio::urdf::details::UrdfVisitor<Scalar, Options, JointCollectionTpl>::addJointAndBody(pinocchio::urdf::details::UrdfVisitor<Scalar, Options, JointCollectionTpl>::JointType, const Vector3&, const FrameIndex&, const SE3&, const string&, const Inertia&, const SE3&, const string&, const VectorConstRef&, const VectorConstRef&, const VectorConstRef&, const VectorConstRef&, const VectorConstRef&, const VectorConstRef&, const boost::optional<pinocchio::urdf::details::MimicInfo<_Scalar, Options> >&) [with Scalar = double; int Options = 0; JointCollectionTpl = pinocchio::JointCollectionDefaultTpl; pinocchio::urdf::details::UrdfVisitor<Scalar, Options, JointCollectionTpl>::JointType = pinocchio::urdf::details::UrdfVisitorBaseTpl<double, 0>::JointType; pinocchio::urdf::details::UrdfVisitor<Scalar, Options, JointCollectionTpl>::Vector3 = Eigen::Matrix<double, 3, 1>; pinocchio::FrameIndex = long unsigned int; pinocchio::urdf::details::UrdfVisitor<Scalar, Options, JointCollectionTpl>::SE3 = pinocchio::SE3Tpl<double, 0>; std::string = std::__cxx11::basic_string<char>; pinocchio::urdf::details::UrdfVisitor<Scalar, Options, JointCollectionTpl>::Inertia = pinocchio::InertiaTpl<double, 0>; pinocchio::urdf::details::UrdfVisitor<Scalar, Options, JointCollectionTpl>::VectorConstRef = Eigen::Ref<const Eigen::Matrix<double, -1, 1> >][m[K’
[01m[K/usr/local/include/pinocchio/parsers/urdf/model.hxx:234:14:[m[K   required from here
[01m[K/usr/include/boost/variant/variant.hpp:1770:45:[m[K [01;31m[Kerror: [m[Kusing invalid field ‘[01m[Kboost::variant<T0, TN>::storage_[m[K’
 1770 |         detail::variant::move_into visitor( [01;31m[Kstorage_[m[K.address() );
      |                                             [01;31m[K^~~~~~~~[m[K
/usr/include/boost/variant/variant.hpp: In instantiation of ‘[01m[Ktypename Visitor::result_type boost::variant<T0, TN>::internal_apply_visitor(Visitor&) const [with Visitor = boost::detail::variant::invoke_visitor<const pinocchio::CheckMimicVisitor<pinocchio::JointModelTpl<double> >, false>; T0_ = pinocchio::JointModelRevoluteTpl<double, 0, 0>; TN = {pinocchio::JointModelRevoluteTpl<double, 0, 1>, pinocchio::JointModelRevoluteTpl<double, 0, 2>, pinocchio::JointModelFreeFlyerTpl<double, 0>, pinocchio::JointModelPlanarTpl<double, 0>, pinocchio::JointModelRevoluteUnalignedTpl<double, 0>, pinocchio::JointModelSphericalTpl<double, 0>, pinocchio::JointModelSphericalZYXTpl<double, 0>, pinocchio::JointModelEllipsoidTpl<double, 0>, pinocchio::JointModelPrismaticTpl<double, 0, 0>, pinocchio::JointModelPrismaticTpl<double, 0, 1>, pinocchio::JointModelPrismaticTpl<double, 0, 2>, pinocchio::JointModelPrismaticUnalignedTpl<double, 0>, pinocchio::JointModelTranslationTpl<double, 0>, pinocchio::JointModelRevoluteUnboundedTpl<double, 0, 0>, pinocchio::JointModelRevoluteUnboundedTpl<double, 0, 1>, pinocchio::JointModelRevoluteUnboundedTpl<double, 0, 2>, pinocchio::JointModelRevoluteUnboundedUnalignedTpl<double, 0>, pinocchio::JointModelHelicalTpl<double, 0, 0>, pinocchio::JointModelHelicalTpl<double, 0, 1>, pinocchio::JointModelHelicalTpl<double, 0, 2>, pinocchio::JointModelHelicalUnalignedTpl<double, 0>, pinocchio::JointModelUniversalTpl<double, 0>, boost::recursive_wrapper<pinocchio::JointModelCompositeTpl<double, 0, pinocchio::JointCollectionDefaultTpl> >, boost::recursive_wrapper<pinocchio::JointModelMimicTpl<double, 0, pinocchio::JointCollectionDefaultTpl> >}; typename Visitor::result_type = pinocchio::JointModelTpl<double>][m[K’:
[01m[K/usr/include/boost/variant/variant.hpp:2401:52:[m[K   required from ‘[01m[Ktypename Visitor::result_type boost::variant<T0, TN>::apply_visitor(Visitor&) const & [with Visitor = const pinocchio::CheckMimicVisitor<pinocchio::JointModelTpl<double> >; T0_ = pinocchio::JointModelRevoluteTpl<double, 0, 0>; TN = {pinocchio::JointModelRevoluteTpl<double, 0, 1>, pinocchio::JointModelRevoluteTpl<double, 0, 2>, pinocchio::JointModelFreeFlyerTpl<double, 0>, pinocchio::JointModelPlanarTpl<double, 0>, pinocchio::JointModelRevoluteUnalignedTpl<double, 0>, pinocchio::JointModelSphericalTpl<double, 0>, pinocchio::JointModelSphericalZYXTpl<double, 0>, pinocchio::JointModelEllipsoidTpl<double, 0>, pinocchio::JointModelPrismaticTpl<double, 0, 0>, pinocchio::JointModelPrismaticTpl<double, 0, 1>, pinocchio::JointModelPrismaticTpl<double, 0, 2>, pinocchio::JointModelPrismaticUnalignedTpl<double, 0>, pinocchio::JointModelTranslationTpl<double, 0>, pinocchio::JointModelRevoluteUnboundedTpl<double, 0, 0>, pinocchio::JointModelRevoluteUnboundedTpl<double, 0, 1>, pinocchio::JointModelRevoluteUnboundedTpl<double, 0, 2>, pinocchio::JointModelRevoluteUnboundedUnalignedTpl<double, 0>, pinocchio::JointModelHelicalTpl<double, 0, 0>, pinocchio::JointModelHelicalTpl<double, 0, 1>, pinocchio::JointModelHelicalTpl<double, 0, 2>, pinocchio::JointModelHelicalUnalignedTpl<double, 0>, pinocchio::JointModelUniversalTpl<double, 0>, boost::recursive_wrapper<pinocchio::JointModelCompositeTpl<double, 0, pinocchio::JointCollectionDefaultTpl> >, boost::recursive_wrapper<pinocchio::JointModelMimicTpl<double, 0, pinocchio::JointCollectionDefaultTpl> >}; typename Visitor::result_type = pinocchio::JointModelTpl<double>][m[K’
[01m[K/usr/include/boost/variant/detail/apply_visitor_unary.hpp:68:72:[m[K   required from ‘[01m[Ktypename Visitor::result_type boost::apply_visitor(const Visitor&, Visitable&&) [with Visitor = pinocchio::CheckMimicVisitor<pinocchio::JointModelTpl<double> >; Visitable = const pinocchio::JointModelTpl<double>&; typename Visitor::result_type = pinocchio::JointModelTpl<double>][m[K’
[01m[K/usr/local/include/pinocchio/multibody/joint/joint-basic-visitors.hxx:987:32:[m[K   required from ‘[01m[KJointModel pinocchio::checkMimic(const JointModel&) [with JointModel = pinocchio::JointModelTpl<double>][m[K’
[01m[K/usr/local/include/pinocchio/multibody/joint/joint-mimic.hpp:603:36:[m[K   required from ‘[01m[Kpinocchio::JointModelMimicTpl<Scalar, Options, JointCollectionTpl>::JointModelMimicTpl(const pinocchio::JointModelBase<OtherDerived>&, const pinocchio::JointModelBase<JointModelMimicked>&, const Scalar&, const Scalar&) [with JointModelMimicking = pinocchio::JointModelRevoluteTpl<double, 0, 0>; JointModelMimicked = pinocchio::JointModelTpl<double>; _Scalar = double; int _Options = 0; JointCollectionTpl = pinocchio::JointCollectionDefaultTpl; pinocchio::JointModelMimicTpl<Scalar, Options, JointCollectionTpl>::Scalar = double][m[K’
[01m[K/usr/local/include/pinocchio/parsers/urdf/model.hxx:516:41:[m[K   required from ‘[01m[Kpinocchio::JointIndex pinocchio::urdf::details::UrdfVisitor<Scalar, Options, JointCollectionTpl>::addMimicJoint(const Frame&, const SE3&, const string&, const VectorConstRef&, const VectorConstRef&, const VectorConstRef&, const VectorConstRef&, const VectorConstRef&, const VectorConstRef&, const MimicInfo_&) [with TypeX = pinocchio::JointModelRevoluteTpl<double, 0, 0>; TypeY = pinocchio::JointModelRevoluteTpl<double, 0, 1>; TypeZ = pinocchio::JointModelRevoluteTpl<double, 0, 2>; TypeUnaligned = pinocchio::JointModelRevoluteUnalignedTpl<double>; Scalar = double; int Options = 0; JointCollectionTpl = pinocchio::JointCollectionDefaultTpl; pinocchio::JointIndex = long unsigned int; pinocchio::urdf::details::UrdfVisitor<Scalar, Options, JointCollectionTpl>::Frame = pinocchio::FrameTpl<double, 0>; pinocchio::urdf::details::UrdfVisitor<Scalar, Options, JointCollectionTpl>::SE3 = pinocchio::SE3Tpl<double, 0>; std::string = std::__cxx11::basic_string<char>; pinocchio::urdf::details::UrdfVisitor<Scalar, Options, JointCollectionTpl>::VectorConstRef = Eigen::Ref<const Eigen::Matrix<double, -1, 1> >; pinocchio::urdf::details::UrdfVisitor<Scalar, Options, JointCollectionTpl>::MimicInfo_ = pinocchio::urdf::details::MimicInfo<double, 0>][m[K’
[01m[K/usr/local/include/pinocchio/parsers/urdf/model.hxx:302:26:[m[K   required from ‘[01m[Kvoid pinocchio::urdf::details::UrdfVisitor<Scalar, Options, JointCollectionTpl>::addJointAndBody(pinocchio::urdf::details::UrdfVisitor<Scalar, Options, JointCollectionTpl>::JointType, const Vector3&, const FrameIndex&, const SE3&, const string&, const Inertia&, const SE3&, const string&, const VectorConstRef&, const VectorConstRef&, const VectorConstRef&, const VectorConstRef&, const VectorConstRef&, const VectorConstRef&, const boost::optional<pinocchio::urdf::details::MimicInfo<_Scalar, Options> >&) [with Scalar = double; int Options = 0; JointCollectionTpl = pinocchio::JointCollectionDefaultTpl; pinocchio::urdf::details::UrdfVisitor<Scalar, Options, JointCollectionTpl>::JointType = pinocchio::urdf::details::UrdfVisitorBaseTpl<double, 0>::JointType; pinocchio::urdf::details::UrdfVisitor<Scalar, Options, JointCollectionTpl>::Vector3 = Eigen::Matrix<double, 3, 1>; pinocchio::FrameIndex = long unsigned int; pinocchio::urdf::details::UrdfVisitor<Scalar, Options, JointCollectionTpl>::SE3 = pinocchio::SE3Tpl<double, 0>; std::string = std::__cxx11::basic_string<char>; pinocchio::urdf::details::UrdfVisitor<Scalar, Options, JointCollectionTpl>::Inertia = pinocchio::InertiaTpl<double, 0>; pinocchio::urdf::details::UrdfVisitor<Scalar, Options, JointCollectionTpl>::VectorConstRef = Eigen::Ref<const Eigen::Matrix<double, -1, 1> >][m[K’
[01m[K/usr/local/include/pinocchio/parsers/urdf/model.hxx:234:14:[m[K   required from here
[01m[K/usr/include/boost/variant/variant.hpp:2356:41:[m[K [01;31m[Kerror: [m[Kusing invalid field ‘[01m[Kboost::variant<T0, TN>::storage_[m[K’
 2356 |               which_, which(), visitor, [01;31m[Kstorage_[m[K.address()
      |                                         [01;31m[K^~~~~~~~[m[K
/usr/include/boost/variant/variant.hpp: In instantiation of ‘[01m[Ktypename Visitor::result_type boost::variant<T0, TN>::internal_apply_visitor(Visitor&) [with Visitor = boost::detail::variant::invoke_visitor<const pinocchio::JointSetIndexesVisitor, false>; T0_ = pinocchio::JointModelRevoluteTpl<double, 0, 0>; TN = {pinocchio::JointModelRevoluteTpl<double, 0, 1>, pinocchio::JointModelRevoluteTpl<double, 0, 2>, pinocchio::JointModelFreeFlyerTpl<double, 0>, pinocchio::JointModelPlanarTpl<double, 0>, pinocchio::JointModelRevoluteUnalignedTpl<double, 0>, pinocchio::JointModelSphericalTpl<double, 0>, pinocchio::JointModelSphericalZYXTpl<double, 0>, pinocchio::JointModelEllipsoidTpl<double, 0>, pinocchio::JointModelPrismaticTpl<double, 0, 0>, pinocchio::JointModelPrismaticTpl<double, 0, 1>, pinocchio::JointModelPrismaticTpl<double, 0, 2>, pinocchio::JointModelPrismaticUnalignedTpl<double, 0>, pinocchio::JointModelTranslationTpl<double, 0>, pinocchio::JointModelRevoluteUnboundedTpl<double, 0, 0>, pinocchio::JointModelRevoluteUnboundedTpl<double, 0, 1>, pinocchio::JointModelRevoluteUnboundedTpl<double, 0, 2>, pinocchio::JointModelRevoluteUnboundedUnalignedTpl<double, 0>, pinocchio::JointModelHelicalTpl<double, 0, 0>, pinocchio::JointModelHelicalTpl<double, 0, 1>, pinocchio::JointModelHelicalTpl<double, 0, 2>, pinocchio::JointModelHelicalUnalignedTpl<double, 0>, pinocchio::JointModelUniversalTpl<double, 0>, boost::recursive_wrapper<pinocchio::JointModelCompositeTpl<double, 0, pinocchio::JointCollectionDefaultTpl> >, boost::recursive_wrapper<pinocchio::JointModelMimicTpl<double, 0, pinocchio::JointCollectionDefaultTpl> >}; typename Visitor::result_type = void][m[K’:
[01m[K/usr/include/boost/variant/variant.hpp:2390:52:[m[K   required from ‘[01m[Ktypename Visitor::result_type boost::variant<T0, TN>::apply_visitor(Visitor&) & [with Visitor = const pinocchio::JointSetIndexesVisitor; T0_ = pinocchio::JointModelRevoluteTpl<double, 0, 0>; TN = {pinocchio::JointModelRevoluteTpl<double, 0, 1>, pinocchio::JointModelRevoluteTpl<double, 0, 2>, pinocchio::JointModelFreeFlyerTpl<double, 0>, pinocchio::JointModelPlanarTpl<double, 0>, pinocchio::JointModelRevoluteUnalignedTpl<double, 0>, pinocchio::JointModelSphericalTpl<double, 0>, pinocchio::JointModelSphericalZYXTpl<double, 0>, pinocchio::JointModelEllipsoidTpl<double, 0>, pinocchio::JointModelPrismaticTpl<double, 0, 0>, pinocchio::JointModelPrismaticTpl<double, 0, 1>, pinocchio::JointModelPrismaticTpl<double, 0, 2>, pinocchio::JointModelPrismaticUnalignedTpl<double, 0>, pinocchio::JointModelTranslationTpl<double, 0>, pinocchio::JointModelRevoluteUnboundedTpl<double, 0, 0>, pinocchio::JointModelRevoluteUnboundedTpl<double, 0, 1>, pinocchio::JointModelRevoluteUnboundedTpl<double, 0, 2>, pinocchio::JointModelRevoluteUnboundedUnalignedTpl<double, 0>, pinocchio::JointModelHelicalTpl<double, 0, 0>, pinocchio::JointModelHelicalTpl<double, 0, 1>, pinocchio::JointModelHelicalTpl<double, 0, 2>, pinocchio::JointModelHelicalUnalignedTpl<double, 0>, pinocchio::JointModelUniversalTpl<double, 0>, boost::recursive_wrapper<pinocchio::JointModelCompositeTpl<double, 0, pinocchio::JointCollectionDefaultTpl> >, boost::recursive_wrapper<pinocchio::JointModelMimicTpl<double, 0, pinocchio::JointCollectionDefaultTpl> >}; typename Visitor::result_type = void][m[K’
[01m[K/usr/include/boost/variant/detail/apply_visitor_unary.hpp:68:72:[m[K   required from ‘[01m[Ktypename Visitor::result_type boost::apply_visitor(const Visitor&, Visitable&&) [with Visitor = pinocchio::JointSetIndexesVisitor; Visitable = pinocchio::JointModelTpl<double>&; typename Visitor::result_type = void][m[K’
[01m[K/usr/local/include/pinocchio/multibody/joint/joint-basic-visitors.hxx:474:34:[m[K   required from ‘[01m[Kstatic void pinocchio::JointSetIndexesVisitor::run(pinocchio::JointModelTpl<Scalar, Options, JointCollectionTpl>&, pinocchio::JointIndex, int, int, int) [with Scalar = double; int Options = 0; JointCollectionTpl = pinocchio::JointCollectionDefaultTpl; pinocchio::JointIndex = long unsigned int][m[K’
[01m[K/usr/local/include/pinocchio/multibody/joint/joint-basic-visitors.hxx:486:39:[m[K   required from ‘[01m[Kvoid pinocchio::setIndexes(pinocchio::JointModelTpl<Scalar, Options, JointCollectionTpl>&, pinocchio::JointIndex, int, int, int) [with Scalar = double; int Options = 0; JointCollectionTpl = pinocchio::JointCollectionDefaultTpl; pinocchio::JointIndex = long unsigned int][m[K’
[01m[K/usr/local/include/pinocchio/multibody/joint/joint-generic.hpp:457:30:[m[K   required from ‘[01m[Kvoid pinocchio::JointModelTpl<Scalar, Options, JointCollectionTpl>::setIndexes(pinocchio::JointIndex, int, int, int) [with _Scalar = double; int _Options = 0; JointCollectionTpl = pinocchio::JointCollectionDefaultTpl; pinocchio::JointIndex = long unsigned int][m[K’
[01m[K/usr/local/include/pinocchio/multibody/model.hxx:101:5:[m[K   required from ‘[01m[Kpinocchio::ModelTpl<_Scalar, _Options, JointCollectionTpl>::JointIndex pinocchio::ModelTpl<_Scalar, _Options, JointCollectionTpl>::addJoint(pinocchio::ModelTpl<_Scalar, _Options, JointCollectionTpl>::JointIndex, const JointModel&, const SE3&, const string&, const VectorXs&, const VectorXs&, const VectorXs&, const VectorXs&, const VectorXs&, const VectorXs&) [with _Scalar = double; int _Options = 0; JointCollectionTpl = pinocchio::JointCollectionDefaultTpl; pinocchio::ModelTpl<_Scalar, _Options, JointCollectionTpl>::JointIndex = long unsigned int; pinocchio::ModelTpl<_Scalar, _Options, JointCollectionTpl>::JointModel = pinocchio::JointModelTpl<double>; pinocchio::ModelTpl<_Scalar, _Options, JointCollectionTpl>::SE3 = pinocchio::SE3Tpl<double, 0>; std::string = std::__cxx11::basic_string<char>; pinocchio::ModelTpl<_Scalar, _Options, JointCollectionTpl>::VectorXs = Eigen::Matrix<double, -1, 1>][m[K’
[01m[K/usr/local/include/pinocchio/parsers/urdf/model.hxx:256:22:[m[K   required from ‘[01m[Kvoid pinocchio::urdf::details::UrdfVisitor<Scalar, Options, JointCollectionTpl>::addJointAndBody(pinocchio::urdf::details::UrdfVisitor<Scalar, Options, JointCollectionTpl>::JointType, const Vector3&, const FrameIndex&, const SE3&, const string&, const Inertia&, const SE3&, const string&, const VectorConstRef&, const VectorConstRef&, const VectorConstRef&, const VectorConstRef&, const VectorConstRef&, const VectorConstRef&, const boost::optional<pinocchio::urdf::details::MimicInfo<_Scalar, Options> >&) [with Scalar = double; int Options = 0; JointCollectionTpl = pinocchio::JointCollectionDefaultTpl; pinocchio::urdf::details::UrdfVisitor<Scalar, Options, JointCollectionTpl>::JointType = pinocchio::urdf::details::UrdfVisitorBaseTpl<double, 0>::JointType; pinocchio::urdf::details::UrdfVisitor<Scalar, Options, JointCollectionTpl>::Vector3 = Eigen::Matrix<double, 3, 1>; pinocchio::FrameIndex = long unsigned int; pinocchio::urdf::details::UrdfVisitor<Scalar, Options, JointCollectionTpl>::SE3 = pinocchio::SE3Tpl<double, 0>; std::string = std::__cxx11::basic_string<char>; pinocchio::urdf::details::UrdfVisitor<Scalar, Options, JointCollectionTpl>::Inertia = pinocchio::InertiaTpl<double, 0>; pinocchio::urdf::details::UrdfVisitor<Scalar, Options, JointCollectionTpl>::VectorConstRef = Eigen::Ref<const Eigen::Matrix<double, -1, 1> >][m[K’
[01m[K/usr/local/include/pinocchio/parsers/urdf/model.hxx:234:14:[m[K   required from here
[01m[K/usr/include/boost/variant/variant.hpp:2347:41:[m[K [01;31m[Kerror: [m[Kusing invalid field ‘[01m[Kboost::variant<T0, TN>::storage_[m[K’
 2347 |               which_, which(), visitor, [01;31m[Kstorage_[m[K.address()
      |                                         [01;31m[K^~~~~~~~[m[K
[01m[K/usr/include/boost/variant/variant.hpp:2348:13:[m[K [01;31m[Kerror: [m[Kreturn-statement with a value, in function returning ‘[01m[Kboost::detail::variant::invoke_visitor<const pinocchio::JointSetIndexesVisitor, false>::result_type[m[K’ {aka ‘[01m[Kvoid[m[K’} [[01;31m[K-fpermissive[m[K]
 2348 |             [01;31m[K)[m[K;
      |             [01;31m[K^[m[K
/usr/include/boost/variant/variant.hpp: In instantiation of ‘[01m[Ktypename Visitor::result_type boost::variant<T0, TN>::internal_apply_visitor(Visitor&) const [with Visitor = boost::detail::variant::invoke_visitor<const pinocchio::JointNvVisitor, false>; T0_ = pinocchio::JointModelRevoluteTpl<double, 0, 0>; TN = {pinocchio::JointModelRevoluteTpl<double, 0, 1>, pinocchio::JointModelRevoluteTpl<double, 0, 2>, pinocchio::JointModelFreeFlyerTpl<double, 0>, pinocchio::JointModelPlanarTpl<double, 0>, pinocchio::JointModelRevoluteUnalignedTpl<double, 0>, pinocchio::JointModelSphericalTpl<double, 0>, pinocchio::JointModelSphericalZYXTpl<double, 0>, pinocchio::JointModelEllipsoidTpl<double, 0>, pinocchio::JointModelPrismaticTpl<double, 0, 0>, pinocchio::JointModelPrismaticTpl<double, 0, 1>, pinocchio::JointModelPrismaticTpl<double, 0, 2>, pinocchio::JointModelPrismaticUnalignedTpl<double, 0>, pinocchio::JointModelTranslationTpl<double, 0>, pinocchio::JointModelRevoluteUnboundedTpl<double, 0, 0>, pinocchio::JointModelRevoluteUnboundedTpl<double, 0, 1>, pinocchio::JointModelRevoluteUnboundedTpl<double, 0, 2>, pinocchio::JointModelRevoluteUnboundedUnalignedTpl<double, 0>, pinocchio::JointModelHelicalTpl<double, 0, 0>, pinocchio::JointModelHelicalTpl<double, 0, 1>, pinocchio::JointModelHelicalTpl<double, 0, 2>, pinocchio::JointModelHelicalUnalignedTpl<double, 0>, pinocchio::JointModelUniversalTpl<double, 0>, boost::recursive_wrapper<pinocchio::JointModelCompositeTpl<double, 0, pinocchio::JointCollectionDefaultTpl> >, boost::recursive_wrapper<pinocchio::JointModelMimicTpl<double, 0, pinocchio::JointCollectionDefaultTpl> >}; typename Visitor::result_type = int][m[K’:
[01m[K/usr/include/boost/variant/variant.hpp:2401:52:[m[K   required from ‘[01m[Ktypename Visitor::result_type boost::variant<T0, TN>::apply_visitor(Visitor&) const & [with Visitor = const pinocchio::JointNvVisitor; T0_ = pinocchio::JointModelRevoluteTpl<double, 0, 0>; TN = {pinocchio::JointModelRevoluteTpl<double, 0, 1>, pinocchio::JointModelRevoluteTpl<double, 0, 2>, pinocchio::JointModelFreeFlyerTpl<double, 0>, pinocchio::JointModelPlanarTpl<double, 0>, pinocchio::JointModelRevoluteUnalignedTpl<double, 0>, pinocchio::JointModelSphericalTpl<double, 0>, pinocchio::JointModelSphericalZYXTpl<double, 0>, pinocchio::JointModelEllipsoidTpl<double, 0>, pinocchio::JointModelPrismaticTpl<double, 0, 0>, pinocchio::JointModelPrismaticTpl<double, 0, 1>, pinocchio::JointModelPrismaticTpl<double, 0, 2>, pinocchio::JointModelPrismaticUnalignedTpl<double, 0>, pinocchio::JointModelTranslationTpl<double, 0>, pinocchio::JointModelRevoluteUnboundedTpl<double, 0, 0>, pinocchio::JointModelRevoluteUnboundedTpl<double, 0, 1>, pinocchio::JointModelRevoluteUnboundedTpl<double, 0, 2>, pinocchio::JointModelRevoluteUnboundedUnalignedTpl<double, 0>, pinocchio::JointModelHelicalTpl<double, 0, 0>, pinocchio::JointModelHelicalTpl<double, 0, 1>, pinocchio::JointModelHelicalTpl<double, 0, 2>, pinocchio::JointModelHelicalUnalignedTpl<double, 0>, pinocchio::JointModelUniversalTpl<double, 0>, boost::recursive_wrapper<pinocchio::JointModelCompositeTpl<double, 0, pinocchio::JointCollectionDefaultTpl> >, boost::recursive_wrapper<pinocchio::JointModelMimicTpl<double, 0, pinocchio::JointCollectionDefaultTpl> >}; typename Visitor::result_type = int][m[K’
[01m[K/usr/include/boost/variant/detail/apply_visitor_unary.hpp:68:72:[m[K   required from ‘[01m[Ktypename Visitor::result_type boost::apply_visitor(const Visitor&, Visitable&&) [with Visitor = pinocchio::JointNvVisitor; Visitable = const pinocchio::JointModelTpl<double>&; typename Visitor::result_type = int][m[K’
[01m[K/usr/local/include/pinocchio/multibody/joint/joint-basic-visitors.hxx:236:34:[m[K   required from ‘[01m[Kstatic int pinocchio::JointNvVisitor::run(const pinocchio::JointModelTpl<Scalar, Options, JointCollectionTpl>&) [with Scalar = double; int Options = 0; JointCollectionTpl = pinocchio::JointCollectionDefaultTpl][m[K’
[01m[K/usr/local/include/pinocchio/multibody/joint/joint-basic-visitors.hxx:243:31:[m[K   required from ‘[01m[Kint pinocchio::nv(const pinocchio::JointModelTpl<Scalar, Options, JointCollectionTpl>&) [with Scalar = double; int Options = 0; JointCollectionTpl = pinocchio::JointCollectionDefaultTpl][m[K’
[01m[K/usr/local/include/pinocchio/multibody/joint/joint-generic.hpp:425:29:[m[K   required from ‘[01m[Kint pinocchio::JointModelTpl<Scalar, Options, JointCollectionTpl>::nv_impl() const [with _Scalar = double; int _Options = 0; JointCollectionTpl = pinocchio::JointCollectionDefaultTpl][m[K’
[01m[K/usr/local/include/pinocchio/multibody/joint/joint-model-base.hpp:146:32:[m[K   required from ‘[01m[Kint pinocchio::JointModelBase<Derived>::nv() const [with Derived = pinocchio::JointModelTpl<double>][m[K’
[01m[K/usr/local/include/pinocchio/multibody/model.hxx:79:5:[m[K   required from ‘[01m[Kpinocchio::ModelTpl<_Scalar, _Options, JointCollectionTpl>::JointIndex pinocchio::ModelTpl<_Scalar, _Options, JointCollectionTpl>::addJoint(pinocchio::ModelTpl<_Scalar, _Options, JointCollectionTpl>::JointIndex, const JointModel&, const SE3&, const string&, const VectorXs&, const VectorXs&, const VectorXs&, const VectorXs&, const VectorXs&, const VectorXs&) [with _Scalar = double; int _Options = 0; JointCollectionTpl = pinocchio::JointCollectionDefaultTpl; pinocchio::ModelTpl<_Scalar, _Options, JointCollectionTpl>::JointIndex = long unsigned int; pinocchio::ModelTpl<_Scalar, _Options, JointCollectionTpl>::JointModel = pinocchio::JointModelTpl<double>; pinocchio::ModelTpl<_Scalar, _Options, JointCollectionTpl>::SE3 = pinocchio::SE3Tpl<double, 0>; std::string = std::__cxx11::basic_string<char>; pinocchio::ModelTpl<_Scalar, _Options, JointCollectionTpl>::VectorXs = Eigen::Matrix<double, -1, 1>][m[K’
[01m[K/usr/local/include/pinocchio/parsers/urdf/model.hxx:256:22:[m[K   required from ‘[01m[Kvoid pinocchio::urdf::details::UrdfVisitor<Scalar, Options, JointCollectionTpl>::addJointAndBody(pinocchio::urdf::details::UrdfVisitor<Scalar, Options, JointCollectionTpl>::JointType, const Vector3&, const FrameIndex&, const SE3&, const string&, const Inertia&, const SE3&, const string&, const VectorConstRef&, const VectorConstRef&, const VectorConstRef&, const VectorConstRef&, const VectorConstRef&, const VectorConstRef&, const boost::optional<pinocchio::urdf::details::MimicInfo<_Scalar, Options> >&) [with Scalar = double; int Options = 0; JointCollectionTpl = pinocchio::JointCollectionDefaultTpl; pinocchio::urdf::details::UrdfVisitor<Scalar, Options, JointCollectionTpl>::JointType = pinocchio::urdf::details::UrdfVisitorBaseTpl<double, 0>::JointType; pinocchio::urdf::details::UrdfVisitor<Scalar, Options, JointCollectionTpl>::Vector3 = Eigen::Matrix<double, 3, 1>; pinocchio::FrameIndex = long unsigned int; pinocchio::urdf::details::UrdfVisitor<Scalar, Options, JointCollectionTpl>::SE3 = pinocchio::SE3Tpl<double, 0>; std::string = std::__cxx11::basic_string<char>; pinocchio::urdf::details::UrdfVisitor<Scalar, Options, JointCollectionTpl>::Inertia = pinocchio::InertiaTpl<double, 0>; pinocchio::urdf::details::UrdfVisitor<Scalar, Options, JointCollectionTpl>::VectorConstRef = Eigen::Ref<const Eigen::Matrix<double, -1, 1> >][m[K’
[01m[K/usr/local/include/pinocchio/parsers/urdf/model.hxx:234:14:[m[K   required from here
[01m[K/usr/include/boost/variant/variant.hpp:2356:41:[m[K [01;31m[Kerror: [m[Kusing invalid field ‘[01m[Kboost::variant<T0, TN>::storage_[m[K’
 2356 |               which_, which(), visitor, [01;31m[Kstorage_[m[K.address()
      |                                         [01;31m[K^~~~~~~~[m[K
/usr/include/boost/variant/variant.hpp: In instantiation of ‘[01m[Ktypename Visitor::result_type boost::variant<T0, TN>::internal_apply_visitor(Visitor&) const [with Visitor = boost::detail::variant::invoke_visitor<const pinocchio::JointNqVisitor, false>; T0_ = pinocchio::JointModelRevoluteTpl<double, 0, 0>; TN = {pinocchio::JointModelRevoluteTpl<double, 0, 1>, pinocchio::JointModelRevoluteTpl<double, 0, 2>, pinocchio::JointModelFreeFlyerTpl<double, 0>, pinocchio::JointModelPlanarTpl<double, 0>, pinocchio::JointModelRevoluteUnalignedTpl<double, 0>, pinocchio::JointModelSphericalTpl<double, 0>, pinocchio::JointModelSphericalZYXTpl<double, 0>, pinocchio::JointModelEllipsoidTpl<double, 0>, pinocchio::JointModelPrismaticTpl<double, 0, 0>, pinocchio::JointModelPrismaticTpl<double, 0, 1>, pinocchio::JointModelPrismaticTpl<double, 0, 2>, pinocchio::JointModelPrismaticUnalignedTpl<double, 0>, pinocchio::JointModelTranslationTpl<double, 0>, pinocchio::JointModelRevoluteUnboundedTpl<double, 0, 0>, pinocchio::JointModelRevoluteUnboundedTpl<double, 0, 1>, pinocchio::JointModelRevoluteUnboundedTpl<double, 0, 2>, pinocchio::JointModelRevoluteUnboundedUnalignedTpl<double, 0>, pinocchio::JointModelHelicalTpl<double, 0, 0>, pinocchio::JointModelHelicalTpl<double, 0, 1>, pinocchio::JointModelHelicalTpl<double, 0, 2>, pinocchio::JointModelHelicalUnalignedTpl<double, 0>, pinocchio::JointModelUniversalTpl<double, 0>, boost::recursive_wrapper<pinocchio::JointModelCompositeTpl<double, 0, pinocchio::JointCollectionDefaultTpl> >, boost::recursive_wrapper<pinocchio::JointModelMimicTpl<double, 0, pinocchio::JointCollectionDefaultTpl> >}; typename Visitor::result_type = int][m[K’:
[01m[K/usr/include/boost/variant/variant.hpp:2401:52:[m[K   required from ‘[01m[Ktypename Visitor::result_type boost::variant<T0, TN>::apply_visitor(Visitor&) const & [with Visitor = const pinocchio::JointNqVisitor; T0_ = pinocchio::JointModelRevoluteTpl<double, 0, 0>; TN = {pinocchio::JointModelRevoluteTpl<double, 0, 1>, pinocchio::JointModelRevoluteTpl<double, 0, 2>, pinocchio::JointModelFreeFlyerTpl<double, 0>, pinocchio::JointModelPlanarTpl<double, 0>, pinocchio::JointModelRevoluteUnalignedTpl<double, 0>, pinocchio::JointModelSphericalTpl<double, 0>, pinocchio::JointModelSphericalZYXTpl<double, 0>, pinocchio::JointModelEllipsoidTpl<double, 0>, pinocchio::JointModelPrismaticTpl<double, 0, 0>, pinocchio::JointModelPrismaticTpl<double, 0, 1>, pinocchio::JointModelPrismaticTpl<double, 0, 2>, pinocchio::JointModelPrismaticUnalignedTpl<double, 0>, pinocchio::JointModelTranslationTpl<double, 0>, pinocchio::JointModelRevoluteUnboundedTpl<double, 0, 0>, pinocchio::JointModelRevoluteUnboundedTpl<double, 0, 1>, pinocchio::JointModelRevoluteUnboundedTpl<double, 0, 2>, pinocchio::JointModelRevoluteUnboundedUnalignedTpl<double, 0>, pinocchio::JointModelHelicalTpl<double, 0, 0>, pinocchio::JointModelHelicalTpl<double, 0, 1>, pinocchio::JointModelHelicalTpl<double, 0, 2>, pinocchio::JointModelHelicalUnalignedTpl<double, 0>, pinocchio::JointModelUniversalTpl<double, 0>, boost::recursive_wrapper<pinocchio::JointModelCompositeTpl<double, 0, pinocchio::JointCollectionDefaultTpl> >, boost::recursive_wrapper<pinocchio::JointModelMimicTpl<double, 0, pinocchio::JointCollectionDefaultTpl> >}; typename Visitor::result_type = int][m[K’
[01m[K/usr/include/boost/variant/detail/apply_visitor_unary.hpp:68:72:[m[K   required from ‘[01m[Ktypename Visitor::result_type boost::apply_visitor(const Visitor&, Visitable&&) [with Visitor = pinocchio::JointNqVisitor; Visitable = const pinocchio::JointModelTpl<double>&; typename Visitor::result_type = int][m[K’
[01m[K/usr/local/include/pinocchio/multibody/joint/joint-basic-visitors.hxx:260:34:[m[K   required from ‘[01m[Kstatic int pinocchio::JointNqVisitor::run(const pinocchio::JointModelTpl<Scalar, Options, JointCollectionTpl>&) [with Scalar = double; int Options = 0; JointCollectionTpl = pinocchio::JointCollectionDefaultTpl][m[K’
[01m[K/usr/local/include/pinocchio/multibody/joint/joint-basic-visitors.hxx:267:31:[m[K   required from ‘[01m[Kint pinocchio::nq(const pinocchio::JointModelTpl<Scalar, Options, JointCollectionTpl>&) [with Scalar = double; int Options = 0; JointCollectionTpl = pinocchio::JointCollectionDefaultTpl][m[K’
[01m[K/usr/local/include/pinocchio/multibody/joint/joint-generic.hpp:421:29:[m[K   required from ‘[01m[Kint pinocchio::JointModelTpl<Scalar, Options, JointCollectionTpl>::nq_impl() const [with _Scalar = double; int _Options = 0; JointCollectionTpl = pinocchio::JointCollectionDefaultTpl][m[K’
[01m[K/usr/local/include/pinocchio/multibody/joint/joint-model-base.hpp:150:32:[m[K   required from ‘[01m[Kint pinocchio::JointModelBase<Derived>::nq() const [with Derived = pinocchio::JointModelTpl<double>][m[K’
[01m[K/usr/local/include/pinocchio/multibody/model.hxx:84:5:[m[K   required from ‘[01m[Kpinocchio::ModelTpl<_Scalar, _Options, JointCollectionTpl>::JointIndex pinocchio::ModelTpl<_Scalar, _Options, JointCollectionTpl>::addJoint(pinocchio::ModelTpl<_Scalar, _Options, JointCollectionTpl>::JointIndex, const JointModel&, const SE3&, const string&, const VectorXs&, const VectorXs&, const VectorXs&, const VectorXs&, const VectorXs&, const VectorXs&) [with _Scalar = double; int _Options = 0; JointCollectionTpl = pinocchio::JointCollectionDefaultTpl; pinocchio::ModelTpl<_Scalar, _Options, JointCollectionTpl>::JointIndex = long unsigned int; pinocchio::ModelTpl<_Scalar, _Options, JointCollectionTpl>::JointModel = pinocchio::JointModelTpl<double>; pinocchio::ModelTpl<_Scalar, _Options, JointCollectionTpl>::SE3 = pinocchio::SE3Tpl<double, 0>; std::string = std::__cxx11::basic_string<char>; pinocchio::ModelTpl<_Scalar, _Options, JointCollectionTpl>::VectorXs = Eigen::Matrix<double, -1, 1>][m[K’
[01m[K/usr/local/include/pinocchio/parsers/urdf/model.hxx:256:22:[m[K   required from ‘[01m[Kvoid pinocchio::urdf::details::UrdfVisitor<Scalar, Options, JointCollectionTpl>::addJointAndBody(pinocchio::urdf::details::UrdfVisitor<Scalar, Options, JointCollectionTpl>::JointType, const Vector3&, const FrameIndex&, const SE3&, const string&, const Inertia&, const SE3&, const string&, const VectorConstRef&, const VectorConstRef&, const VectorConstRef&, const VectorConstRef&, const VectorConstRef&, const VectorConstRef&, const boost::optional<pinocchio::urdf::details::MimicInfo<_Scalar, Options> >&) [with Scalar = double; int Options = 0; JointCollectionTpl = pinocchio::JointCollectionDefaultTpl; pinocchio::urdf::details::UrdfVisitor<Scalar, Options, JointCollectionTpl>::JointType = pinocchio::urdf::details::UrdfVisitorBaseTpl<double, 0>::JointType; pinocchio::urdf::details::UrdfVisitor<Scalar, Options, JointCollectionTpl>::Vector3 = Eigen::Matrix<double, 3, 1>; pinocchio::FrameIndex = long unsigned int; pinocchio::urdf::details::UrdfVisitor<Scalar, Options, JointCollectionTpl>::SE3 = pinocchio::SE3Tpl<double, 0>; std::string = std::__cxx11::basic_string<char>; pinocchio::urdf::details::UrdfVisitor<Scalar, Options, JointCollectionTpl>::Inertia = pinocchio::InertiaTpl<double, 0>; pinocchio::urdf::details::UrdfVisitor<Scalar, Options, JointCollectionTpl>::VectorConstRef = Eigen::Ref<const Eigen::Matrix<double, -1, 1> >][m[K’
[01m[K/usr/local/include/pinocchio/parsers/urdf/model.hxx:234:14:[m[K   required from here
[01m[K/usr/include/boost/variant/variant.hpp:2356:41:[m[K [01;31m[Kerror: [m[Kusing invalid field ‘[01m[Kboost::variant<T0, TN>::storage_[m[K’
/usr/include/boost/variant/variant.hpp: In instantiation of ‘[01m[Ktypename Visitor::result_type boost::variant<T0, TN>::internal_apply_visitor(Visitor&) const [with Visitor = boost::detail::variant::invoke_visitor<const pinocchio::JointIdxQVisitor, false>; T0_ = pinocchio::JointModelRevoluteTpl<double, 0, 0>; TN = {pinocchio::JointModelRevoluteTpl<double, 0, 1>, pinocchio::JointModelRevoluteTpl<double, 0, 2>, pinocchio::JointModelFreeFlyerTpl<double, 0>, pinocchio::JointModelPlanarTpl<double, 0>, pinocchio::JointModelRevoluteUnalignedTpl<double, 0>, pinocchio::JointModelSphericalTpl<double, 0>, pinocchio::JointModelSphericalZYXTpl<double, 0>, pinocchio::JointModelEllipsoidTpl<double, 0>, pinocchio::JointModelPrismaticTpl<double, 0, 0>, pinocchio::JointModelPrismaticTpl<double, 0, 1>, pinocchio::JointModelPrismaticTpl<double, 0, 2>, pinocchio::JointModelPrismaticUnalignedTpl<double, 0>, pinocchio::JointModelTranslationTpl<double, 0>, pinocchio::JointModelRevoluteUnboundedTpl<double, 0, 0>, pinocchio::JointModelRevoluteUnboundedTpl<double, 0, 1>, pinocchio::JointModelRevoluteUnboundedTpl<double, 0, 2>, pinocchio::JointModelRevoluteUnboundedUnalignedTpl<double, 0>, pinocchio::JointModelHelicalTpl<double, 0, 0>, pinocchio::JointModelHelicalTpl<double, 0, 1>, pinocchio::JointModelHelicalTpl<double, 0, 2>, pinocchio::JointModelHelicalUnalignedTpl<double, 0>, pinocchio::JointModelUniversalTpl<double, 0>, boost::recursive_wrapper<pinocchio::JointModelCompositeTpl<double, 0, pinocchio::JointCollectionDefaultTpl> >, boost::recursive_wrapper<pinocchio::JointModelMimicTpl<double, 0, pinocchio::JointCollectionDefaultTpl> >}; typename Visitor::result_type = int][m[K’:
[01m[K/usr/include/boost/variant/variant.hpp:2401:52:[m[K   required from ‘[01m[Ktypename Visitor::result_type boost::variant<T0, TN>::apply_visitor(Visitor&) const & [with Visitor = const pinocchio::JointIdxQVisitor; T0_ = pinocchio::JointModelRevoluteTpl<double, 0, 0>; TN = {pinocchio::JointModelRevoluteTpl<double, 0, 1>, pinocchio::JointModelRevoluteTpl<double, 0, 2>, pinocchio::JointModelFreeFlyerTpl<double, 0>, pinocchio::JointModelPlanarTpl<double, 0>, pinocchio::JointModelRevoluteUnalignedTpl<double, 0>, pinocchio::JointModelSphericalTpl<double, 0>, pinocchio::JointModelSphericalZYXTpl<double, 0>, pinocchio::JointModelEllipsoidTpl<double, 0>, pinocchio::JointModelPrismaticTpl<double, 0, 0>, pinocchio::JointModelPrismaticTpl<double, 0, 1>, pinocchio::JointModelPrismaticTpl<double, 0, 2>, pinocchio::JointModelPrismaticUnalignedTpl<double, 0>, pinocchio::JointModelTranslationTpl<double, 0>, pinocchio::JointModelRevoluteUnboundedTpl<double, 0, 0>, pinocchio::JointModelRevoluteUnboundedTpl<double, 0, 1>, pinocchio::JointModelRevoluteUnboundedTpl<double, 0, 2>, pinocchio::JointModelRevoluteUnboundedUnalignedTpl<double, 0>, pinocchio::JointModelHelicalTpl<double, 0, 0>, pinocchio::JointModelHelicalTpl<double, 0, 1>, pinocchio::JointModelHelicalTpl<double, 0, 2>, pinocchio::JointModelHelicalUnalignedTpl<double, 0>, pinocchio::JointModelUniversalTpl<double, 0>, boost::recursive_wrapper<pinocchio::JointModelCompositeTpl<double, 0, pinocchio::JointCollectionDefaultTpl> >, boost::recursive_wrapper<pinocchio::JointModelMimicTpl<double, 0, pinocchio::JointCollectionDefaultTpl> >}; typename Visitor::result_type = int][m[K’
[01m[K/usr/include/boost/variant/detail/apply_visitor_unary.hpp:68:72:[m[K   required from ‘[01m[Ktypename Visitor::result_type boost::apply_visitor(const Visitor&, Visitable&&) [with Visitor = pinocchio::JointIdxQVisitor; Visitable = const pinocchio::JointModelTpl<double>&; typename Visitor::result_type = int][m[K’
[01m[K/usr/local/include/pinocchio/multibody/joint/joint-basic-visitors.hxx:360:34:[m[K   required from ‘[01m[Kstatic int pinocchio::JointIdxQVisitor::run(const pinocchio::JointModelTpl<Scalar, Options, JointCollectionTpl>&) [with Scalar = double; int Options = 0; JointCollectionTpl = pinocchio::JointCollectionDefaultTpl][m[K’
[01m[K/usr/local/include/pinocchio/multibody/joint/joint-basic-visitors.hxx:367:33:[m[K   required from ‘[01m[Kint pinocchio::idx_q(const pinocchio::JointModelTpl<Scalar, Options, JointCollectionTpl>&) [with Scalar = double; int Options = 0; JointCollectionTpl = pinocchio::JointCollectionDefaultTpl][m[K’
[01m[K/usr/local/include/pinocchio/multibody/joint/joint-generic.hpp:434:32:[m[K   required from ‘[01m[Kint pinocchio::JointModelTpl<Scalar, Options, JointCollectionTpl>::idx_q_impl() const [with _Scalar = double; int _Options = 0; JointCollectionTpl = pinocchio::JointCollectionDefaultTpl][m[K’
[01m[K/usr/local/include/pinocchio/multibody/joint/joint-model-base.hpp:173:35:[m[K   required from ‘[01m[Kint pinocchio::JointModelBase<Derived>::idx_q() const [with Derived = pinocchio::JointModelTpl<double>][m[K’
[01m[K/usr/local/include/pinocchio/multibody/model.hxx:104:15:[m[K   required from ‘[01m[Kpinocchio::ModelTpl<_Scalar, _Options, JointCollectionTpl>::JointIndex pinocchio::ModelTpl<_Scalar, _Options, JointCollectionTpl>::addJoint(pinocchio::ModelTpl<_Scalar, _Options, JointCollectionTpl>::JointIndex, const JointModel&, const SE3&, const string&, const VectorXs&, const VectorXs&, const VectorXs&, const VectorXs&, const VectorXs&, const VectorXs&) [with _Scalar = double; int _Options = 0; JointCollectionTpl = pinocchio::JointCollectionDefaultTpl; pinocchio::ModelTpl<_Scalar, _Options, JointCollectionTpl>::JointIndex = long unsigned int; pinocchio::ModelTpl<_Scalar, _Options, JointCollectionTpl>::JointModel = pinocchio::JointModelTpl<double>; pinocchio::ModelTpl<_Scalar, _Options, JointCollectionTpl>::SE3 = pinocchio::SE3Tpl<double, 0>; std::string = std::__cxx11::basic_string<char>; pinocchio::ModelTpl<_Scalar, _Options, JointCollectionTpl>::VectorXs = Eigen::Matrix<double, -1, 1>][m[K’
[01m[K/usr/local/include/pinocchio/parsers/urdf/model.hxx:256:22:[m[K   required from ‘[01m[Kvoid pinocchio::urdf::details::UrdfVisitor<Scalar, Options, JointCollectionTpl>::addJointAndBody(pinocchio::urdf::details::UrdfVisitor<Scalar, Options, JointCollectionTpl>::JointType, const Vector3&, const FrameIndex&, const SE3&, const string&, const Inertia&, const SE3&, const string&, const VectorConstRef&, const VectorConstRef&, const VectorConstRef&, const VectorConstRef&, const VectorConstRef&, const VectorConstRef&, const boost::optional<pinocchio::urdf::details::MimicInfo<_Scalar, Options> >&) [with Scalar = double; int Options = 0; JointCollectionTpl = pinocchio::JointCollectionDefaultTpl; pinocchio::urdf::details::UrdfVisitor<Scalar, Options, JointCollectionTpl>::JointType = pinocchio::urdf::details::UrdfVisitorBaseTpl<double, 0>::JointType; pinocchio::urdf::details::UrdfVisitor<Scalar, Options, JointCollectionTpl>::Vector3 = Eigen::Matrix<double, 3, 1>; pinocchio::FrameIndex = long unsigned int; pinocchio::urdf::details::UrdfVisitor<Scalar, Options, JointCollectionTpl>::SE3 = pinocchio::SE3Tpl<double, 0>; std::string = std::__cxx11::basic_string<char>; pinocchio::urdf::details::UrdfVisitor<Scalar, Options, JointCollectionTpl>::Inertia = pinocchio::InertiaTpl<double, 0>; pinocchio::urdf::details::UrdfVisitor<Scalar, Options, JointCollectionTpl>::VectorConstRef = Eigen::Ref<const Eigen::Matrix<double, -1, 1> >][m[K’
[01m[K/usr/local/include/pinocchio/parsers/urdf/model.hxx:234:14:[m[K   required from here
[01m[K/usr/include/boost/variant/variant.hpp:2356:41:[m[K [01;31m[Kerror: [m[Kusing invalid field ‘[01m[Kboost::variant<T0, TN>::storage_[m[K’
/usr/include/boost/variant/variant.hpp: In instantiation of ‘[01m[Ktypename Visitor::result_type boost::variant<T0, TN>::internal_apply_visitor(Visitor&) const [with Visitor = boost::detail::variant::invoke_visitor<const pinocchio::JointIdxVVisitor, false>; T0_ = pinocchio::JointModelRevoluteTpl<double, 0, 0>; TN = {pinocchio::JointModelRevoluteTpl<double, 0, 1>, pinocchio::JointModelRevoluteTpl<double, 0, 2>, pinocchio::JointModelFreeFlyerTpl<double, 0>, pinocchio::JointModelPlanarTpl<double, 0>, pinocchio::JointModelRevoluteUnalignedTpl<double, 0>, pinocchio::JointModelSphericalTpl<double, 0>, pinocchio::JointModelSphericalZYXTpl<double, 0>, pinocchio::JointModelEllipsoidTpl<double, 0>, pinocchio::JointModelPrismaticTpl<double, 0, 0>, pinocchio::JointModelPrismaticTpl<double, 0, 1>, pinocchio::JointModelPrismaticTpl<double, 0, 2>, pinocchio::JointModelPrismaticUnalignedTpl<double, 0>, pinocchio::JointModelTranslationTpl<double, 0>, pinocchio::JointModelRevoluteUnboundedTpl<double, 0, 0>, pinocchio::JointModelRevoluteUnboundedTpl<double, 0, 1>, pinocchio::JointModelRevoluteUnboundedTpl<double, 0, 2>, pinocchio::JointModelRevoluteUnboundedUnalignedTpl<double, 0>, pinocchio::JointModelHelicalTpl<double, 0, 0>, pinocchio::JointModelHelicalTpl<double, 0, 1>, pinocchio::JointModelHelicalTpl<double, 0, 2>, pinocchio::JointModelHelicalUnalignedTpl<double, 0>, pinocchio::JointModelUniversalTpl<double, 0>, boost::recursive_wrapper<pinocchio::JointModelCompositeTpl<double, 0, pinocchio::JointCollectionDefaultTpl> >, boost::recursive_wrapper<pinocchio::JointModelMimicTpl<double, 0, pinocchio::JointCollectionDefaultTpl> >}; typename Visitor::result_type = int][m[K’:
[01m[K/usr/include/boost/variant/variant.hpp:2401:52:[m[K   required from ‘[01m[Ktypename Visitor::result_type boost::variant<T0, TN>::apply_visitor(Visitor&) const & [with Visitor = const pinocchio::JointIdxVVisitor; T0_ = pinocchio::JointModelRevoluteTpl<double, 0, 0>; TN = {pinocchio::JointModelRevoluteTpl<double, 0, 1>, pinocchio::JointModelRevoluteTpl<double, 0, 2>, pinocchio::JointModelFreeFlyerTpl<double, 0>, pinocchio::JointModelPlanarTpl<double, 0>, pinocchio::JointModelRevoluteUnalignedTpl<double, 0>, pinocchio::JointModelSphericalTpl<double, 0>, pinocchio::JointModelSphericalZYXTpl<double, 0>, pinocchio::JointModelEllipsoidTpl<double, 0>, pinocchio::JointModelPrismaticTpl<double, 0, 0>, pinocchio::JointModelPrismaticTpl<double, 0, 1>, pinocchio::JointModelPrismaticTpl<double, 0, 2>, pinocchio::JointModelPrismaticUnalignedTpl<double, 0>, pinocchio::JointModelTranslationTpl<double, 0>, pinocchio::JointModelRevoluteUnboundedTpl<double, 0, 0>, pinocchio::JointModelRevoluteUnboundedTpl<double, 0, 1>, pinocchio::JointModelRevoluteUnboundedTpl<double, 0, 2>, pinocchio::JointModelRevoluteUnboundedUnalignedTpl<double, 0>, pinocchio::JointModelHelicalTpl<double, 0, 0>, pinocchio::JointModelHelicalTpl<double, 0, 1>, pinocchio::JointModelHelicalTpl<double, 0, 2>, pinocchio::JointModelHelicalUnalignedTpl<double, 0>, pinocchio::JointModelUniversalTpl<double, 0>, boost::recursive_wrapper<pinocchio::JointModelCompositeTpl<double, 0, pinocchio::JointCollectionDefaultTpl> >, boost::recursive_wrapper<pinocchio::JointModelMimicTpl<double, 0, pinocchio::JointCollectionDefaultTpl> >}; typename Visitor::result_type = int][m[K’
[01m[K/usr/include/boost/variant/detail/apply_visitor_unary.hpp:68:72:[m[K   required from ‘[01m[Ktypename Visitor::result_type boost::apply_visitor(const Visitor&, Visitable&&) [with Visitor = pinocchio::JointIdxVVisitor; Visitable = const pinocchio::JointModelTpl<double>&; typename Visitor::result_type = int][m[K’
[01m[K/usr/local/include/pinocchio/multibody/joint/joint-basic-visitors.hxx:384:34:[m[K   required from ‘[01m[Kstatic int pinocchio::JointIdxVVisitor::run(const pinocchio::JointModelTpl<Scalar, Options, JointCollectionTpl>&) [with Scalar = double; int Options = 0; JointCollectionTpl = pinocchio::JointCollectionDefaultTpl][m[K’
[01m[K/usr/local/include/pinocchio/multibody/joint/joint-basic-visitors.hxx:391:33:[m[K   required from ‘[01m[Kint pinocchio::idx_v(const pinocchio::JointModelTpl<Scalar, Options, JointCollectionTpl>&) [with Scalar = double; int Options = 0; JointCollectionTpl = pinocchio::JointCollectionDefaultTpl][m[K’
[01m[K/usr/local/include/pinocchio/multibody/joint/joint-generic.hpp:438:32:[m[K   required from ‘[01m[Kint pinocchio::JointModelTpl<Scalar, Options, JointCollectionTpl>::idx_v_impl() const [with _Scalar = double; int _Options = 0; JointCollectionTpl = pinocchio::JointCollectionDefaultTpl][m[K’
[01m[K/usr/local/include/pinocchio/multibody/joint/joint-model-base.hpp:177:35:[m[K   required from ‘[01m[Kint pinocchio::JointModelBase<Derived>::idx_v() const [with Derived = pinocchio::JointModelTpl<double>][m[K’
[01m[K/usr/local/include/pinocchio/multibody/model.hxx:106:15:[m[K   required from ‘[01m[Kpinocchio::ModelTpl<_Scalar, _Options, JointCollectionTpl>::JointIndex pinocchio::ModelTpl<_Scalar, _Options, JointCollectionTpl>::addJoint(pinocchio::ModelTpl<_Scalar, _Options, JointCollectionTpl>::JointIndex, const JointModel&, const SE3&, const string&, const VectorXs&, const VectorXs&, const VectorXs&, const VectorXs&, const VectorXs&, const VectorXs&) [with _Scalar = double; int _Options = 0; JointCollectionTpl = pinocchio::JointCollectionDefaultTpl; pinocchio::ModelTpl<_Scalar, _Options, JointCollectionTpl>::JointIndex = long unsigned int; pinocchio::ModelTpl<_Scalar, _Options, JointCollectionTpl>::JointModel = pinocchio::JointModelTpl<double>; pinocchio::ModelTpl<_Scalar, _Options, JointCollectionTpl>::SE3 = pinocchio::SE3Tpl<double, 0>; std::string = std::__cxx11::basic_string<char>; pinocchio::ModelTpl<_Scalar, _Options, JointCollectionTpl>::VectorXs = Eigen::Matrix<double, -1, 1>][m[K’
[01m[K/usr/local/include/pinocchio/parsers/urdf/model.hxx:256:22:[m[K   required from ‘[01m[Kvoid pinocchio::urdf::details::UrdfVisitor<Scalar, Options, JointCollectionTpl>::addJointAndBody(pinocchio::urdf::details::UrdfVisitor<Scalar, Options, JointCollectionTpl>::JointType, const Vector3&, const FrameIndex&, const SE3&, const string&, const Inertia&, const SE3&, const string&, const VectorConstRef&, const VectorConstRef&, const VectorConstRef&, const VectorConstRef&, const VectorConstRef&, const VectorConstRef&, const boost::optional<pinocchio::urdf::details::MimicInfo<_Scalar, Options> >&) [with Scalar = double; int Options = 0; JointCollectionTpl = pinocchio::JointCollectionDefaultTpl; pinocchio::urdf::details::UrdfVisitor<Scalar, Options, JointCollectionTpl>::JointType = pinocchio::urdf::details::UrdfVisitorBaseTpl<double, 0>::JointType; pinocchio::urdf::details::UrdfVisitor<Scalar, Options, JointCollectionTpl>::Vector3 = Eigen::Matrix<double, 3, 1>; pinocchio::FrameIndex = long unsigned int; pinocchio::urdf::details::UrdfVisitor<Scalar, Options, JointCollectionTpl>::SE3 = pinocchio::SE3Tpl<double, 0>; std::string = std::__cxx11::basic_string<char>; pinocchio::urdf::details::UrdfVisitor<Scalar, Options, JointCollectionTpl>::Inertia = pinocchio::InertiaTpl<double, 0>; pinocchio::urdf::details::UrdfVisitor<Scalar, Options, JointCollectionTpl>::VectorConstRef = Eigen::Ref<const Eigen::Matrix<double, -1, 1> >][m[K’
[01m[K/usr/local/include/pinocchio/parsers/urdf/model.hxx:234:14:[m[K   required from here
[01m[K/usr/include/boost/variant/variant.hpp:2356:41:[m[K [01;31m[Kerror: [m[Kusing invalid field ‘[01m[Kboost::variant<T0, TN>::storage_[m[K’
/usr/include/boost/variant/variant.hpp: In instantiation of ‘[01m[Ktypename Visitor::result_type boost::variant<T0, TN>::internal_apply_visitor(Visitor&) const [with Visitor = boost::detail::variant::invoke_visitor<const pinocchio::JointNvExtendedVisitor, false>; T0_ = pinocchio::JointModelRevoluteTpl<double, 0, 0>; TN = {pinocchio::JointModelRevoluteTpl<double, 0, 1>, pinocchio::JointModelRevoluteTpl<double, 0, 2>, pinocchio::JointModelFreeFlyerTpl<double, 0>, pinocchio::JointModelPlanarTpl<double, 0>, pinocchio::JointModelRevoluteUnalignedTpl<double, 0>, pinocchio::JointModelSphericalTpl<double, 0>, pinocchio::JointModelSphericalZYXTpl<double, 0>, pinocchio::JointModelEllipsoidTpl<double, 0>, pinocchio::JointModelPrismaticTpl<double, 0, 0>, pinocchio::JointModelPrismaticTpl<double, 0, 1>, pinocchio::JointModelPrismaticTpl<double, 0, 2>, pinocchio::JointModelPrismaticUnalignedTpl<double, 0>, pinocchio::JointModelTranslationTpl<double, 0>, pinocchio::JointModelRevoluteUnboundedTpl<double, 0, 0>, pinocchio::JointModelRevoluteUnboundedTpl<double, 0, 1>, pinocchio::JointModelRevoluteUnboundedTpl<double, 0, 2>, pinocchio::JointModelRevoluteUnboundedUnalignedTpl<double, 0>, pinocchio::JointModelHelicalTpl<double, 0, 0>, pinocchio::JointModelHelicalTpl<double, 0, 1>, pinocchio::JointModelHelicalTpl<double, 0, 2>, pinocchio::JointModelHelicalUnalignedTpl<double, 0>, pinocchio::JointModelUniversalTpl<double, 0>, boost::recursive_wrapper<pinocchio::JointModelCompositeTpl<double, 0, pinocchio::JointCollectionDefaultTpl> >, boost::recursive_wrapper<pinocchio::JointModelMimicTpl<double, 0, pinocchio::JointCollectionDefaultTpl> >}; typename Visitor::result_type = int][m[K’:
[01m[K/usr/include/boost/variant/variant.hpp:2401:52:[m[K   required from ‘[01m[Ktypename Visitor::result_type boost::variant<T0, TN>::apply_visitor(Visitor&) const & [with Visitor = const pinocchio::JointNvExtendedVisitor; T0_ = pinocchio::JointModelRevoluteTpl<double, 0, 0>; TN = {pinocchio::JointModelRevoluteTpl<double, 0, 1>, pinocchio::JointModelRevoluteTpl<double, 0, 2>, pinocchio::JointModelFreeFlyerTpl<double, 0>, pinocchio::JointModelPlanarTpl<double, 0>, pinocchio::JointModelRevoluteUnalignedTpl<double, 0>, pinocchio::JointModelSphericalTpl<double, 0>, pinocchio::JointModelSphericalZYXTpl<double, 0>, pinocchio::JointModelEllipsoidTpl<double, 0>, pinocchio::JointModelPrismaticTpl<double, 0, 0>, pinocchio::JointModelPrismaticTpl<double, 0, 1>, pinocchio::JointModelPrismaticTpl<double, 0, 2>, pinocchio::JointModelPrismaticUnalignedTpl<double, 0>, pinocchio::JointModelTranslationTpl<double, 0>, pinocchio::JointModelRevoluteUnboundedTpl<double, 0, 0>, pinocchio::JointModelRevoluteUnboundedTpl<double, 0, 1>, pinocchio::JointModelRevoluteUnboundedTpl<double, 0, 2>, pinocchio::JointModelRevoluteUnboundedUnalignedTpl<double, 0>, pinocchio::JointModelHelicalTpl<double, 0, 0>, pinocchio::JointModelHelicalTpl<double, 0, 1>, pinocchio::JointModelHelicalTpl<double, 0, 2>, pinocchio::JointModelHelicalUnalignedTpl<double, 0>, pinocchio::JointModelUniversalTpl<double, 0>, boost::recursive_wrapper<pinocchio::JointModelCompositeTpl<double, 0, pinocchio::JointCollectionDefaultTpl> >, boost::recursive_wrapper<pinocchio::JointModelMimicTpl<double, 0, pinocchio::JointCollectionDefaultTpl> >}; typename Visitor::result_type = int][m[K’
[01m[K/usr/include/boost/variant/detail/apply_visitor_unary.hpp:68:72:[m[K   required from ‘[01m[Ktypename Visitor::result_type boost::apply_visitor(const Visitor&, Visitable&&) [with Visitor = pinocchio::JointNvExtendedVisitor; Visitable = const pinocchio::JointModelTpl<double>&; typename Visitor::result_type = int][m[K’
[01m[K/usr/local/include/pinocchio/multibody/joint/joint-basic-visitors.hxx:284:34:[m[K   required from ‘[01m[Kstatic int pinocchio::JointNvExtendedVisitor::run(const pinocchio::JointModelTpl<Scalar, Options, JointCollectionTpl>&) [with Scalar = double; int Options = 0; JointCollectionTpl = pinocchio::JointCollectionDefaultTpl][m[K’
[01m[K/usr/local/include/pinocchio/multibody/joint/joint-basic-visitors.hxx:291:39:[m[K   required from ‘[01m[Kint pinocchio::nvExtended(const pinocchio::JointModelTpl<Scalar, Options, JointCollectionTpl>&) [with Scalar = double; int Options = 0; JointCollectionTpl = pinocchio::JointCollectionDefaultTpl][m[K’
[01m[K/usr/local/include/pinocchio/multibody/joint/joint-generic.hpp:429:37:[m[K   required from ‘[01m[Kint pinocchio::JointModelTpl<Scalar, Options, JointCollectionTpl>::nvExtended_impl() const [with _Scalar = double; int _Options = 0; JointCollectionTpl = pinocchio::JointCollectionDefaultTpl][m[K’
[01m[K/usr/local/include/pinocchio/multibody/joint/joint-model-base.hpp:154:40:[m[K   required from ‘[01m[Kint pinocchio::JointModelBase<Derived>::nvExtended() const [with Derived = pinocchio::JointModelTpl<double>][m[K’
[01m[K/usr/local/include/pinocchio/multibody/model.hxx:107:15:[m[K   required from ‘[01m[Kpinocchio::ModelTpl<_Scalar, _Options, JointCollectionTpl>::JointIndex pinocchio::ModelTpl<_Scalar, _Options, JointCollectionTpl>::addJoint(pinocchio::ModelTpl<_Scalar, _Options, JointCollectionTpl>::JointIndex, const JointModel&, const SE3&, const string&, const VectorXs&, const VectorXs&, const VectorXs&, const VectorXs&, const VectorXs&, const VectorXs&) [with _Scalar = double; int _Options = 0; JointCollectionTpl = pinocchio::JointCollectionDefaultTpl; pinocchio::ModelTpl<_Scalar, _Options, JointCollectionTpl>::JointIndex = long unsigned int; pinocchio::ModelTpl<_Scalar, _Options, JointCollectionTpl>::JointModel = pinocchio::JointModelTpl<double>; pinocchio::ModelTpl<_Scalar, _Options, JointCollectionTpl>::SE3 = pinocchio::SE3Tpl<double, 0>; std::string = std::__cxx11::basic_string<char>; pinocchio::ModelTpl<_Scalar, _Options, JointCollectionTpl>::VectorXs = Eigen::Matrix<double, -1, 1>][m[K’
[01m[K/usr/local/include/pinocchio/parsers/urdf/model.hxx:256:22:[m[K   required from ‘[01m[Kvoid pinocchio::urdf::details::UrdfVisitor<Scalar, Options, JointCollectionTpl>::addJointAndBody(pinocchio::urdf::details::UrdfVisitor<Scalar, Options, JointCollectionTpl>::JointType, const Vector3&, const FrameIndex&, const SE3&, const string&, const Inertia&, const SE3&, const string&, const VectorConstRef&, const VectorConstRef&, const VectorConstRef&, const VectorConstRef&, const VectorConstRef&, const VectorConstRef&, const boost::optional<pinocchio::urdf::details::MimicInfo<_Scalar, Options> >&) [with Scalar = double; int Options = 0; JointCollectionTpl = pinocchio::JointCollectionDefaultTpl; pinocchio::urdf::details::UrdfVisitor<Scalar, Options, JointCollectionTpl>::JointType = pinocchio::urdf::details::UrdfVisitorBaseTpl<double, 0>::JointType; pinocchio::urdf::details::UrdfVisitor<Scalar, Options, JointCollectionTpl>::Vector3 = Eigen::Matrix<double, 3, 1>; pinocchio::FrameIndex = long unsigned int; pinocchio::urdf::details::UrdfVisitor<Scalar, Options, JointCollectionTpl>::SE3 = pinocchio::SE3Tpl<double, 0>; std::string = std::__cxx11::basic_string<char>; pinocchio::urdf::details::UrdfVisitor<Scalar, Options, JointCollectionTpl>::Inertia = pinocchio::InertiaTpl<double, 0>; pinocchio::urdf::details::UrdfVisitor<Scalar, Options, JointCollectionTpl>::VectorConstRef = Eigen::Ref<const Eigen::Matrix<double, -1, 1> >][m[K’
[01m[K/usr/local/include/pinocchio/parsers/urdf/model.hxx:234:14:[m[K   required from here
[01m[K/usr/include/boost/variant/variant.hpp:2356:41:[m[K [01;31m[Kerror: [m[Kusing invalid field ‘[01m[Kboost::variant<T0, TN>::storage_[m[K’
/usr/include/boost/variant/variant.hpp: In instantiation of ‘[01m[Ktypename Visitor::result_type boost::variant<T0, TN>::internal_apply_visitor(Visitor&) const [with Visitor = boost::detail::variant::invoke_visitor<const pinocchio::JointIdxVExtendedVisitor, false>; T0_ = pinocchio::JointModelRevoluteTpl<double, 0, 0>; TN = {pinocchio::JointModelRevoluteTpl<double, 0, 1>, pinocchio::JointModelRevoluteTpl<double, 0, 2>, pinocchio::JointModelFreeFlyerTpl<double, 0>, pinocchio::JointModelPlanarTpl<double, 0>, pinocchio::JointModelRevoluteUnalignedTpl<double, 0>, pinocchio::JointModelSphericalTpl<double, 0>, pinocchio::JointModelSphericalZYXTpl<double, 0>, pinocchio::JointModelEllipsoidTpl<double, 0>, pinocchio::JointModelPrismaticTpl<double, 0, 0>, pinocchio::JointModelPrismaticTpl<double, 0, 1>, pinocchio::JointModelPrismaticTpl<double, 0, 2>, pinocchio::JointModelPrismaticUnalignedTpl<double, 0>, pinocchio::JointModelTranslationTpl<double, 0>, pinocchio::JointModelRevoluteUnboundedTpl<double, 0, 0>, pinocchio::JointModelRevoluteUnboundedTpl<double, 0, 1>, pinocchio::JointModelRevoluteUnboundedTpl<double, 0, 2>, pinocchio::JointModelRevoluteUnboundedUnalignedTpl<double, 0>, pinocchio::JointModelHelicalTpl<double, 0, 0>, pinocchio::JointModelHelicalTpl<double, 0, 1>, pinocchio::JointModelHelicalTpl<double, 0, 2>, pinocchio::JointModelHelicalUnalignedTpl<double, 0>, pinocchio::JointModelUniversalTpl<double, 0>, boost::recursive_wrapper<pinocchio::JointModelCompositeTpl<double, 0, pinocchio::JointCollectionDefaultTpl> >, boost::recursive_wrapper<pinocchio::JointModelMimicTpl<double, 0, pinocchio::JointCollectionDefaultTpl> >}; typename Visitor::result_type = int][m[K’:
[01m[K/usr/include/boost/variant/variant.hpp:2401:52:[m[K   required from ‘[01m[Ktypename Visitor::result_type boost::variant<T0, TN>::apply_visitor(Visitor&) const & [with Visitor = const pinocchio::JointIdxVExtendedVisitor; T0_ = pinocchio::JointModelRevoluteTpl<double, 0, 0>; TN = {pinocchio::JointModelRevoluteTpl<double, 0, 1>, pinocchio::JointModelRevoluteTpl<double, 0, 2>, pinocchio::JointModelFreeFlyerTpl<double, 0>, pinocchio::JointModelPlanarTpl<double, 0>, pinocchio::JointModelRevoluteUnalignedTpl<double, 0>, pinocchio::JointModelSphericalTpl<double, 0>, pinocchio::JointModelSphericalZYXTpl<double, 0>, pinocchio::JointModelEllipsoidTpl<double, 0>, pinocchio::JointModelPrismaticTpl<double, 0, 0>, pinocchio::JointModelPrismaticTpl<double, 0, 1>, pinocchio::JointModelPrismaticTpl<double, 0, 2>, pinocchio::JointModelPrismaticUnalignedTpl<double, 0>, pinocchio::JointModelTranslationTpl<double, 0>, pinocchio::JointModelRevoluteUnboundedTpl<double, 0, 0>, pinocchio::JointModelRevoluteUnboundedTpl<double, 0, 1>, pinocchio::JointModelRevoluteUnboundedTpl<double, 0, 2>, pinocchio::JointModelRevoluteUnboundedUnalignedTpl<double, 0>, pinocchio::JointModelHelicalTpl<double, 0, 0>, pinocchio::JointModelHelicalTpl<double, 0, 1>, pinocchio::JointModelHelicalTpl<double, 0, 2>, pinocchio::JointModelHelicalUnalignedTpl<double, 0>, pinocchio::JointModelUniversalTpl<double, 0>, boost::recursive_wrapper<pinocchio::JointModelCompositeTpl<double, 0, pinocchio::JointCollectionDefaultTpl> >, boost::recursive_wrapper<pinocchio::JointModelMimicTpl<double, 0, pinocchio::JointCollectionDefaultTpl> >}; typename Visitor::result_type = int][m[K’
[01m[K/usr/include/boost/variant/detail/apply_visitor_unary.hpp:68:72:[m[K   required from ‘[01m[Ktypename Visitor::result_type boost::apply_visitor(const Visitor&, Visitable&&) [with Visitor = pinocchio::JointIdxVExtendedVisitor; Visitable = const pinocchio::JointModelTpl<double>&; typename Visitor::result_type = int][m[K’
[01m[K/usr/local/include/pinocchio/multibody/joint/joint-basic-visitors.hxx:408:34:[m[K   required from ‘[01m[Kstatic int pinocchio::JointIdxVExtendedVisitor::run(const pinocchio::JointModelTpl<Scalar, Options, JointCollectionTpl>&) [with Scalar = double; int Options = 0; JointCollectionTpl = pinocchio::JointCollectionDefaultTpl][m[K’
[01m[K/usr/local/include/pinocchio/multibody/joint/joint-basic-visitors.hxx:415:41:[m[K   required from ‘[01m[Kint pinocchio::idx_vExtended(const pinocchio::JointModelTpl<Scalar, Options, JointCollectionTpl>&) [with Scalar = double; int Options = 0; JointCollectionTpl = pinocchio::JointCollectionDefaultTpl][m[K’
[01m[K/usr/local/include/pinocchio/multibody/joint/joint-generic.hpp:442:40:[m[K   required from ‘[01m[Kint pinocchio::JointModelTpl<Scalar, Options, JointCollectionTpl>::idx_vExtended_impl() const [with _Scalar = double; int _Options = 0; JointCollectionTpl = pinocchio::JointCollectionDefaultTpl][m[K’
[01m[K/usr/local/include/pinocchio/multibody/joint/joint-model-base.hpp:181:43:[m[K   required from ‘[01m[Kint pinocchio::JointModelBase<Derived>::idx_vExtended() const [with Derived = pinocchio::JointModelTpl<double>][m[K’
[01m[K/usr/local/include/pinocchio/multibody/model.hxx:108:15:[m[K   required from ‘[01m[Kpinocchio::ModelTpl<_Scalar, _Options, JointCollectionTpl>::JointIndex pinocchio::ModelTpl<_Scalar, _Options, JointCollectionTpl>::addJoint(pinocchio::ModelTpl<_Scalar, _Options, JointCollectionTpl>::JointIndex, const JointModel&, const SE3&, const string&, const VectorXs&, const VectorXs&, const VectorXs&, const VectorXs&, const VectorXs&, const VectorXs&) [with _Scalar = double; int _Options = 0; JointCollectionTpl = pinocchio::JointCollectionDefaultTpl; pinocchio::ModelTpl<_Scalar, _Options, JointCollectionTpl>::JointIndex = long unsigned int; pinocchio::ModelTpl<_Scalar, _Options, JointCollectionTpl>::JointModel = pinocchio::JointModelTpl<double>; pinocchio::ModelTpl<_Scalar, _Options, JointCollectionTpl>::SE3 = pinocchio::SE3Tpl<double, 0>; std::string = std::__cxx11::basic_string<char>; pinocchio::ModelTpl<_Scalar, _Options, JointCollectionTpl>::VectorXs = Eigen::Matrix<double, -1, 1>][m[K’
[01m[K/usr/local/include/pinocchio/parsers/urdf/model.hxx:256:22:[m[K   required from ‘[01m[Kvoid pinocchio::urdf::details::UrdfVisitor<Scalar, Options, JointCollectionTpl>::addJointAndBody(pinocchio::urdf::details::UrdfVisitor<Scalar, Options, JointCollectionTpl>::JointType, const Vector3&, const FrameIndex&, const SE3&, const string&, const Inertia&, const SE3&, const string&, const VectorConstRef&, const VectorConstRef&, const VectorConstRef&, const VectorConstRef&, const VectorConstRef&, const VectorConstRef&, const boost::optional<pinocchio::urdf::details::MimicInfo<_Scalar, Options> >&) [with Scalar = double; int Options = 0; JointCollectionTpl = pinocchio::JointCollectionDefaultTpl; pinocchio::urdf::details::UrdfVisitor<Scalar, Options, JointCollectionTpl>::JointType = pinocchio::urdf::details::UrdfVisitorBaseTpl<double, 0>::JointType; pinocchio::urdf::details::UrdfVisitor<Scalar, Options, JointCollectionTpl>::Vector3 = Eigen::Matrix<double, 3, 1>; pinocchio::FrameIndex = long unsigned int; pinocchio::urdf::details::UrdfVisitor<Scalar, Options, JointCollectionTpl>::SE3 = pinocchio::SE3Tpl<double, 0>; std::string = std::__cxx11::basic_string<char>; pinocchio::urdf::details::UrdfVisitor<Scalar, Options, JointCollectionTpl>::Inertia = pinocchio::InertiaTpl<double, 0>; pinocchio::urdf::details::UrdfVisitor<Scalar, Options, JointCollectionTpl>::VectorConstRef = Eigen::Ref<const Eigen::Matrix<double, -1, 1> >][m[K’
[01m[K/usr/local/include/pinocchio/parsers/urdf/model.hxx:234:14:[m[K   required from here
[01m[K/usr/include/boost/variant/variant.hpp:2356:41:[m[K [01;31m[Kerror: [m[Kusing invalid field ‘[01m[Kboost::variant<T0, TN>::storage_[m[K’
/usr/include/boost/variant/variant.hpp: In instantiation of ‘[01m[Ktypename Visitor::result_type boost::variant<T0, TN>::internal_apply_visitor(Visitor&) const [with Visitor = boost::detail::variant::invoke_visitor<const pinocchio::JointIdVisitor, false>; T0_ = pinocchio::JointModelRevoluteTpl<double, 0, 0>; TN = {pinocchio::JointModelRevoluteTpl<double, 0, 1>, pinocchio::JointModelRevoluteTpl<double, 0, 2>, pinocchio::JointModelFreeFlyerTpl<double, 0>, pinocchio::JointModelPlanarTpl<double, 0>, pinocchio::JointModelRevoluteUnalignedTpl<double, 0>, pinocchio::JointModelSphericalTpl<double, 0>, pinocchio::JointModelSphericalZYXTpl<double, 0>, pinocchio::JointModelEllipsoidTpl<double, 0>, pinocchio::JointModelPrismaticTpl<double, 0, 0>, pinocchio::JointModelPrismaticTpl<double, 0, 1>, pinocchio::JointModelPrismaticTpl<double, 0, 2>, pinocchio::JointModelPrismaticUnalignedTpl<double, 0>, pinocchio::JointModelTranslationTpl<double, 0>, pinocchio::JointModelRevoluteUnboundedTpl<double, 0, 0>, pinocchio::JointModelRevoluteUnboundedTpl<double, 0, 1>, pinocchio::JointModelRevoluteUnboundedTpl<double, 0, 2>, pinocchio::JointModelRevoluteUnboundedUnalignedTpl<double, 0>, pinocchio::JointModelHelicalTpl<double, 0, 0>, pinocchio::JointModelHelicalTpl<double, 0, 1>, pinocchio::JointModelHelicalTpl<double, 0, 2>, pinocchio::JointModelHelicalUnalignedTpl<double, 0>, pinocchio::JointModelUniversalTpl<double, 0>, boost::recursive_wrapper<pinocchio::JointModelCompositeTpl<double, 0, pinocchio::JointCollectionDefaultTpl> >, boost::recursive_wrapper<pinocchio::JointModelMimicTpl<double, 0, pinocchio::JointCollectionDefaultTpl> >}; typename Visitor::result_type = long unsigned int][m[K’:
[01m[K/usr/include/boost/variant/variant.hpp:2401:52:[m[K   required from ‘[01m[Ktypename Visitor::result_type boost::variant<T0, TN>::apply_visitor(Visitor&) const & [with Visitor = const pinocchio::JointIdVisitor; T0_ = pinocchio::JointModelRevoluteTpl<double, 0, 0>; TN = {pinocchio::JointModelRevoluteTpl<double, 0, 1>, pinocchio::JointModelRevoluteTpl<double, 0, 2>, pinocchio::JointModelFreeFlyerTpl<double, 0>, pinocchio::JointModelPlanarTpl<double, 0>, pinocchio::JointModelRevoluteUnalignedTpl<double, 0>, pinocchio::JointModelSphericalTpl<double, 0>, pinocchio::JointModelSphericalZYXTpl<double, 0>, pinocchio::JointModelEllipsoidTpl<double, 0>, pinocchio::JointModelPrismaticTpl<double, 0, 0>, pinocchio::JointModelPrismaticTpl<double, 0, 1>, pinocchio::JointModelPrismaticTpl<double, 0, 2>, pinocchio::JointModelPrismaticUnalignedTpl<double, 0>, pinocchio::JointModelTranslationTpl<double, 0>, pinocchio::JointModelRevoluteUnboundedTpl<double, 0, 0>, pinocchio::JointModelRevoluteUnboundedTpl<double, 0, 1>, pinocchio::JointModelRevoluteUnboundedTpl<double, 0, 2>, pinocchio::JointModelRevoluteUnboundedUnalignedTpl<double, 0>, pinocchio::JointModelHelicalTpl<double, 0, 0>, pinocchio::JointModelHelicalTpl<double, 0, 1>, pinocchio::JointModelHelicalTpl<double, 0, 2>, pinocchio::JointModelHelicalUnalignedTpl<double, 0>, pinocchio::JointModelUniversalTpl<double, 0>, boost::recursive_wrapper<pinocchio::JointModelCompositeTpl<double, 0, pinocchio::JointCollectionDefaultTpl> >, boost::recursive_wrapper<pinocchio::JointModelMimicTpl<double, 0, pinocchio::JointCollectionDefaultTpl> >}; typename Visitor::result_type = long unsigned int][m[K’
[01m[K/usr/include/boost/variant/detail/apply_visitor_unary.hpp:68:72:[m[K   required from ‘[01m[Ktypename Visitor::result_type boost::apply_visitor(const Visitor&, Visitable&&) [with Visitor = pinocchio::JointIdVisitor; Visitable = const pinocchio::JointModelTpl<double>&; typename Visitor::result_type = long unsigned int][m[K’
[01m[K/usr/local/include/pinocchio/multibody/joint/joint-basic-visitors.hxx:432:34:[m[K   required from ‘[01m[Kstatic pinocchio::JointIndex pinocchio::JointIdVisitor::run(const pinocchio::JointModelTpl<Scalar, Options, JointCollectionTpl>&) [with Scalar = double; int Options = 0; JointCollectionTpl = pinocchio::JointCollectionDefaultTpl; pinocchio::JointIndex = long unsigned int][m[K’
[01m[K/usr/local/include/pinocchio/multibody/joint/joint-basic-visitors.hxx:439:31:[m[K   required from ‘[01m[Kpinocchio::JointIndex pinocchio::id(const pinocchio::JointModelTpl<Scalar, Options, JointCollectionTpl>&) [with Scalar = double; int Options = 0; JointCollectionTpl = pinocchio::JointCollectionDefaultTpl; pinocchio::JointIndex = long unsigned int][m[K’
[01m[K/usr/local/include/pinocchio/multibody/joint/joint-generic.hpp:447:29:[m[K   required from ‘[01m[Kpinocchio::JointIndex pinocchio::JointModelTpl<Scalar, Options, JointCollectionTpl>::id_impl() const [with _Scalar = double; int _Options = 0; JointCollectionTpl = pinocchio::JointCollectionDefaultTpl; pinocchio::JointIndex = long unsigned int][m[K’
[01m[K/usr/local/include/pinocchio/multibody/joint/joint-model-base.hpp:185:32:[m[K   required from ‘[01m[Kpinocchio::JointIndex pinocchio::JointModelBase<Derived>::id() const [with Derived = pinocchio::JointModelTpl<double>; pinocchio::JointIndex = long unsigned int][m[K’
[01m[K/usr/local/include/pinocchio/multibody/model.hxx:163:7:[m[K   required from ‘[01m[Kpinocchio::ModelTpl<_Scalar, _Options, JointCollectionTpl>::JointIndex pinocchio::ModelTpl<_Scalar, _Options, JointCollectionTpl>::addJoint(pinocchio::ModelTpl<_Scalar, _Options, JointCollectionTpl>::JointIndex, const JointModel&, const SE3&, const string&, const VectorXs&, const VectorXs&, const VectorXs&, const VectorXs&, const VectorXs&, const VectorXs&) [with _Scalar = double; int _Options = 0; JointCollectionTpl = pinocchio::JointCollectionDefaultTpl; pinocchio::ModelTpl<_Scalar, _Options, JointCollectionTpl>::JointIndex = long unsigned int; pinocchio::ModelTpl<_Scalar, _Options, JointCollectionTpl>::JointModel = pinocchio::JointModelTpl<double>; pinocchio::ModelTpl<_Scalar, _Options, JointCollectionTpl>::SE3 = pinocchio::SE3Tpl<double, 0>; std::string = std::__cxx11::basic_string<char>; pinocchio::ModelTpl<_Scalar, _Options, JointCollectionTpl>::VectorXs = Eigen::Matrix<double, -1, 1>][m[K’
[01m[K/usr/local/include/pinocchio/parsers/urdf/model.hxx:256:22:[m[K   required from ‘[01m[Kvoid pinocchio::urdf::details::UrdfVisitor<Scalar, Options, JointCollectionTpl>::addJointAndBody(pinocchio::urdf::details::UrdfVisitor<Scalar, Options, JointCollectionTpl>::JointType, const Vector3&, const FrameIndex&, const SE3&, const string&, const Inertia&, const SE3&, const string&, const VectorConstRef&, const VectorConstRef&, const VectorConstRef&, const VectorConstRef&, const VectorConstRef&, const VectorConstRef&, const boost::optional<pinocchio::urdf::details::MimicInfo<_Scalar, Options> >&) [with Scalar = double; int Options = 0; JointCollectionTpl = pinocchio::JointCollectionDefaultTpl; pinocchio::urdf::details::UrdfVisitor<Scalar, Options, JointCollectionTpl>::JointType = pinocchio::urdf::details::UrdfVisitorBaseTpl<double, 0>::JointType; pinocchio::urdf::details::UrdfVisitor<Scalar, Options, JointCollectionTpl>::Vector3 = Eigen::Matrix<double, 3, 1>; pinocchio::FrameIndex = long unsigned int; pinocchio::urdf::details::UrdfVisitor<Scalar, Options, JointCollectionTpl>::SE3 = pinocchio::SE3Tpl<double, 0>; std::string = std::__cxx11::basic_string<char>; pinocchio::urdf::details::UrdfVisitor<Scalar, Options, JointCollectionTpl>::Inertia = pinocchio::InertiaTpl<double, 0>; pinocchio::urdf::details::UrdfVisitor<Scalar, Options, JointCollectionTpl>::VectorConstRef = Eigen::Ref<const Eigen::Matrix<double, -1, 1> >][m[K’
[01m[K/usr/local/include/pinocchio/parsers/urdf/model.hxx:234:14:[m[K   required from here
[01m[K/usr/include/boost/variant/variant.hpp:2356:41:[m[K [01;31m[Kerror: [m[Kusing invalid field ‘[01m[Kboost::variant<T0, TN>::storage_[m[K’
make[2]: *** [include/Tools/CMakeFiles/Tools.dir/build.make:121: include/Tools/CMakeFiles/Tools.dir/TaskSpacePDControl.cpp.o] Error 1
make[1]: *** [CMakeFiles/Makefile2:3113: include/Tools/CMakeFiles/Tools.dir/all] Error 2
make: *** [Makefile:146: all] Error 2
